source1_entity_id	matched_entity_ids
S1-TR000001	S2-TR000001
S1-TR000002	
S1-TR000003	
S1-TR000004	S3-TR000001
S1-TR000005	
S1-TR000006	S3-TR000002
S1-TR000007	S3-TR000003
S1-TR000008	S3-TR000004
S1-TR000009	
S1-TR000010	S2-TR000002
S1-TR000011	
S1-TR000012	S2-TR000003
S1-TR000013	S2-TR000004,S3-TR000005
S1-TR000014	S3-TR000006
S1-TR000015	S3-TR000007
S1-TR000016	S2-TR000005,S3-TR000008
S1-TR000017	S2-TR000006,S3-TR000009
S1-TR000018	S3-TR000010
S1-TR000019	S3-TR000011
S1-TR000020	S2-TR000007
S1-TR000021	S3-TR000012
S1-TR000022	S2-TR000008
S1-TR000023	S2-TR000009,S3-TR000013
S1-TR000024	
S1-TR000025	
S1-TR000026	S3-TR000014
S1-TR000027	S3-TR000015
S1-TR000028	S3-TR000016
S1-TR000029	S3-TR000017
S1-TR000030	S3-TR000018
S1-TR000031	
S1-TR000032	S2-TR000010,S3-TR000019
S1-TR000033	S3-TR000020
S1-TR000034	S2-TR000011
S1-TR000035	S3-TR000021
S1-TR000036	S2-TR000012
S1-TR000037	S2-TR000013
S1-TR000038	
S1-TR000039	S2-TR000014,S3-TR000022
S1-TR000040	S2-TR000015
S1-TR000041	S3-TR000023
S1-TR000042	S3-TR000024
S1-TR000043	S3-TR000025
S1-TR000044	S2-TR000016
S1-TR000045	S2-TR000017
S1-TR000046	
S1-TR000047	
S1-TR000048	
S1-TR000049	S3-TR000026
S1-TR000050	S3-TR000027
S1-TR000051	S2-TR000018,S3-TR000028
S1-TR000052	S2-TR000019
S1-TR000053	S3-TR000029
S1-TR000054	S2-TR000020,S3-TR000030
S1-TR000055	S2-TR000021
S1-TR000056	S2-TR000022,S3-TR000031
S1-TR000057	S3-TR000032
S1-TR000058	S2-TR000023,S3-TR000033
S1-TR000059	S2-TR000024
S1-TR000060	S3-TR000034
S1-TR000061	S3-TR000035
S1-TR000062	
S1-TR000063	S2-TR000025
S1-TR000064	
S1-TR000065	S3-TR000036
S1-TR000066	S2-TR000026,S3-TR000037
S1-TR000067	S2-TR000027
S1-TR000068	S3-TR000038
S1-TR000069	S3-TR000039
S1-TR000070	S3-TR000040
S1-TR000071	S3-TR000041
S1-TR000072	S2-TR000028,S3-TR000042
S1-TR000073	S3-TR000043
S1-TR000074	S2-TR000029,S3-TR000044
S1-TR000075	S2-TR000030,S3-TR000045
S1-TR000076	S2-TR000031
S1-TR000077	
S1-TR000078	S2-TR000032,S3-TR000046
S1-TR000079	S2-TR000033
S1-TR000080	S2-TR000034
S1-TR000081	
S1-TR000082	S2-TR000035
S1-TR000083	S2-TR000036,S3-TR000047
S1-TR000084	S2-TR000037
S1-TR000085	
S1-TR000086	S3-TR000048
S1-TR000087	S3-TR000049
S1-TR000088	S2-TR000038
S1-TR000089	S2-TR000039,S3-TR000050
S1-TR000090	S2-TR000040,S3-TR000051
S1-TR000091	
S1-TR000092	S2-TR000041
S1-TR000093	S3-TR000052
S1-TR000094	S2-TR000042,S3-TR000053
S1-TR000095	S2-TR000043
S1-TR000096	S3-TR000054
S1-TR000097	S2-TR000044,S3-TR000055
S1-TR000098	S2-TR000045,S3-TR000056
S1-TR000099	S2-TR000046
S1-TR000100	S2-TR000047,S3-TR000057
S1-TR000101	
S1-TR000102	S2-TR000048,S3-TR000058
S1-TR000103	S2-TR000049,S3-TR000059
S1-TR000104	S3-TR000060
S1-TR000105	S2-TR000050
S1-TR000106	S3-TR000061
S1-TR000107	S3-TR000062
S1-TR000108	S3-TR000063
S1-TR000109	S3-TR000064
S1-TR000110	
S1-TR000111	
S1-TR000112	S3-TR000065
S1-TR000113	S2-TR000051,S3-TR000066
S1-TR000114	
S1-TR000115	
S1-TR000116	S2-TR000052,S3-TR000067
S1-TR000117	S2-TR000053
S1-TR000118	S2-TR000054
S1-TR000119	S3-TR000068
S1-TR000120	S3-TR000069
S1-TR000121	S3-TR000070
S1-TR000122	S3-TR000071
S1-TR000123	S2-TR000055
S1-TR000124	S2-TR000056,S3-TR000072
S1-TR000125	S2-TR000057
S1-TR000126	S3-TR000073
S1-TR000127	S3-TR000074
S1-TR000128	S2-TR000058
S1-TR000129	S2-TR000059,S3-TR000075
S1-TR000130	S2-TR000060
S1-TR000131	S2-TR000061,S3-TR000076
S1-TR000132	S2-TR000062
S1-TR000133	
S1-TR000134	S2-TR000063
S1-TR000135	S2-TR000064,S3-TR000077
S1-TR000136	S2-TR000065,S3-TR000078
S1-TR000137	S2-TR000066
S1-TR000138	S2-TR000067
S1-TR000139	
S1-TR000140	S2-TR000068,S3-TR000079
S1-TR000141	S3-TR000080
S1-TR000142	S2-TR000069,S3-TR000081
S1-TR000143	S3-TR000082
S1-TR000144	S3-TR000083
S1-TR000145	S3-TR000084
S1-TR000146	
S1-TR000147	S3-TR000085
S1-TR000148	S2-TR000070,S3-TR000086
S1-TR000149	S2-TR000071,S3-TR000087
S1-TR000150	S2-TR000072,S3-TR000088
S1-TR000151	S3-TR000089
S1-TR000152	S2-TR000073
S1-TR000153	S2-TR000074
S1-TR000154	S3-TR000090
S1-TR000155	S2-TR000075,S3-TR000091
S1-TR000156	S2-TR000076
S1-TR000157	S2-TR000077
S1-TR000158	S3-TR000092
S1-TR000159	S2-TR000078
S1-TR000160	
S1-TR000161	S2-TR000079
S1-TR000162	S3-TR000093
S1-TR000163	S2-TR000080
S1-TR000164	S2-TR000081
S1-TR000165	S2-TR000082,S3-TR000094
S1-TR000166	S2-TR000083
S1-TR000167	
S1-TR000168	S3-TR000095
S1-TR000169	S2-TR000084
S1-TR000170	S3-TR000096
S1-TR000171	S2-TR000085
S1-TR000172	
S1-TR000173	
S1-TR000174	
S1-TR000175	S3-TR000097
S1-TR000176	
S1-TR000177	
S1-TR000178	S2-TR000086
S1-TR000179	S3-TR000098
S1-TR000180	S2-TR000087
S1-TR000181	
S1-TR000182	S2-TR000088
S1-TR000183	S2-TR000089
S1-TR000184	S2-TR000090,S3-TR000099
S1-TR000185	S3-TR000100
S1-TR000186	S2-TR000091
S1-TR000187	
S1-TR000188	
S1-TR000189	S3-TR000101
S1-TR000190	S2-TR000092
S1-TR000191	S2-TR000093,S3-TR000102
S1-TR000192	S3-TR000103
S1-TR000193	
S1-TR000194	S2-TR000094,S3-TR000104
S1-TR000195	S3-TR000105
S1-TR000196	S2-TR000095
S1-TR000197	S3-TR000106
S1-TR000198	S2-TR000096,S3-TR000107
S1-TR000199	S2-TR000097,S3-TR000108
S1-TR000200	
S1-TR000201	S3-TR000109
S1-TR000202	S2-TR000098
S1-TR000203	
S1-TR000204	S2-TR000099
S1-TR000205	S2-TR000100
S1-TR000206	S3-TR000110
S1-TR000207	S2-TR000101
S1-TR000208	S3-TR000111
S1-TR000209	S2-TR000102
S1-TR000210	S2-TR000103,S3-TR000112
S1-TR000211	S2-TR000104,S3-TR000113
S1-TR000212	
S1-TR000213	S2-TR000105,S3-TR000114
S1-TR000214	S2-TR000106,S3-TR000115
S1-TR000215	S2-TR000107
S1-TR000216	S3-TR000116
S1-TR000217	S3-TR000117
S1-TR000218	S2-TR000108,S3-TR000118
S1-TR000219	S2-TR000109
S1-TR000220	S2-TR000110
S1-TR000221	S2-TR000111
S1-TR000222	S3-TR000119
S1-TR000223	S2-TR000112
S1-TR000224	S2-TR000113,S3-TR000120
S1-TR000225	S3-TR000121
S1-TR000226	S3-TR000122
S1-TR000227	S2-TR000114
S1-TR000228	S2-TR000115,S3-TR000123
S1-TR000229	S3-TR000124
S1-TR000230	
S1-TR000231	S2-TR000116,S3-TR000125
S1-TR000232	S2-TR000117,S3-TR000126
S1-TR000233	
S1-TR000234	S3-TR000127
S1-TR000235	
S1-TR000236	S2-TR000118
S1-TR000237	S2-TR000119,S3-TR000128
S1-TR000238	S2-TR000120
S1-TR000239	S2-TR000121
S1-TR000240	S2-TR000122
S1-TR000241	S3-TR000129
S1-TR000242	S2-TR000123
S1-TR000243	S2-TR000124,S3-TR000130
S1-TR000244	S3-TR000131
S1-TR000245	S2-TR000125,S3-TR000132
S1-TR000246	
S1-TR000247	S3-TR000133
S1-TR000248	S3-TR000134
S1-TR000249	S2-TR000126,S3-TR000135
S1-TR000250	S2-TR000127,S3-TR000136
S1-TR000251	S2-TR000128,S3-TR000137
S1-TR000252	S2-TR000129,S3-TR000138
S1-TR000253	S2-TR000130,S3-TR000139
S1-TR000254	S2-TR000131,S3-TR000140
S1-TR000255	S3-TR000141
S1-TR000256	S2-TR000132
S1-TR000257	S2-TR000133
S1-TR000258	
S1-TR000259	
S1-TR000260	
S1-TR000261	S2-TR000134,S3-TR000142
S1-TR000262	S3-TR000143
S1-TR000263	S3-TR000144
S1-TR000264	S3-TR000145
S1-TR000265	
S1-TR000266	S2-TR000135
S1-TR000267	
S1-TR000268	S3-TR000146
S1-TR000269	S2-TR000136
S1-TR000270	S2-TR000137,S3-TR000147
S1-TR000271	S3-TR000148
S1-TR000272	S2-TR000138
S1-TR000273	S2-TR000139,S3-TR000149
S1-TR000274	S2-TR000140,S3-TR000150
S1-TR000275	S3-TR000151
S1-TR000276	
S1-TR000277	
S1-TR000278	S2-TR000141,S3-TR000152
S1-TR000279	S2-TR000142
S1-TR000280	S2-TR000143
S1-TR000281	
S1-TR000282	S3-TR000153
S1-TR000283	S2-TR000144,S3-TR000154
S1-TR000284	S2-TR000145,S3-TR000155
S1-TR000285	S2-TR000146,S3-TR000156
S1-TR000286	S3-TR000157
S1-TR000287	S3-TR000158
S1-TR000288	
S1-TR000289	S3-TR000159
S1-TR000290	S2-TR000147
S1-TR000291	S2-TR000148
S1-TR000292	S2-TR000149
S1-TR000293	S2-TR000150,S3-TR000160
S1-TR000294	
S1-TR000295	S2-TR000151,S3-TR000161
S1-TR000296	S2-TR000152,S3-TR000162
S1-TR000297	S3-TR000163
S1-TR000298	S2-TR000153
S1-TR000299	
S1-TR000300	S2-TR000154
S1-TR000301	S3-TR000164
S1-TR000302	S3-TR000165
S1-TR000303	S2-TR000155
S1-TR000304	S2-TR000156
S1-TR000305	
S1-TR000306	S2-TR000157
S1-TR000307	S3-TR000166
S1-TR000308	
S1-TR000309	S2-TR000158,S3-TR000167
S1-TR000310	S3-TR000168
S1-TR000311	S2-TR000159,S3-TR000169
S1-TR000312	S2-TR000160
S1-TR000313	S2-TR000161,S3-TR000170
S1-TR000314	S2-TR000162,S3-TR000171
S1-TR000315	
S1-TR000316	S2-TR000163
S1-TR000317	
S1-TR000318	S2-TR000164,S3-TR000172
S1-TR000319	S3-TR000173
S1-TR000320	
S1-TR000321	
S1-TR000322	S3-TR000174
S1-TR000323	S2-TR000165,S3-TR000175
S1-TR000324	S2-TR000166
S1-TR000325	S2-TR000167
S1-TR000326	S2-TR000168
S1-TR000327	S2-TR000169,S3-TR000176
S1-TR000328	S3-TR000177
S1-TR000329	S2-TR000170,S3-TR000178
S1-TR000330	S3-TR000179
S1-TR000331	S2-TR000171,S3-TR000180
S1-TR000332	S2-TR000172
S1-TR000333	S2-TR000173
S1-TR000334	
S1-TR000335	S2-TR000174,S3-TR000181
S1-TR000336	S2-TR000175
S1-TR000337	S3-TR000182
S1-TR000338	S3-TR000183
S1-TR000339	S2-TR000176,S3-TR000184
S1-TR000340	S2-TR000177
S1-TR000341	
S1-TR000342	S2-TR000178
S1-TR000343	
S1-TR000344	S2-TR000179
S1-TR000345	S2-TR000180
S1-TR000346	S2-TR000181,S3-TR000185
S1-TR000347	
S1-TR000348	S3-TR000186
S1-TR000349	S3-TR000187
S1-TR000350	S2-TR000182
S1-TR000351	
S1-TR000352	S3-TR000188
S1-TR000353	S3-TR000189
S1-TR000354	S2-TR000183,S3-TR000190
S1-TR000355	S2-TR000184,S3-TR000191
S1-TR000356	S2-TR000185,S3-TR000192
S1-TR000357	
S1-TR000358	S3-TR000193
S1-TR000359	S2-TR000186
S1-TR000360	S3-TR000194
S1-TR000361	S3-TR000195
S1-TR000362	S3-TR000196
S1-TR000363	S2-TR000187,S3-TR000197
S1-TR000364	
S1-TR000365	S3-TR000198
S1-TR000366	S3-TR000199
S1-TR000367	S3-TR000200
S1-TR000368	
S1-TR000369	S2-TR000188,S3-TR000201
S1-TR000370	S2-TR000189
S1-TR000371	S2-TR000190,S3-TR000202
S1-TR000372	S3-TR000203
S1-TR000373	S2-TR000191
S1-TR000374	
S1-TR000375	S2-TR000192,S3-TR000204
S1-TR000376	S2-TR000193
S1-TR000377	S3-TR000205
S1-TR000378	S2-TR000194
S1-TR000379	S2-TR000195
S1-TR000380	S3-TR000206
S1-TR000381	S3-TR000207
S1-TR000382	S2-TR000196,S3-TR000208
S1-TR000383	
S1-TR000384	S2-TR000197,S3-TR000209
S1-TR000385	
S1-TR000386	S2-TR000198
S1-TR000387	S2-TR000199,S3-TR000210
S1-TR000388	S3-TR000211
S1-TR000389	
S1-TR000390	
S1-TR000391	S2-TR000200,S3-TR000212
S1-TR000392	S2-TR000201,S3-TR000213
S1-TR000393	S2-TR000202
S1-TR000394	S3-TR000214
S1-TR000395	S2-TR000203
S1-TR000396	S2-TR000204
S1-TR000397	S2-TR000205
S1-TR000398	S3-TR000215
S1-TR000399	S2-TR000206
S1-TR000400	S3-TR000216
S1-TR000401	S3-TR000217
S1-TR000402	
S1-TR000403	S2-TR000207,S3-TR000218
S1-TR000404	
S1-TR000405	S2-TR000208,S3-TR000219
S1-TR000406	S3-TR000220
S1-TR000407	
S1-TR000408	
S1-TR000409	S2-TR000209
S1-TR000410	
S1-TR000411	
S1-TR000412	S3-TR000221
S1-TR000413	S3-TR000222
S1-TR000414	
S1-TR000415	S2-TR000210,S3-TR000223
S1-TR000416	S2-TR000211,S3-TR000224
S1-TR000417	S2-TR000212
S1-TR000418	S3-TR000225
S1-TR000419	S2-TR000213
S1-TR000420	S2-TR000214
S1-TR000421	S3-TR000226
S1-TR000422	S2-TR000215,S3-TR000227
S1-TR000423	S2-TR000216
S1-TR000424	S2-TR000217,S3-TR000228
S1-TR000425	
S1-TR000426	S2-TR000218,S3-TR000229
S1-TR000427	S2-TR000219,S3-TR000230
S1-TR000428	S3-TR000231
S1-TR000429	S2-TR000220,S3-TR000232
S1-TR000430	S3-TR000233
S1-TR000431	
S1-TR000432	S2-TR000221,S3-TR000234
S1-TR000433	S2-TR000222,S3-TR000235
S1-TR000434	S3-TR000236
S1-TR000435	S3-TR000237
S1-TR000436	S3-TR000238
S1-TR000437	
S1-TR000438	
S1-TR000439	S2-TR000223
S1-TR000440	S2-TR000224
S1-TR000441	S2-TR000225,S3-TR000239
S1-TR000442	
S1-TR000443	S2-TR000226
S1-TR000444	
S1-TR000445	S2-TR000227
S1-TR000446	S2-TR000228,S3-TR000240
S1-TR000447	S2-TR000229,S3-TR000241
S1-TR000448	
S1-TR000449	S2-TR000230,S3-TR000242
S1-TR000450	S2-TR000231
S1-TR000451	S2-TR000232
S1-TR000452	S3-TR000243
S1-TR000453	
S1-TR000454	S2-TR000233
S1-TR000455	S3-TR000244
S1-TR000456	S2-TR000234
S1-TR000457	S3-TR000245
S1-TR000458	S2-TR000235
S1-TR000459	S2-TR000236
S1-TR000460	
S1-TR000461	S2-TR000237,S3-TR000246
S1-TR000462	S3-TR000247
S1-TR000463	S2-TR000238
S1-TR000464	S3-TR000248
S1-TR000465	S2-TR000239
S1-TR000466	S3-TR000249
S1-TR000467	S3-TR000250
S1-TR000468	
S1-TR000469	S2-TR000240,S3-TR000251
S1-TR000470	S2-TR000241
S1-TR000471	S3-TR000252
S1-TR000472	S2-TR000242
S1-TR000473	S2-TR000243,S3-TR000253
S1-TR000474	S2-TR000244
S1-TR000475	S2-TR000245
S1-TR000476	S3-TR000254
S1-TR000477	S3-TR000255
S1-TR000478	
S1-TR000479	S2-TR000246
S1-TR000480	S2-TR000247,S3-TR000256
S1-TR000481	S2-TR000248
S1-TR000482	S3-TR000257
S1-TR000483	
S1-TR000484	S3-TR000258
S1-TR000485	S3-TR000259
S1-TR000486	
S1-TR000487	S2-TR000249
S1-TR000488	S2-TR000250,S3-TR000260
S1-TR000489	S2-TR000251,S3-TR000261
S1-TR000490	S3-TR000262
S1-TR000491	S3-TR000263
S1-TR000492	
S1-TR000493	S2-TR000252,S3-TR000264
S1-TR000494	S2-TR000253,S3-TR000265
S1-TR000495	
S1-TR000496	S2-TR000254,S3-TR000266
S1-TR000497	S2-TR000255,S3-TR000267
S1-TR000498	S3-TR000268
S1-TR000499	S2-TR000256,S3-TR000269
S1-TR000500	S2-TR000257
S1-TR000501	S2-TR000258,S3-TR000270
S1-TR000502	S2-TR000259,S3-TR000271
S1-TR000503	S3-TR000272
S1-TR000504	S2-TR000260
S1-TR000505	S3-TR000273
S1-TR000506	S3-TR000274
S1-TR000507	S3-TR000275
S1-TR000508	S2-TR000261,S3-TR000276
S1-TR000509	S3-TR000277
S1-TR000510	
S1-TR000511	S2-TR000262,S3-TR000278
S1-TR000512	S2-TR000263,S3-TR000279
S1-TR000513	S2-TR000264,S3-TR000280
S1-TR000514	S3-TR000281
S1-TR000515	S2-TR000265
S1-TR000516	S2-TR000266
S1-TR000517	S2-TR000267,S3-TR000282
S1-TR000518	S3-TR000283
S1-TR000519	S3-TR000284
S1-TR000520	
S1-TR000521	S2-TR000268,S3-TR000285
S1-TR000522	S2-TR000269,S3-TR000286
S1-TR000523	S2-TR000270,S3-TR000287
S1-TR000524	S2-TR000271
S1-TR000525	S3-TR000288
S1-TR000526	S2-TR000272,S3-TR000289
S1-TR000527	
S1-TR000528	S2-TR000273
S1-TR000529	S2-TR000274
S1-TR000530	S2-TR000275,S3-TR000290
S1-TR000531	S3-TR000291
S1-TR000532	S2-TR000276
S1-TR000533	S2-TR000277
S1-TR000534	S2-TR000278
S1-TR000535	S2-TR000279,S3-TR000292
S1-TR000536	S2-TR000280
S1-TR000537	S3-TR000293
S1-TR000538	S2-TR000281
S1-TR000539	
S1-TR000540	S2-TR000282
S1-TR000541	S2-TR000283
S1-TR000542	S3-TR000294
S1-TR000543	
S1-TR000544	S2-TR000284,S3-TR000295
S1-TR000545	S3-TR000296
S1-TR000546	S2-TR000285,S3-TR000297
S1-TR000547	S2-TR000286
S1-TR000548	S2-TR000287
S1-TR000549	S3-TR000298
S1-TR000550	S2-TR000288,S3-TR000299
S1-TR000551	S2-TR000289
S1-TR000552	
S1-TR000553	S3-TR000300
S1-TR000554	
S1-TR000555	S2-TR000290
S1-TR000556	S3-TR000301
S1-TR000557	S2-TR000291,S3-TR000302
S1-TR000558	
S1-TR000559	S2-TR000292
S1-TR000560	S2-TR000293,S3-TR000303
S1-TR000561	
S1-TR000562	
S1-TR000563	S2-TR000294
S1-TR000564	S2-TR000295
S1-TR000565	S3-TR000304
S1-TR000566	
S1-TR000567	S2-TR000296
S1-TR000568	S3-TR000305
S1-TR000569	S2-TR000297
S1-TR000570	S2-TR000298,S3-TR000306
S1-TR000571	S3-TR000307
S1-TR000572	S2-TR000299
S1-TR000573	S3-TR000308
S1-TR000574	S2-TR000300,S3-TR000309
S1-TR000575	S3-TR000310
S1-TR000576	S2-TR000301,S3-TR000311
S1-TR000577	S3-TR000312
S1-TR000578	S2-TR000302
S1-TR000579	
S1-TR000580	S2-TR000303,S3-TR000313
S1-TR000581	S2-TR000304,S3-TR000314
S1-TR000582	S3-TR000315
S1-TR000583	S2-TR000305
S1-TR000584	S3-TR000316
S1-TR000585	
S1-TR000586	S3-TR000317
S1-TR000587	S2-TR000306
S1-TR000588	S2-TR000307
S1-TR000589	S2-TR000308
S1-TR000590	S3-TR000318
S1-TR000591	S2-TR000309
S1-TR000592	S2-TR000310,S3-TR000319
S1-TR000593	S2-TR000311
S1-TR000594	S3-TR000320
S1-TR000595	S3-TR000321
S1-TR000596	S2-TR000312
S1-TR000597	S2-TR000313
S1-TR000598	
S1-TR000599	S2-TR000314
S1-TR000600	S2-TR000315
S1-TR000601	
S1-TR000602	S3-TR000322
S1-TR000603	S2-TR000316,S3-TR000323
S1-TR000604	S3-TR000324
S1-TR000605	S3-TR000325
S1-TR000606	S2-TR000317
S1-TR000607	S3-TR000326
S1-TR000608	S2-TR000318,S3-TR000327
S1-TR000609	S2-TR000319,S3-TR000328
S1-TR000610	S2-TR000320,S3-TR000329
S1-TR000611	S2-TR000321,S3-TR000330
S1-TR000612	S2-TR000322
S1-TR000613	S2-TR000323,S3-TR000331
S1-TR000614	S3-TR000332
S1-TR000615	
S1-TR000616	S2-TR000324,S3-TR000333
S1-TR000617	
S1-TR000618	S3-TR000334
S1-TR000619	S3-TR000335
S1-TR000620	S2-TR000325,S3-TR000336
S1-TR000621	S3-TR000337
S1-TR000622	S2-TR000326
S1-TR000623	
S1-TR000624	S2-TR000327,S3-TR000338
S1-TR000625	S2-TR000328,S3-TR000339
S1-TR000626	S2-TR000329,S3-TR000340
S1-TR000627	S2-TR000330
S1-TR000628	
S1-TR000629	S2-TR000331,S3-TR000341
S1-TR000630	S3-TR000342
S1-TR000631	S2-TR000332,S3-TR000343
S1-TR000632	S2-TR000333
S1-TR000633	S2-TR000334,S3-TR000344
S1-TR000634	S3-TR000345
S1-TR000635	S2-TR000335,S3-TR000346
S1-TR000636	
S1-TR000637	S2-TR000336
S1-TR000638	S2-TR000337
S1-TR000639	S3-TR000347
S1-TR000640	S2-TR000338
S1-TR000641	
S1-TR000642	
S1-TR000643	S2-TR000339
S1-TR000644	S3-TR000348
S1-TR000645	
S1-TR000646	S3-TR000349
S1-TR000647	S2-TR000340
S1-TR000648	S2-TR000341
S1-TR000649	S2-TR000342,S3-TR000350
S1-TR000650	S2-TR000343
S1-TR000651	
S1-TR000652	S3-TR000351
S1-TR000653	
S1-TR000654	S2-TR000344
S1-TR000655	
S1-TR000656	
S1-TR000657	S2-TR000345,S3-TR000352
S1-TR000658	S2-TR000346
S1-TR000659	S3-TR000353
S1-TR000660	S2-TR000347,S3-TR000354
S1-TR000661	S2-TR000348,S3-TR000355
S1-TR000662	S3-TR000356
S1-TR000663	S3-TR000357
S1-TR000664	S2-TR000349,S3-TR000358
S1-TR000665	S2-TR000350,S3-TR000359
S1-TR000666	S2-TR000351,S3-TR000360
S1-TR000667	S3-TR000361
S1-TR000668	
S1-TR000669	S3-TR000362
S1-TR000670	S3-TR000363
S1-TR000671	S3-TR000364
S1-TR000672	S3-TR000365
S1-TR000673	S2-TR000352,S3-TR000366
S1-TR000674	S3-TR000367
S1-TR000675	S3-TR000368
S1-TR000676	
S1-TR000677	S2-TR000353,S3-TR000369
S1-TR000678	S2-TR000354,S3-TR000370
S1-TR000679	S2-TR000355,S3-TR000371
S1-TR000680	S2-TR000356,S3-TR000372
S1-TR000681	S3-TR000373
S1-TR000682	S2-TR000357
S1-TR000683	S3-TR000374
S1-TR000684	S3-TR000375
S1-TR000685	S3-TR000376
S1-TR000686	S2-TR000358
S1-TR000687	
S1-TR000688	S3-TR000377
S1-TR000689	S2-TR000359,S3-TR000378
S1-TR000690	
S1-TR000691	S2-TR000360
S1-TR000692	S3-TR000379
S1-TR000693	
S1-TR000694	
S1-TR000695	S2-TR000361,S3-TR000380
S1-TR000696	S2-TR000362,S3-TR000381
S1-TR000697	S3-TR000382
S1-TR000698	
S1-TR000699	S2-TR000363,S3-TR000383
S1-TR000700	S3-TR000384
S1-TR000701	S2-TR000364
S1-TR000702	S2-TR000365,S3-TR000385
S1-TR000703	S2-TR000366,S3-TR000386
S1-TR000704	S2-TR000367,S3-TR000387
S1-TR000705	S2-TR000368,S3-TR000388
S1-TR000706	S2-TR000369
S1-TR000707	S2-TR000370
S1-TR000708	S2-TR000371
S1-TR000709	S2-TR000372
S1-TR000710	S3-TR000389
S1-TR000711	S3-TR000390
S1-TR000712	
S1-TR000713	
S1-TR000714	
S1-TR000715	S2-TR000373
S1-TR000716	S3-TR000391
S1-TR000717	S2-TR000374,S3-TR000392
S1-TR000718	S3-TR000393
S1-TR000719	
S1-TR000720	S2-TR000375,S3-TR000394
S1-TR000721	S2-TR000376,S3-TR000395
S1-TR000722	S2-TR000377,S3-TR000396
S1-TR000723	S2-TR000378,S3-TR000397
S1-TR000724	S2-TR000379
S1-TR000725	S2-TR000380,S3-TR000398
S1-TR000726	
S1-TR000727	S2-TR000381,S3-TR000399
S1-TR000728	S2-TR000382,S3-TR000400
S1-TR000729	S2-TR000383
S1-TR000730	S3-TR000401
S1-TR000731	S3-TR000402
S1-TR000732	
S1-TR000733	S2-TR000384
S1-TR000734	
S1-TR000735	S3-TR000403
S1-TR000736	S3-TR000404
S1-TR000737	S2-TR000385,S3-TR000405
S1-TR000738	S2-TR000386,S3-TR000406
S1-TR000739	S3-TR000407
S1-TR000740	
S1-TR000741	S2-TR000387
S1-TR000742	S3-TR000408
S1-TR000743	S2-TR000388
S1-TR000744	
S1-TR000745	S2-TR000389,S3-TR000409
S1-TR000746	
S1-TR000747	S3-TR000410
S1-TR000748	S2-TR000390
S1-TR000749	S3-TR000411
S1-TR000750	S2-TR000391,S3-TR000412
S1-TR000751	S3-TR000413
S1-TR000752	S2-TR000392,S3-TR000414
S1-TR000753	S2-TR000393
S1-TR000754	
S1-TR000755	S2-TR000394,S3-TR000415
S1-TR000756	S3-TR000416
S1-TR000757	
S1-TR000758	S3-TR000417
S1-TR000759	S2-TR000395,S3-TR000418
S1-TR000760	S2-TR000396,S3-TR000419
S1-TR000761	
S1-TR000762	S2-TR000397
S1-TR000763	S2-TR000398
S1-TR000764	S3-TR000420
S1-TR000765	S3-TR000421
S1-TR000766	S3-TR000422
S1-TR000767	S2-TR000399,S3-TR000423
S1-TR000768	S2-TR000400,S3-TR000424
S1-TR000769	S2-TR000401
S1-TR000770	S2-TR000402,S3-TR000425
S1-TR000771	
S1-TR000772	S2-TR000403
S1-TR000773	S2-TR000404,S3-TR000426
S1-TR000774	
S1-TR000775	S3-TR000427
S1-TR000776	S3-TR000428
S1-TR000777	
S1-TR000778	S2-TR000405,S3-TR000429
S1-TR000779	
S1-TR000780	
S1-TR000781	S2-TR000406
S1-TR000782	S2-TR000407,S3-TR000430
S1-TR000783	S2-TR000408,S3-TR000431
S1-TR000784	S2-TR000409
S1-TR000785	S2-TR000410,S3-TR000432
S1-TR000786	S2-TR000411
S1-TR000787	S2-TR000412,S3-TR000433
S1-TR000788	S3-TR000434
S1-TR000789	S3-TR000435
S1-TR000790	S3-TR000436
S1-TR000791	
S1-TR000792	S3-TR000437
S1-TR000793	S2-TR000413,S3-TR000438
S1-TR000794	S2-TR000414
S1-TR000795	S2-TR000415,S3-TR000439
S1-TR000796	S3-TR000440
S1-TR000797	
S1-TR000798	
S1-TR000799	S3-TR000441
S1-TR000800	S2-TR000416
S1-TR000801	S2-TR000417,S3-TR000442
S1-TR000802	S2-TR000418
S1-TR000803	S3-TR000443
S1-TR000804	S3-TR000444
S1-TR000805	S2-TR000419,S3-TR000445
S1-TR000806	
S1-TR000807	S2-TR000420
S1-TR000808	S2-TR000421
S1-TR000809	
S1-TR000810	S3-TR000446
S1-TR000811	S2-TR000422
S1-TR000812	
S1-TR000813	
S1-TR000814	
S1-TR000815	S2-TR000423
S1-TR000816	S3-TR000447
S1-TR000817	S2-TR000424
S1-TR000818	S2-TR000425
S1-TR000819	S2-TR000426,S3-TR000448
S1-TR000820	S2-TR000427
S1-TR000821	S2-TR000428,S3-TR000449
S1-TR000822	S2-TR000429,S3-TR000450
S1-TR000823	S2-TR000430
S1-TR000824	
S1-TR000825	S3-TR000451
S1-TR000826	S2-TR000431,S3-TR000452
S1-TR000827	
S1-TR000828	S3-TR000453
S1-TR000829	S2-TR000432,S3-TR000454
S1-TR000830	S3-TR000455
S1-TR000831	S2-TR000433,S3-TR000456
S1-TR000832	S3-TR000457
S1-TR000833	S2-TR000434
S1-TR000834	S2-TR000435,S3-TR000458
S1-TR000835	
S1-TR000836	S3-TR000459
S1-TR000837	S3-TR000460
S1-TR000838	S3-TR000461
S1-TR000839	S2-TR000436,S3-TR000462
S1-TR000840	S2-TR000437,S3-TR000463
S1-TR000841	S2-TR000438,S3-TR000464
S1-TR000842	S3-TR000465
S1-TR000843	S2-TR000439,S3-TR000466
S1-TR000844	
S1-TR000845	S2-TR000440,S3-TR000467
S1-TR000846	S2-TR000441,S3-TR000468
S1-TR000847	S2-TR000442
S1-TR000848	S2-TR000443
S1-TR000849	
S1-TR000850	S2-TR000444,S3-TR000469
S1-TR000851	S3-TR000470
S1-TR000852	
S1-TR000853	S2-TR000445,S3-TR000471
S1-TR000854	S3-TR000472
S1-TR000855	S2-TR000446
S1-TR000856	S3-TR000473
S1-TR000857	S2-TR000447,S3-TR000474
S1-TR000858	S3-TR000475
S1-TR000859	
S1-TR000860	S3-TR000476
S1-TR000861	S2-TR000448
S1-TR000862	
S1-TR000863	S2-TR000449,S3-TR000477
S1-TR000864	S3-TR000478
S1-TR000865	S2-TR000450
S1-TR000866	S2-TR000451,S3-TR000479
S1-TR000867	
S1-TR000868	S2-TR000452
S1-TR000869	S3-TR000480
S1-TR000870	S2-TR000453
S1-TR000871	S2-TR000454,S3-TR000481
S1-TR000872	S3-TR000482
S1-TR000873	
S1-TR000874	S3-TR000483
S1-TR000875	S2-TR000455,S3-TR000484
S1-TR000876	S2-TR000456,S3-TR000485
S1-TR000877	S3-TR000486
S1-TR000878	S3-TR000487
S1-TR000879	S2-TR000457,S3-TR000488
S1-TR000880	
S1-TR000881	S2-TR000458
S1-TR000882	S3-TR000489
S1-TR000883	
S1-TR000884	S2-TR000459
S1-TR000885	S2-TR000460,S3-TR000490
S1-TR000886	S2-TR000461
S1-TR000887	
S1-TR000888	
S1-TR000889	S2-TR000462
S1-TR000890	
S1-TR000891	
S1-TR000892	S2-TR000463
S1-TR000893	
S1-TR000894	S2-TR000464
S1-TR000895	S2-TR000465
S1-TR000896	S3-TR000491
S1-TR000897	S2-TR000466,S3-TR000492
S1-TR000898	
S1-TR000899	S3-TR000493
S1-TR000900	
S1-TR000901	S2-TR000467
S1-TR000902	S3-TR000494
S1-TR000903	S3-TR000495
S1-TR000904	S2-TR000468
S1-TR000905	
S1-TR000906	S3-TR000496
S1-TR000907	
S1-TR000908	S3-TR000497
S1-TR000909	S2-TR000469,S3-TR000498
S1-TR000910	
S1-TR000911	
S1-TR000912	
S1-TR000913	
S1-TR000914	S3-TR000499
S1-TR000915	S2-TR000470
S1-TR000916	S2-TR000471,S3-TR000500
S1-TR000917	
S1-TR000918	
S1-TR000919	
S1-TR000920	S2-TR000472
S1-TR000921	
S1-TR000922	S3-TR000501
S1-TR000923	S2-TR000473,S3-TR000502
S1-TR000924	
S1-TR000925	S3-TR000503
S1-TR000926	
S1-TR000927	S2-TR000474,S3-TR000504
S1-TR000928	S2-TR000475
S1-TR000929	S2-TR000476
S1-TR000930	S2-TR000477
S1-TR000931	S3-TR000505
S1-TR000932	S2-TR000478,S3-TR000506
S1-TR000933	S2-TR000479,S3-TR000507
S1-TR000934	S3-TR000508
S1-TR000935	S2-TR000480
S1-TR000936	
S1-TR000937	S2-TR000481
S1-TR000938	S2-TR000482,S3-TR000509
S1-TR000939	S3-TR000510
S1-TR000940	S3-TR000511
S1-TR000941	S2-TR000483,S3-TR000512
S1-TR000942	
S1-TR000943	S2-TR000484,S3-TR000513
S1-TR000944	S2-TR000485
S1-TR000945	S2-TR000486
S1-TR000946	S3-TR000514
S1-TR000947	S2-TR000487
S1-TR000948	
S1-TR000949	S3-TR000515
S1-TR000950	S2-TR000488,S3-TR000516
S1-TR000951	S3-TR000517
S1-TR000952	S2-TR000489
S1-TR000953	S2-TR000490
S1-TR000954	S3-TR000518
S1-TR000955	S2-TR000491
S1-TR000956	
S1-TR000957	S3-TR000519
S1-TR000958	
S1-TR000959	S2-TR000492,S3-TR000520
S1-TR000960	S3-TR000521
S1-TR000961	S2-TR000493,S3-TR000522
S1-TR000962	S2-TR000494,S3-TR000523
S1-TR000963	S3-TR000524
S1-TR000964	S2-TR000495
S1-TR000965	S3-TR000525
S1-TR000966	S2-TR000496,S3-TR000526
S1-TR000967	
S1-TR000968	S3-TR000527
S1-TR000969	S2-TR000497,S3-TR000528
S1-TR000970	S2-TR000498
S1-TR000971	S3-TR000529
S1-TR000972	S2-TR000499,S3-TR000530
S1-TR000973	S3-TR000531
S1-TR000974	
S1-TR000975	
S1-TR000976	S2-TR000500
S1-TR000977	
S1-TR000978	S2-TR000501
S1-TR000979	S3-TR000532
S1-TR000980	S3-TR000533
S1-TR000981	S2-TR000502
S1-TR000982	S2-TR000503
S1-TR000983	S2-TR000504,S3-TR000534
S1-TR000984	
S1-TR000985	S3-TR000535
S1-TR000986	S2-TR000505,S3-TR000536
S1-TR000987	S2-TR000506,S3-TR000537
S1-TR000988	
S1-TR000989	
S1-TR000990	S2-TR000507
S1-TR000991	
S1-TR000992	S2-TR000508
S1-TR000993	S2-TR000509,S3-TR000538
S1-TR000994	S3-TR000539
S1-TR000995	S2-TR000510
S1-TR000996	S2-TR000511
S1-TR000997	
S1-TR000998	S2-TR000512
S1-TR000999	S2-TR000513
S1-TR001000	S2-TR000514
S1-TR001001	
S1-TR001002	S2-TR000515
S1-TR001003	S2-TR000516,S3-TR000540
S1-TR001004	S3-TR000541
S1-TR001005	S2-TR000517
S1-TR001006	S3-TR000542
S1-TR001007	S3-TR000543
S1-TR001008	S2-TR000518
S1-TR001009	
S1-TR001010	S3-TR000544
S1-TR001011	S2-TR000519
S1-TR001012	
S1-TR001013	
S1-TR001014	
S1-TR001015	S2-TR000520
S1-TR001016	S2-TR000521
S1-TR001017	
S1-TR001018	S3-TR000545
S1-TR001019	S2-TR000522,S3-TR000546
S1-TR001020	S3-TR000547
S1-TR001021	S2-TR000523,S3-TR000548
S1-TR001022	
S1-TR001023	S3-TR000549
S1-TR001024	
S1-TR001025	S3-TR000550
S1-TR001026	S3-TR000551
S1-TR001027	S3-TR000552
S1-TR001028	S2-TR000524,S3-TR000553
S1-TR001029	
S1-TR001030	S3-TR000554
S1-TR001031	
S1-TR001032	S2-TR000525,S3-TR000555
S1-TR001033	S2-TR000526
S1-TR001034	S2-TR000527,S3-TR000556
S1-TR001035	S2-TR000528
S1-TR001036	S2-TR000529
S1-TR001037	S3-TR000557
S1-TR001038	
S1-TR001039	S3-TR000558
S1-TR001040	S2-TR000530
S1-TR001041	S3-TR000559
S1-TR001042	S2-TR000531,S3-TR000560
S1-TR001043	S2-TR000532,S3-TR000561
S1-TR001044	S3-TR000562
S1-TR001045	
S1-TR001046	S2-TR000533
S1-TR001047	S2-TR000534,S3-TR000563
S1-TR001048	S3-TR000564
S1-TR001049	
S1-TR001050	S2-TR000535
S1-TR001051	S3-TR000565
S1-TR001052	S2-TR000536,S3-TR000566
S1-TR001053	S3-TR000567
S1-TR001054	S2-TR000537,S3-TR000568
S1-TR001055	S3-TR000569
S1-TR001056	S2-TR000538,S3-TR000570
S1-TR001057	S3-TR000571
S1-TR001058	S2-TR000539
S1-TR001059	S3-TR000572
S1-TR001060	S3-TR000573
S1-TR001061	S2-TR000540,S3-TR000574
S1-TR001062	S2-TR000541
S1-TR001063	
S1-TR001064	S2-TR000542
S1-TR001065	S3-TR000575
S1-TR001066	S2-TR000543
S1-TR001067	S2-TR000544
S1-TR001068	
S1-TR001069	S2-TR000545
S1-TR001070	
S1-TR001071	S2-TR000546
S1-TR001072	S2-TR000547,S3-TR000576
S1-TR001073	S2-TR000548
S1-TR001074	S3-TR000577
S1-TR001075	S2-TR000549
S1-TR001076	S2-TR000550
S1-TR001077	
S1-TR001078	S3-TR000578
S1-TR001079	S2-TR000551,S3-TR000579
S1-TR001080	S2-TR000552,S3-TR000580
S1-TR001081	S2-TR000553
S1-TR001082	S3-TR000581
S1-TR001083	S3-TR000582
S1-TR001084	
S1-TR001085	S2-TR000554
S1-TR001086	S2-TR000555
S1-TR001087	S2-TR000556
S1-TR001088	S2-TR000557,S3-TR000583
S1-TR001089	S2-TR000558
S1-TR001090	S3-TR000584
S1-TR001091	S3-TR000585
S1-TR001092	S2-TR000559
S1-TR001093	S2-TR000560,S3-TR000586
S1-TR001094	S3-TR000587
S1-TR001095	S2-TR000561
S1-TR001096	S3-TR000588
S1-TR001097	S2-TR000562,S3-TR000589
S1-TR001098	S2-TR000563,S3-TR000590
S1-TR001099	
S1-TR001100	
S1-TR001101	S3-TR000591
S1-TR001102	S2-TR000564,S3-TR000592
S1-TR001103	S2-TR000565
S1-TR001104	S2-TR000566
S1-TR001105	S2-TR000567
S1-TR001106	
S1-TR001107	S2-TR000568,S3-TR000593
S1-TR001108	S3-TR000594
S1-TR001109	S3-TR000595
S1-TR001110	S2-TR000569,S3-TR000596
S1-TR001111	S2-TR000570,S3-TR000597
S1-TR001112	S3-TR000598
S1-TR001113	S2-TR000571,S3-TR000599
S1-TR001114	S2-TR000572
S1-TR001115	S2-TR000573,S3-TR000600
S1-TR001116	
S1-TR001117	
S1-TR001118	S3-TR000601
S1-TR001119	S2-TR000574
S1-TR001120	S2-TR000575
S1-TR001121	
S1-TR001122	S2-TR000576,S3-TR000602
S1-TR001123	S3-TR000603
S1-TR001124	S2-TR000577
S1-TR001125	S2-TR000578
S1-TR001126	S3-TR000604
S1-TR001127	S3-TR000605
S1-TR001128	S2-TR000579,S3-TR000606
S1-TR001129	
S1-TR001130	S2-TR000580,S3-TR000607
S1-TR001131	
S1-TR001132	S2-TR000581,S3-TR000608
S1-TR001133	S2-TR000582,S3-TR000609
S1-TR001134	S3-TR000610
S1-TR001135	S2-TR000583
S1-TR001136	S3-TR000611
S1-TR001137	S3-TR000612
S1-TR001138	S2-TR000584
S1-TR001139	S2-TR000585
S1-TR001140	S2-TR000586,S3-TR000613
S1-TR001141	S2-TR000587
S1-TR001142	
S1-TR001143	S2-TR000588,S3-TR000614
S1-TR001144	S2-TR000589
S1-TR001145	S3-TR000615
S1-TR001146	
S1-TR001147	S2-TR000590,S3-TR000616
S1-TR001148	S2-TR000591
S1-TR001149	
S1-TR001150	
S1-TR001151	S2-TR000592,S3-TR000617
S1-TR001152	S2-TR000593
S1-TR001153	
S1-TR001154	S2-TR000594
S1-TR001155	S3-TR000618
S1-TR001156	S3-TR000619
S1-TR001157	S2-TR000595
S1-TR001158	S3-TR000620
S1-TR001159	S2-TR000596,S3-TR000621
S1-TR001160	S3-TR000622
S1-TR001161	
S1-TR001162	
S1-TR001163	
S1-TR001164	S2-TR000597,S3-TR000623
S1-TR001165	S2-TR000598
S1-TR001166	S2-TR000599
S1-TR001167	
S1-TR001168	S2-TR000600
S1-TR001169	S2-TR000601,S3-TR000624
S1-TR001170	S3-TR000625
S1-TR001171	S3-TR000626
S1-TR001172	S3-TR000627
S1-TR001173	S2-TR000602
S1-TR001174	S2-TR000603
S1-TR001175	S2-TR000604,S3-TR000628
S1-TR001176	
S1-TR001177	S2-TR000605,S3-TR000629
S1-TR001178	S3-TR000630
S1-TR001179	S3-TR000631
S1-TR001180	S3-TR000632
S1-TR001181	
S1-TR001182	S3-TR000633
S1-TR001183	S3-TR000634
S1-TR001184	S2-TR000606,S3-TR000635
S1-TR001185	S2-TR000607
S1-TR001186	S2-TR000608
S1-TR001187	S2-TR000609,S3-TR000636
S1-TR001188	
S1-TR001189	
S1-TR001190	
S1-TR001191	S2-TR000610
S1-TR001192	S2-TR000611
S1-TR001193	S2-TR000612,S3-TR000637
S1-TR001194	
S1-TR001195	S2-TR000613,S3-TR000638
S1-TR001196	S2-TR000614,S3-TR000639
S1-TR001197	S2-TR000615
S1-TR001198	S3-TR000640
S1-TR001199	S3-TR000641
S1-TR001200	S3-TR000642
S1-TR001201	S2-TR000616,S3-TR000643
S1-TR001202	
S1-TR001203	S2-TR000617,S3-TR000644
S1-TR001204	S2-TR000618,S3-TR000645
S1-TR001205	S2-TR000619,S3-TR000646
S1-TR001206	S3-TR000647
S1-TR001207	S2-TR000620
S1-TR001208	S2-TR000621
S1-TR001209	S2-TR000622
S1-TR001210	S2-TR000623
S1-TR001211	S3-TR000648
S1-TR001212	
S1-TR001213	S3-TR000649
S1-TR001214	S2-TR000624
S1-TR001215	S2-TR000625
S1-TR001216	S2-TR000626,S3-TR000650
S1-TR001217	S2-TR000627
S1-TR001218	S3-TR000651
S1-TR001219	S2-TR000628
S1-TR001220	S3-TR000652
S1-TR001221	
S1-TR001222	S2-TR000629,S3-TR000653
S1-TR001223	S2-TR000630
S1-TR001224	S3-TR000654
S1-TR001225	S3-TR000655
S1-TR001226	S3-TR000656
S1-TR001227	S3-TR000657
S1-TR001228	S2-TR000631,S3-TR000658
S1-TR001229	S3-TR000659
S1-TR001230	S3-TR000660
S1-TR001231	S2-TR000632
S1-TR001232	S3-TR000661
S1-TR001233	S2-TR000633
S1-TR001234	S2-TR000634
S1-TR001235	S2-TR000635,S3-TR000662
S1-TR001236	S3-TR000663
S1-TR001237	S3-TR000664
S1-TR001238	S2-TR000636
S1-TR001239	S2-TR000637,S3-TR000665
S1-TR001240	
S1-TR001241	S2-TR000638,S3-TR000666
S1-TR001242	S2-TR000639,S3-TR000667
S1-TR001243	
S1-TR001244	S2-TR000640
S1-TR001245	S2-TR000641
S1-TR001246	S3-TR000668
S1-TR001247	S2-TR000642
S1-TR001248	S2-TR000643
S1-TR001249	
S1-TR001250	
S1-TR001251	S2-TR000644,S3-TR000669
S1-TR001252	S3-TR000670
S1-TR001253	S2-TR000645,S3-TR000671
S1-TR001254	S2-TR000646
S1-TR001255	
S1-TR001256	S2-TR000647
S1-TR001257	
S1-TR001258	S3-TR000672
S1-TR001259	S2-TR000648
S1-TR001260	S2-TR000649
S1-TR001261	
S1-TR001262	
S1-TR001263	S2-TR000650
S1-TR001264	S3-TR000673
S1-TR001265	
S1-TR001266	S2-TR000651,S3-TR000674
S1-TR001267	S2-TR000652
S1-TR001268	S3-TR000675
S1-TR001269	S3-TR000676
S1-TR001270	S3-TR000677
S1-TR001271	S2-TR000653
S1-TR001272	S2-TR000654
S1-TR001273	
S1-TR001274	S2-TR000655
S1-TR001275	S3-TR000678
S1-TR001276	S3-TR000679
S1-TR001277	S3-TR000680
S1-TR001278	
S1-TR001279	
S1-TR001280	S3-TR000681
S1-TR001281	S3-TR000682
S1-TR001282	S2-TR000656,S3-TR000683
S1-TR001283	S2-TR000657
S1-TR001284	S2-TR000658,S3-TR000684
S1-TR001285	S2-TR000659,S3-TR000685
S1-TR001286	S2-TR000660
S1-TR001287	S2-TR000661
S1-TR001288	S2-TR000662,S3-TR000686
S1-TR001289	S3-TR000687
S1-TR001290	S2-TR000663,S3-TR000688
S1-TR001291	
S1-TR001292	S3-TR000689
S1-TR001293	S3-TR000690
S1-TR001294	S2-TR000664
S1-TR001295	S3-TR000691
S1-TR001296	S3-TR000692
S1-TR001297	S2-TR000665,S3-TR000693
S1-TR001298	
S1-TR001299	S3-TR000694
S1-TR001300	S2-TR000666,S3-TR000695
S1-TR001301	S3-TR000696
S1-TR001302	
S1-TR001303	
S1-TR001304	
S1-TR001305	
S1-TR001306	S2-TR000667,S3-TR000697
S1-TR001307	S2-TR000668
S1-TR001308	S3-TR000698
S1-TR001309	S2-TR000669,S3-TR000699
S1-TR001310	S2-TR000670
S1-TR001311	S2-TR000671,S3-TR000700
S1-TR001312	
S1-TR001313	S2-TR000672,S3-TR000701
S1-TR001314	S2-TR000673
S1-TR001315	S3-TR000702
S1-TR001316	S3-TR000703
S1-TR001317	S2-TR000674
S1-TR001318	S3-TR000704
S1-TR001319	S3-TR000705
S1-TR001320	S2-TR000675,S3-TR000706
S1-TR001321	S3-TR000707
S1-TR001322	S2-TR000676
S1-TR001323	S2-TR000677
S1-TR001324	S3-TR000708
S1-TR001325	
S1-TR001326	S3-TR000709
S1-TR001327	
S1-TR001328	S3-TR000710
S1-TR001329	S3-TR000711
S1-TR001330	S2-TR000678
S1-TR001331	S3-TR000712
S1-TR001332	S2-TR000679,S3-TR000713
S1-TR001333	S3-TR000714
S1-TR001334	S2-TR000680,S3-TR000715
S1-TR001335	S3-TR000716
S1-TR001336	S2-TR000681,S3-TR000717
S1-TR001337	S2-TR000682
S1-TR001338	S2-TR000683,S3-TR000718
S1-TR001339	
S1-TR001340	
S1-TR001341	S2-TR000684
S1-TR001342	S2-TR000685,S3-TR000719
S1-TR001343	
S1-TR001344	S3-TR000720
S1-TR001345	S3-TR000721
S1-TR001346	S2-TR000686
S1-TR001347	S2-TR000687
S1-TR001348	S2-TR000688,S3-TR000722
S1-TR001349	S3-TR000723
S1-TR001350	
S1-TR001351	S3-TR000724
S1-TR001352	S3-TR000725
S1-TR001353	S3-TR000726
S1-TR001354	S3-TR000727
S1-TR001355	S3-TR000728
S1-TR001356	S2-TR000689,S3-TR000729
S1-TR001357	
S1-TR001358	S3-TR000730
S1-TR001359	S2-TR000690
S1-TR001360	
S1-TR001361	S2-TR000691
S1-TR001362	S2-TR000692
S1-TR001363	S3-TR000731
S1-TR001364	
S1-TR001365	S2-TR000693,S3-TR000732
S1-TR001366	S3-TR000733
S1-TR001367	S2-TR000694,S3-TR000734
S1-TR001368	S2-TR000695
S1-TR001369	S2-TR000696,S3-TR000735
S1-TR001370	S2-TR000697,S3-TR000736
S1-TR001371	
S1-TR001372	
S1-TR001373	S2-TR000698,S3-TR000737
S1-TR001374	S2-TR000699,S3-TR000738
S1-TR001375	S2-TR000700
S1-TR001376	S2-TR000701,S3-TR000739
S1-TR001377	
S1-TR001378	S2-TR000702,S3-TR000740
S1-TR001379	S2-TR000703,S3-TR000741
S1-TR001380	
S1-TR001381	S3-TR000742
S1-TR001382	S3-TR000743
S1-TR001383	
S1-TR001384	S2-TR000704,S3-TR000744
S1-TR001385	S2-TR000705
S1-TR001386	S2-TR000706,S3-TR000745
S1-TR001387	S2-TR000707
S1-TR001388	S3-TR000746
S1-TR001389	S2-TR000708,S3-TR000747
S1-TR001390	S2-TR000709
S1-TR001391	
S1-TR001392	
S1-TR001393	S2-TR000710
S1-TR001394	S2-TR000711
S1-TR001395	S2-TR000712,S3-TR000748
S1-TR001396	S2-TR000713,S3-TR000749
S1-TR001397	S3-TR000750
S1-TR001398	S2-TR000714
S1-TR001399	S2-TR000715,S3-TR000751
S1-TR001400	S2-TR000716
S1-TR001401	S2-TR000717,S3-TR000752
S1-TR001402	
S1-TR001403	S2-TR000718
S1-TR001404	S2-TR000719
S1-TR001405	
S1-TR001406	S2-TR000720
S1-TR001407	S3-TR000753
S1-TR001408	S2-TR000721
S1-TR001409	
S1-TR001410	S2-TR000722
S1-TR001411	
S1-TR001412	S2-TR000723,S3-TR000754
S1-TR001413	S3-TR000755
S1-TR001414	S2-TR000724,S3-TR000756
S1-TR001415	S2-TR000725
S1-TR001416	S3-TR000757
S1-TR001417	S2-TR000726,S3-TR000758
S1-TR001418	
S1-TR001419	S2-TR000727,S3-TR000759
S1-TR001420	
S1-TR001421	S3-TR000760
S1-TR001422	S2-TR000728
S1-TR001423	S3-TR000761
S1-TR001424	S3-TR000762
S1-TR001425	S3-TR000763
S1-TR001426	S3-TR000764
S1-TR001427	
S1-TR001428	S2-TR000729
S1-TR001429	S2-TR000730,S3-TR000765
S1-TR001430	S2-TR000731,S3-TR000766
S1-TR001431	S3-TR000767
S1-TR001432	S2-TR000732
S1-TR001433	S2-TR000733,S3-TR000768
S1-TR001434	S2-TR000734
S1-TR001435	S2-TR000735
S1-TR001436	S3-TR000769
S1-TR001437	
S1-TR001438	S2-TR000736,S3-TR000770
S1-TR001439	S3-TR000771
S1-TR001440	S2-TR000737,S3-TR000772
S1-TR001441	S3-TR000773
S1-TR001442	
S1-TR001443	S2-TR000738,S3-TR000774
S1-TR001444	S3-TR000775
S1-TR001445	S2-TR000739,S3-TR000776
S1-TR001446	S3-TR000777
S1-TR001447	S2-TR000740
S1-TR001448	
S1-TR001449	
S1-TR001450	S2-TR000741
S1-TR001451	S3-TR000778
S1-TR001452	S2-TR000742
S1-TR001453	S2-TR000743,S3-TR000779
S1-TR001454	S2-TR000744
S1-TR001455	S3-TR000780
S1-TR001456	S2-TR000745
S1-TR001457	S2-TR000746
S1-TR001458	S2-TR000747,S3-TR000781
S1-TR001459	
S1-TR001460	S2-TR000748
S1-TR001461	S2-TR000749
S1-TR001462	S3-TR000782
S1-TR001463	S3-TR000783
S1-TR001464	S2-TR000750
S1-TR001465	
S1-TR001466	
S1-TR001467	
S1-TR001468	S2-TR000751
S1-TR001469	
S1-TR001470	S2-TR000752
S1-TR001471	S3-TR000784
S1-TR001472	S3-TR000785
S1-TR001473	S2-TR000753,S3-TR000786
S1-TR001474	S2-TR000754,S3-TR000787
S1-TR001475	S2-TR000755,S3-TR000788
S1-TR001476	S3-TR000789
S1-TR001477	S2-TR000756
S1-TR001478	S3-TR000790
S1-TR001479	S3-TR000791
S1-TR001480	
S1-TR001481	
S1-TR001482	S2-TR000757
S1-TR001483	
S1-TR001484	S3-TR000792
S1-TR001485	
S1-TR001486	S2-TR000758
S1-TR001487	S2-TR000759,S3-TR000793
S1-TR001488	
S1-TR001489	S2-TR000760,S3-TR000794
S1-TR001490	S2-TR000761
S1-TR001491	S3-TR000795
S1-TR001492	S2-TR000762,S3-TR000796
S1-TR001493	S2-TR000763
S1-TR001494	S3-TR000797
S1-TR001495	
S1-TR001496	
S1-TR001497	S3-TR000798
S1-TR001498	S2-TR000764,S3-TR000799
S1-TR001499	
S1-TR001500	
S1-TR001501	S2-TR000765,S3-TR000800
S1-TR001502	S2-TR000766,S3-TR000801
S1-TR001503	
S1-TR001504	
S1-TR001505	S2-TR000767
S1-TR001506	S2-TR000768
S1-TR001507	
S1-TR001508	S3-TR000802
S1-TR001509	S2-TR000769,S3-TR000803
S1-TR001510	S2-TR000770
S1-TR001511	S3-TR000804
S1-TR001512	
S1-TR001513	S3-TR000805
S1-TR001514	
S1-TR001515	
S1-TR001516	
S1-TR001517	S3-TR000806
S1-TR001518	S2-TR000771
S1-TR001519	
S1-TR001520	S2-TR000772,S3-TR000807
S1-TR001521	
S1-TR001522	
S1-TR001523	S2-TR000773,S3-TR000808
S1-TR001524	S3-TR000809
S1-TR001525	S2-TR000774
S1-TR001526	
S1-TR001527	
S1-TR001528	S3-TR000810
S1-TR001529	S2-TR000775
S1-TR001530	
S1-TR001531	S2-TR000776
S1-TR001532	S3-TR000811
S1-TR001533	
S1-TR001534	
S1-TR001535	
S1-TR001536	S2-TR000777,S3-TR000812
S1-TR001537	
S1-TR001538	S2-TR000778
S1-TR001539	S2-TR000779,S3-TR000813
S1-TR001540	S2-TR000780
S1-TR001541	S2-TR000781,S3-TR000814
S1-TR001542	
S1-TR001543	S2-TR000782
S1-TR001544	S3-TR000815
S1-TR001545	S2-TR000783
S1-TR001546	S2-TR000784,S3-TR000816
S1-TR001547	S3-TR000817
S1-TR001548	
S1-TR001549	S2-TR000785
S1-TR001550	S2-TR000786,S3-TR000818
S1-TR001551	S3-TR000819
S1-TR001552	S3-TR000820
S1-TR001553	S3-TR000821
S1-TR001554	S2-TR000787
S1-TR001555	S2-TR000788
S1-TR001556	S3-TR000822
S1-TR001557	S2-TR000789,S3-TR000823
S1-TR001558	S2-TR000790
S1-TR001559	S2-TR000791
S1-TR001560	S2-TR000792
S1-TR001561	S2-TR000793
S1-TR001562	
S1-TR001563	S3-TR000824
S1-TR001564	S2-TR000794
S1-TR001565	S2-TR000795,S3-TR000825
S1-TR001566	S2-TR000796
S1-TR001567	
S1-TR001568	S2-TR000797
S1-TR001569	S2-TR000798,S3-TR000826
S1-TR001570	S2-TR000799,S3-TR000827
S1-TR001571	S2-TR000800
S1-TR001572	S2-TR000801
S1-TR001573	S2-TR000802,S3-TR000828
S1-TR001574	S3-TR000829
S1-TR001575	S2-TR000803
S1-TR001576	S2-TR000804
S1-TR001577	S3-TR000830
S1-TR001578	S3-TR000831
S1-TR001579	S2-TR000805,S3-TR000832
S1-TR001580	S3-TR000833
S1-TR001581	
S1-TR001582	
S1-TR001583	S3-TR000834
S1-TR001584	S2-TR000806
S1-TR001585	S2-TR000807
S1-TR001586	
S1-TR001587	S2-TR000808,S3-TR000835
S1-TR001588	S3-TR000836
S1-TR001589	S3-TR000837
S1-TR001590	S2-TR000809
S1-TR001591	S2-TR000810
S1-TR001592	S2-TR000811
S1-TR001593	S3-TR000838
S1-TR001594	S2-TR000812
S1-TR001595	S2-TR000813
S1-TR001596	S3-TR000839
S1-TR001597	S3-TR000840
S1-TR001598	S2-TR000814,S3-TR000841
S1-TR001599	
S1-TR001600	S3-TR000842
S1-TR001601	S2-TR000815,S3-TR000843
S1-TR001602	S2-TR000816
S1-TR001603	S2-TR000817
S1-TR001604	S2-TR000818
S1-TR001605	
S1-TR001606	S3-TR000844
S1-TR001607	
S1-TR001608	S2-TR000819,S3-TR000845
S1-TR001609	S3-TR000846
S1-TR001610	S3-TR000847
S1-TR001611	S2-TR000820
S1-TR001612	S2-TR000821,S3-TR000848
S1-TR001613	S3-TR000849
S1-TR001614	S2-TR000822,S3-TR000850
S1-TR001615	S3-TR000851
S1-TR001616	S2-TR000823,S3-TR000852
S1-TR001617	S3-TR000853
S1-TR001618	
S1-TR001619	S3-TR000854
S1-TR001620	S3-TR000855
S1-TR001621	S3-TR000856
S1-TR001622	S3-TR000857
S1-TR001623	S3-TR000858
S1-TR001624	S2-TR000824,S3-TR000859
S1-TR001625	S3-TR000860
S1-TR001626	S2-TR000825
S1-TR001627	S2-TR000826,S3-TR000861
S1-TR001628	
S1-TR001629	
S1-TR001630	S3-TR000862
S1-TR001631	
S1-TR001632	S2-TR000827
S1-TR001633	S3-TR000863
S1-TR001634	S2-TR000828,S3-TR000864
S1-TR001635	S2-TR000829
S1-TR001636	S3-TR000865
S1-TR001637	S2-TR000830
S1-TR001638	S3-TR000866
S1-TR001639	
S1-TR001640	
S1-TR001641	S2-TR000831
S1-TR001642	S2-TR000832
S1-TR001643	S2-TR000833
S1-TR001644	S3-TR000867
S1-TR001645	S2-TR000834
S1-TR001646	
S1-TR001647	S2-TR000835
S1-TR001648	S3-TR000868
S1-TR001649	S2-TR000836,S3-TR000869
S1-TR001650	S3-TR000870
S1-TR001651	S2-TR000837,S3-TR000871
S1-TR001652	S2-TR000838,S3-TR000872
S1-TR001653	
S1-TR001654	S2-TR000839
S1-TR001655	
S1-TR001656	S3-TR000873
S1-TR001657	
S1-TR001658	S2-TR000840
S1-TR001659	S2-TR000841,S3-TR000874
S1-TR001660	
S1-TR001661	S3-TR000875
S1-TR001662	S2-TR000842
S1-TR001663	S2-TR000843,S3-TR000876
S1-TR001664	
S1-TR001665	S2-TR000844,S3-TR000877
S1-TR001666	S3-TR000878
S1-TR001667	S2-TR000845
S1-TR001668	S2-TR000846,S3-TR000879
S1-TR001669	S2-TR000847,S3-TR000880
S1-TR001670	S2-TR000848,S3-TR000881
S1-TR001671	
S1-TR001672	S3-TR000882
S1-TR001673	S2-TR000849,S3-TR000883
S1-TR001674	S3-TR000884
S1-TR001675	S2-TR000850,S3-TR000885
S1-TR001676	S2-TR000851,S3-TR000886
S1-TR001677	S2-TR000852,S3-TR000887
S1-TR001678	S2-TR000853
S1-TR001679	
S1-TR001680	
S1-TR001681	
S1-TR001682	S3-TR000888
S1-TR001683	
S1-TR001684	S2-TR000854
S1-TR001685	S2-TR000855
S1-TR001686	S2-TR000856
S1-TR001687	S2-TR000857,S3-TR000889
S1-TR001688	S2-TR000858,S3-TR000890
S1-TR001689	
S1-TR001690	
S1-TR001691	S3-TR000891
S1-TR001692	S2-TR000859
S1-TR001693	S2-TR000860
S1-TR001694	S2-TR000861
S1-TR001695	S2-TR000862,S3-TR000892
S1-TR001696	
S1-TR001697	
S1-TR001698	S2-TR000863,S3-TR000893
S1-TR001699	
S1-TR001700	S2-TR000864
S1-TR001701	S2-TR000865
S1-TR001702	S2-TR000866,S3-TR000894
S1-TR001703	S2-TR000867
S1-TR001704	S3-TR000895
S1-TR001705	S2-TR000868
S1-TR001706	
S1-TR001707	S2-TR000869
S1-TR001708	
S1-TR001709	S3-TR000896
S1-TR001710	S3-TR000897
S1-TR001711	S2-TR000870
S1-TR001712	S2-TR000871,S3-TR000898
S1-TR001713	S2-TR000872
S1-TR001714	S3-TR000899
S1-TR001715	S2-TR000873,S3-TR000900
S1-TR001716	S3-TR000901
S1-TR001717	S2-TR000874,S3-TR000902
S1-TR001718	S3-TR000903
S1-TR001719	S2-TR000875,S3-TR000904
S1-TR001720	S2-TR000876
S1-TR001721	S2-TR000877,S3-TR000905
S1-TR001722	S3-TR000906
S1-TR001723	S2-TR000878
S1-TR001724	
S1-TR001725	
S1-TR001726	S2-TR000879,S3-TR000907
S1-TR001727	S2-TR000880
S1-TR001728	
S1-TR001729	S3-TR000908
S1-TR001730	S2-TR000881,S3-TR000909
S1-TR001731	
S1-TR001732	S3-TR000910
S1-TR001733	S3-TR000911
S1-TR001734	
S1-TR001735	S3-TR000912
S1-TR001736	S2-TR000882
S1-TR001737	S3-TR000913
S1-TR001738	S2-TR000883,S3-TR000914
S1-TR001739	S2-TR000884
S1-TR001740	S3-TR000915
S1-TR001741	S3-TR000916
S1-TR001742	S2-TR000885
S1-TR001743	S2-TR000886,S3-TR000917
S1-TR001744	S2-TR000887
S1-TR001745	S2-TR000888,S3-TR000918
S1-TR001746	S3-TR000919
S1-TR001747	
S1-TR001748	S2-TR000889,S3-TR000920
S1-TR001749	S2-TR000890,S3-TR000921
S1-TR001750	
S1-TR001751	S2-TR000891,S3-TR000922
S1-TR001752	
S1-TR001753	
S1-TR001754	S2-TR000892
S1-TR001755	S2-TR000893
S1-TR001756	S2-TR000894
S1-TR001757	S3-TR000923
S1-TR001758	
S1-TR001759	S3-TR000924
S1-TR001760	S2-TR000895,S3-TR000925
S1-TR001761	
S1-TR001762	S2-TR000896
S1-TR001763	S2-TR000897
S1-TR001764	
S1-TR001765	
S1-TR001766	S3-TR000926
S1-TR001767	S2-TR000898,S3-TR000927
S1-TR001768	S2-TR000899
S1-TR001769	S2-TR000900,S3-TR000928
S1-TR001770	S2-TR000901,S3-TR000929
S1-TR001771	
S1-TR001772	S2-TR000902,S3-TR000930
S1-TR001773	S2-TR000903
S1-TR001774	S2-TR000904
S1-TR001775	S2-TR000905,S3-TR000931
S1-TR001776	S3-TR000932
S1-TR001777	S3-TR000933
S1-TR001778	S2-TR000906
S1-TR001779	
S1-TR001780	
S1-TR001781	S2-TR000907
S1-TR001782	S2-TR000908,S3-TR000934
S1-TR001783	S3-TR000935
S1-TR001784	S2-TR000909,S3-TR000936
S1-TR001785	
S1-TR001786	S2-TR000910
S1-TR001787	S3-TR000937
S1-TR001788	
S1-TR001789	
S1-TR001790	
S1-TR001791	S2-TR000911,S3-TR000938
S1-TR001792	S2-TR000912,S3-TR000939
S1-TR001793	S2-TR000913
S1-TR001794	
S1-TR001795	
S1-TR001796	S2-TR000914
S1-TR001797	S2-TR000915
S1-TR001798	S3-TR000940
S1-TR001799	
S1-TR001800	S2-TR000916
S1-TR001801	S2-TR000917,S3-TR000941
S1-TR001802	S3-TR000942
S1-TR001803	S2-TR000918,S3-TR000943
S1-TR001804	S2-TR000919,S3-TR000944
S1-TR001805	S2-TR000920
S1-TR001806	S3-TR000945
S1-TR001807	
S1-TR001808	
S1-TR001809	S2-TR000921,S3-TR000946
S1-TR001810	S2-TR000922
S1-TR001811	S2-TR000923,S3-TR000947
S1-TR001812	S2-TR000924,S3-TR000948
S1-TR001813	S3-TR000949
S1-TR001814	S2-TR000925,S3-TR000950
S1-TR001815	S2-TR000926
S1-TR001816	
S1-TR001817	S2-TR000927
S1-TR001818	S2-TR000928
S1-TR001819	S3-TR000951
S1-TR001820	S3-TR000952
S1-TR001821	S2-TR000929
S1-TR001822	S2-TR000930,S3-TR000953
S1-TR001823	S3-TR000954
S1-TR001824	S2-TR000931,S3-TR000955
S1-TR001825	S2-TR000932,S3-TR000956
S1-TR001826	S3-TR000957
S1-TR001827	S2-TR000933
S1-TR001828	S3-TR000958
S1-TR001829	S2-TR000934
S1-TR001830	
S1-TR001831	S3-TR000959
S1-TR001832	S3-TR000960
S1-TR001833	S2-TR000935,S3-TR000961
S1-TR001834	S3-TR000962
S1-TR001835	S2-TR000936
S1-TR001836	S2-TR000937
S1-TR001837	S2-TR000938,S3-TR000963
S1-TR001838	S2-TR000939,S3-TR000964
S1-TR001839	S2-TR000940
S1-TR001840	S2-TR000941
S1-TR001841	
S1-TR001842	S2-TR000942
S1-TR001843	
S1-TR001844	S2-TR000943,S3-TR000965
S1-TR001845	S2-TR000944
S1-TR001846	S2-TR000945
S1-TR001847	S2-TR000946
S1-TR001848	
S1-TR001849	S3-TR000966
S1-TR001850	S3-TR000967
S1-TR001851	S2-TR000947
S1-TR001852	S3-TR000968
S1-TR001853	S3-TR000969
S1-TR001854	
S1-TR001855	S2-TR000948
S1-TR001856	S3-TR000970
S1-TR001857	S3-TR000971
S1-TR001858	S2-TR000949,S3-TR000972
S1-TR001859	S2-TR000950,S3-TR000973
S1-TR001860	S2-TR000951
S1-TR001861	S3-TR000974
S1-TR001862	S2-TR000952
S1-TR001863	S2-TR000953
S1-TR001864	S2-TR000954
S1-TR001865	S2-TR000955
S1-TR001866	
S1-TR001867	S2-TR000956,S3-TR000975
S1-TR001868	S3-TR000976
S1-TR001869	S2-TR000957,S3-TR000977
S1-TR001870	
S1-TR001871	
S1-TR001872	S2-TR000958
S1-TR001873	S3-TR000978
S1-TR001874	S2-TR000959
S1-TR001875	S2-TR000960,S3-TR000979
S1-TR001876	S3-TR000980
S1-TR001877	S3-TR000981
S1-TR001878	S2-TR000961,S3-TR000982
S1-TR001879	S2-TR000962
S1-TR001880	S3-TR000983
S1-TR001881	
S1-TR001882	S3-TR000984
S1-TR001883	
S1-TR001884	S2-TR000963,S3-TR000985
S1-TR001885	S2-TR000964,S3-TR000986
S1-TR001886	S2-TR000965,S3-TR000987
S1-TR001887	S2-TR000966,S3-TR000988
S1-TR001888	S2-TR000967,S3-TR000989
S1-TR001889	
S1-TR001890	S2-TR000968
S1-TR001891	S3-TR000990
S1-TR001892	S3-TR000991
S1-TR001893	S2-TR000969,S3-TR000992
S1-TR001894	S2-TR000970
S1-TR001895	
S1-TR001896	
S1-TR001897	S3-TR000993
S1-TR001898	S2-TR000971,S3-TR000994
S1-TR001899	S2-TR000972,S3-TR000995
S1-TR001900	S3-TR000996
S1-TR001901	S3-TR000997
S1-TR001902	S3-TR000998
S1-TR001903	
S1-TR001904	S2-TR000973
S1-TR001905	S2-TR000974
S1-TR001906	S3-TR000999
S1-TR001907	S3-TR001000
S1-TR001908	S2-TR000975,S3-TR001001
S1-TR001909	S2-TR000976
S1-TR001910	
S1-TR001911	S2-TR000977
S1-TR001912	S3-TR001002
S1-TR001913	S2-TR000978
S1-TR001914	S2-TR000979
S1-TR001915	S2-TR000980
S1-TR001916	S2-TR000981,S3-TR001003
S1-TR001917	S2-TR000982,S3-TR001004
S1-TR001918	S2-TR000983,S3-TR001005
S1-TR001919	S2-TR000984,S3-TR001006
S1-TR001920	S3-TR001007
S1-TR001921	S2-TR000985,S3-TR001008
S1-TR001922	S2-TR000986
S1-TR001923	S3-TR001009
S1-TR001924	
S1-TR001925	S3-TR001010
S1-TR001926	
S1-TR001927	S2-TR000987
S1-TR001928	S2-TR000988,S3-TR001011
S1-TR001929	S3-TR001012
S1-TR001930	S2-TR000989,S3-TR001013
S1-TR001931	S2-TR000990
S1-TR001932	
S1-TR001933	S2-TR000991
S1-TR001934	
S1-TR001935	
S1-TR001936	S2-TR000992
S1-TR001937	
S1-TR001938	S2-TR000993
S1-TR001939	S2-TR000994
S1-TR001940	S2-TR000995,S3-TR001014
S1-TR001941	S2-TR000996
S1-TR001942	S2-TR000997
S1-TR001943	S2-TR000998
S1-TR001944	S3-TR001015
S1-TR001945	S2-TR000999,S3-TR001016
S1-TR001946	S2-TR001000
S1-TR001947	S3-TR001017
S1-TR001948	S2-TR001001,S3-TR001018
S1-TR001949	S2-TR001002,S3-TR001019
S1-TR001950	S2-TR001003
S1-TR001951	S3-TR001020
S1-TR001952	
S1-TR001953	S3-TR001021
S1-TR001954	S3-TR001022
S1-TR001955	S2-TR001004,S3-TR001023
S1-TR001956	S3-TR001024
S1-TR001957	S3-TR001025
S1-TR001958	S2-TR001005,S3-TR001026
S1-TR001959	S2-TR001006
S1-TR001960	S3-TR001027
S1-TR001961	S2-TR001007
S1-TR001962	S3-TR001028
S1-TR001963	
S1-TR001964	S2-TR001008,S3-TR001029
S1-TR001965	
S1-TR001966	S2-TR001009
S1-TR001967	S3-TR001030
S1-TR001968	S2-TR001010,S3-TR001031
S1-TR001969	S2-TR001011,S3-TR001032
S1-TR001970	
S1-TR001971	S2-TR001012,S3-TR001033
S1-TR001972	S3-TR001034
S1-TR001973	
S1-TR001974	
S1-TR001975	
S1-TR001976	S3-TR001035
S1-TR001977	S2-TR001013
S1-TR001978	S2-TR001014,S3-TR001036
S1-TR001979	
S1-TR001980	S3-TR001037
S1-TR001981	S2-TR001015,S3-TR001038
S1-TR001982	S2-TR001016
S1-TR001983	S2-TR001017
S1-TR001984	S2-TR001018
S1-TR001985	S2-TR001019,S3-TR001039
S1-TR001986	
S1-TR001987	S2-TR001020
S1-TR001988	S2-TR001021
S1-TR001989	S2-TR001022,S3-TR001040
S1-TR001990	S2-TR001023,S3-TR001041
S1-TR001991	S2-TR001024,S3-TR001042
S1-TR001992	
S1-TR001993	S2-TR001025,S3-TR001043
S1-TR001994	
S1-TR001995	S2-TR001026,S3-TR001044
S1-TR001996	
S1-TR001997	S3-TR001045
S1-TR001998	
S1-TR001999	S2-TR001027,S3-TR001046
S1-TR002000	S3-TR001047
S1-TR002001	S3-TR001048
S1-TR002002	
S1-TR002003	
S1-TR002004	S2-TR001028
S1-TR002005	
S1-TR002006	S2-TR001029
S1-TR002007	S3-TR001049
S1-TR002008	S3-TR001050
S1-TR002009	S2-TR001030,S3-TR001051
S1-TR002010	S3-TR001052
S1-TR002011	
S1-TR002012	S3-TR001053
S1-TR002013	S3-TR001054
S1-TR002014	S3-TR001055
S1-TR002015	S2-TR001031
S1-TR002016	
S1-TR002017	S3-TR001056
S1-TR002018	S3-TR001057
S1-TR002019	S3-TR001058
S1-TR002020	S3-TR001059
S1-TR002021	
S1-TR002022	
S1-TR002023	S2-TR001032
S1-TR002024	S2-TR001033,S3-TR001060
S1-TR002025	S2-TR001034,S3-TR001061
S1-TR002026	
S1-TR002027	
S1-TR002028	S2-TR001035
S1-TR002029	S3-TR001062
S1-TR002030	S2-TR001036
S1-TR002031	S2-TR001037,S3-TR001063
S1-TR002032	
S1-TR002033	
S1-TR002034	S3-TR001064
S1-TR002035	S2-TR001038,S3-TR001065
S1-TR002036	S2-TR001039,S3-TR001066
S1-TR002037	S2-TR001040,S3-TR001067
S1-TR002038	S3-TR001068
S1-TR002039	S2-TR001041,S3-TR001069
S1-TR002040	S2-TR001042
S1-TR002041	S2-TR001043,S3-TR001070
S1-TR002042	S3-TR001071
S1-TR002043	S2-TR001044
S1-TR002044	S2-TR001045,S3-TR001072
S1-TR002045	S2-TR001046
S1-TR002046	S2-TR001047
S1-TR002047	S3-TR001073
S1-TR002048	
S1-TR002049	S2-TR001048
S1-TR002050	S2-TR001049,S3-TR001074
S1-TR002051	
S1-TR002052	S3-TR001075
S1-TR002053	S2-TR001050
S1-TR002054	S3-TR001076
S1-TR002055	
S1-TR002056	S3-TR001077
S1-TR002057	S3-TR001078
S1-TR002058	S3-TR001079
S1-TR002059	S3-TR001080
S1-TR002060	S2-TR001051,S3-TR001081
S1-TR002061	S2-TR001052,S3-TR001082
S1-TR002062	S3-TR001083
S1-TR002063	S2-TR001053,S3-TR001084
S1-TR002064	S3-TR001085
S1-TR002065	S3-TR001086
S1-TR002066	
S1-TR002067	S2-TR001054,S3-TR001087
S1-TR002068	S2-TR001055,S3-TR001088
S1-TR002069	
S1-TR002070	
S1-TR002071	S2-TR001056
S1-TR002072	
S1-TR002073	S2-TR001057
S1-TR002074	
S1-TR002075	
S1-TR002076	S2-TR001058,S3-TR001089
S1-TR002077	S2-TR001059
S1-TR002078	S2-TR001060
S1-TR002079	S2-TR001061
S1-TR002080	S2-TR001062,S3-TR001090
S1-TR002081	S3-TR001091
S1-TR002082	S2-TR001063
S1-TR002083	
S1-TR002084	S3-TR001092
S1-TR002085	S3-TR001093
S1-TR002086	S3-TR001094
S1-TR002087	S3-TR001095
S1-TR002088	S3-TR001096
S1-TR002089	S3-TR001097
S1-TR002090	S2-TR001064
S1-TR002091	S2-TR001065,S3-TR001098
S1-TR002092	S2-TR001066
S1-TR002093	S2-TR001067,S3-TR001099
S1-TR002094	S2-TR001068
S1-TR002095	
S1-TR002096	S3-TR001100
S1-TR002097	S3-TR001101
S1-TR002098	S3-TR001102
S1-TR002099	S2-TR001069
S1-TR002100	S2-TR001070
S1-TR002101	S2-TR001071,S3-TR001103
S1-TR002102	
S1-TR002103	
S1-TR002104	S2-TR001072
S1-TR002105	
S1-TR002106	S2-TR001073
S1-TR002107	S2-TR001074
S1-TR002108	S2-TR001075,S3-TR001104
S1-TR002109	S3-TR001105
S1-TR002110	S2-TR001076,S3-TR001106
S1-TR002111	
S1-TR002112	S3-TR001107
S1-TR002113	S2-TR001077
S1-TR002114	S2-TR001078,S3-TR001108
S1-TR002115	S3-TR001109
S1-TR002116	S3-TR001110
S1-TR002117	S2-TR001079
S1-TR002118	S2-TR001080
S1-TR002119	S3-TR001111
S1-TR002120	
S1-TR002121	S2-TR001081,S3-TR001112
S1-TR002122	S2-TR001082,S3-TR001113
S1-TR002123	S2-TR001083,S3-TR001114
S1-TR002124	
S1-TR002125	S2-TR001084,S3-TR001115
S1-TR002126	S3-TR001116
S1-TR002127	S3-TR001117
S1-TR002128	
S1-TR002129	S2-TR001085,S3-TR001118
S1-TR002130	
S1-TR002131	
S1-TR002132	S2-TR001086
S1-TR002133	S3-TR001119
S1-TR002134	
S1-TR002135	S3-TR001120
S1-TR002136	S2-TR001087,S3-TR001121
S1-TR002137	S2-TR001088
S1-TR002138	S2-TR001089
S1-TR002139	S2-TR001090
S1-TR002140	S2-TR001091
S1-TR002141	
S1-TR002142	S2-TR001092,S3-TR001122
S1-TR002143	S2-TR001093,S3-TR001123
S1-TR002144	S2-TR001094
S1-TR002145	S3-TR001124
S1-TR002146	S3-TR001125
S1-TR002147	S2-TR001095,S3-TR001126
S1-TR002148	S3-TR001127
S1-TR002149	
S1-TR002150	S2-TR001096,S3-TR001128
S1-TR002151	S2-TR001097
S1-TR002152	S2-TR001098
S1-TR002153	S2-TR001099
S1-TR002154	
S1-TR002155	S2-TR001100,S3-TR001129
S1-TR002156	S2-TR001101
S1-TR002157	S3-TR001130
S1-TR002158	S2-TR001102,S3-TR001131
S1-TR002159	S2-TR001103,S3-TR001132
S1-TR002160	S3-TR001133
S1-TR002161	S2-TR001104
S1-TR002162	S3-TR001134
S1-TR002163	S2-TR001105
S1-TR002164	S3-TR001135
S1-TR002165	
S1-TR002166	
S1-TR002167	S2-TR001106
S1-TR002168	S2-TR001107
S1-TR002169	S2-TR001108
S1-TR002170	S3-TR001136
S1-TR002171	S3-TR001137
S1-TR002172	S3-TR001138
S1-TR002173	S2-TR001109,S3-TR001139
S1-TR002174	S2-TR001110
S1-TR002175	
S1-TR002176	
S1-TR002177	
S1-TR002178	S3-TR001140
S1-TR002179	
S1-TR002180	
S1-TR002181	
S1-TR002182	S2-TR001111,S3-TR001141
S1-TR002183	S2-TR001112,S3-TR001142
S1-TR002184	
S1-TR002185	
S1-TR002186	
S1-TR002187	S2-TR001113
S1-TR002188	S2-TR001114,S3-TR001143
S1-TR002189	S3-TR001144
S1-TR002190	S2-TR001115,S3-TR001145
S1-TR002191	S2-TR001116,S3-TR001146
S1-TR002192	S2-TR001117,S3-TR001147
S1-TR002193	
S1-TR002194	
S1-TR002195	S3-TR001148
S1-TR002196	S3-TR001149
S1-TR002197	
S1-TR002198	S3-TR001150
S1-TR002199	S2-TR001118
S1-TR002200	S3-TR001151
S1-TR002201	S3-TR001152
S1-TR002202	S2-TR001119
S1-TR002203	S2-TR001120,S3-TR001153
S1-TR002204	S2-TR001121
S1-TR002205	
S1-TR002206	S2-TR001122
S1-TR002207	S3-TR001154
S1-TR002208	S3-TR001155
S1-TR002209	S2-TR001123,S3-TR001156
S1-TR002210	
S1-TR002211	
S1-TR002212	S3-TR001157
S1-TR002213	S2-TR001124
S1-TR002214	S3-TR001158
S1-TR002215	S3-TR001159
S1-TR002216	S2-TR001125
S1-TR002217	S2-TR001126,S3-TR001160
S1-TR002218	S2-TR001127,S3-TR001161
S1-TR002219	S3-TR001162
S1-TR002220	S2-TR001128,S3-TR001163
S1-TR002221	S2-TR001129
S1-TR002222	S2-TR001130
S1-TR002223	S3-TR001164
S1-TR002224	S3-TR001165
S1-TR002225	S2-TR001131,S3-TR001166
S1-TR002226	
S1-TR002227	S2-TR001132,S3-TR001167
S1-TR002228	S2-TR001133,S3-TR001168
S1-TR002229	S2-TR001134,S3-TR001169
S1-TR002230	S2-TR001135,S3-TR001170
S1-TR002231	S3-TR001171
S1-TR002232	
S1-TR002233	S2-TR001136
S1-TR002234	S2-TR001137,S3-TR001172
S1-TR002235	S2-TR001138,S3-TR001173
S1-TR002236	
S1-TR002237	S2-TR001139
S1-TR002238	S3-TR001174
S1-TR002239	S3-TR001175
S1-TR002240	S3-TR001176
S1-TR002241	
S1-TR002242	S2-TR001140,S3-TR001177
S1-TR002243	S3-TR001178
S1-TR002244	S2-TR001141
S1-TR002245	S3-TR001179
S1-TR002246	S2-TR001142,S3-TR001180
S1-TR002247	S2-TR001143
S1-TR002248	S2-TR001144,S3-TR001181
S1-TR002249	S3-TR001182
S1-TR002250	S3-TR001183
S1-TR002251	
S1-TR002252	
S1-TR002253	S2-TR001145,S3-TR001184
S1-TR002254	S3-TR001185
S1-TR002255	S3-TR001186
S1-TR002256	S2-TR001146,S3-TR001187
S1-TR002257	
S1-TR002258	S3-TR001188
S1-TR002259	S2-TR001147
S1-TR002260	S2-TR001148,S3-TR001189
S1-TR002261	S2-TR001149,S3-TR001190
S1-TR002262	S2-TR001150,S3-TR001191
S1-TR002263	S2-TR001151
S1-TR002264	S3-TR001192
S1-TR002265	
S1-TR002266	
S1-TR002267	S2-TR001152,S3-TR001193
S1-TR002268	S2-TR001153
S1-TR002269	S2-TR001154
S1-TR002270	S3-TR001194
S1-TR002271	S3-TR001195
S1-TR002272	S3-TR001196
S1-TR002273	S3-TR001197
S1-TR002274	S2-TR001155
S1-TR002275	S2-TR001156,S3-TR001198
S1-TR002276	
S1-TR002277	S2-TR001157
S1-TR002278	S2-TR001158,S3-TR001199
S1-TR002279	
S1-TR002280	S3-TR001200
S1-TR002281	
S1-TR002282	S2-TR001159
S1-TR002283	S3-TR001201
S1-TR002284	
S1-TR002285	
S1-TR002286	S3-TR001202
S1-TR002287	S2-TR001160,S3-TR001203
S1-TR002288	S2-TR001161
S1-TR002289	S2-TR001162
S1-TR002290	S2-TR001163,S3-TR001204
S1-TR002291	
S1-TR002292	S2-TR001164,S3-TR001205
S1-TR002293	S2-TR001165,S3-TR001206
S1-TR002294	S2-TR001166
S1-TR002295	
S1-TR002296	S2-TR001167
S1-TR002297	S3-TR001207
S1-TR002298	S3-TR001208
S1-TR002299	S3-TR001209
S1-TR002300	S3-TR001210
S1-TR002301	S3-TR001211
S1-TR002302	S3-TR001212
S1-TR002303	S3-TR001213
S1-TR002304	S2-TR001168,S3-TR001214
S1-TR002305	S2-TR001169
S1-TR002306	S2-TR001170
S1-TR002307	S3-TR001215
S1-TR002308	S2-TR001171
S1-TR002309	S2-TR001172,S3-TR001216
S1-TR002310	
S1-TR002311	
S1-TR002312	S2-TR001173
S1-TR002313	
S1-TR002314	S2-TR001174
S1-TR002315	S3-TR001217
S1-TR002316	
S1-TR002317	S2-TR001175,S3-TR001218
S1-TR002318	S3-TR001219
S1-TR002319	S2-TR001176,S3-TR001220
S1-TR002320	S2-TR001177
S1-TR002321	
S1-TR002322	
S1-TR002323	S3-TR001221
S1-TR002324	S3-TR001222
S1-TR002325	S2-TR001178
S1-TR002326	S2-TR001179,S3-TR001223
S1-TR002327	S2-TR001180,S3-TR001224
S1-TR002328	S3-TR001225
S1-TR002329	S2-TR001181
S1-TR002330	
S1-TR002331	S3-TR001226
S1-TR002332	S2-TR001182
S1-TR002333	S2-TR001183,S3-TR001227
S1-TR002334	S3-TR001228
S1-TR002335	S2-TR001184,S3-TR001229
S1-TR002336	
S1-TR002337	
S1-TR002338	S2-TR001185,S3-TR001230
S1-TR002339	
S1-TR002340	
S1-TR002341	S2-TR001186
S1-TR002342	S2-TR001187
S1-TR002343	S2-TR001188
S1-TR002344	S2-TR001189
S1-TR002345	S2-TR001190
S1-TR002346	S2-TR001191,S3-TR001231
S1-TR002347	S2-TR001192
S1-TR002348	S2-TR001193,S3-TR001232
S1-TR002349	S2-TR001194,S3-TR001233
S1-TR002350	S2-TR001195
S1-TR002351	
S1-TR002352	S3-TR001234
S1-TR002353	S3-TR001235
S1-TR002354	S2-TR001196
S1-TR002355	S2-TR001197
S1-TR002356	S3-TR001236
S1-TR002357	S3-TR001237
S1-TR002358	S3-TR001238
S1-TR002359	S3-TR001239
S1-TR002360	
S1-TR002361	S3-TR001240
S1-TR002362	S2-TR001198,S3-TR001241
S1-TR002363	S3-TR001242
S1-TR002364	S2-TR001199
S1-TR002365	S2-TR001200,S3-TR001243
S1-TR002366	S2-TR001201
S1-TR002367	
S1-TR002368	S3-TR001244
S1-TR002369	
S1-TR002370	S2-TR001202,S3-TR001245
S1-TR002371	S3-TR001246
S1-TR002372	S3-TR001247
S1-TR002373	S2-TR001203,S3-TR001248
S1-TR002374	S2-TR001204,S3-TR001249
S1-TR002375	S3-TR001250
S1-TR002376	S2-TR001205,S3-TR001251
S1-TR002377	S2-TR001206
S1-TR002378	S3-TR001252
S1-TR002379	S2-TR001207
S1-TR002380	
S1-TR002381	S3-TR001253
S1-TR002382	
S1-TR002383	
S1-TR002384	
S1-TR002385	S2-TR001208,S3-TR001254
S1-TR002386	
S1-TR002387	
S1-TR002388	
S1-TR002389	S3-TR001255
S1-TR002390	S3-TR001256
S1-TR002391	
S1-TR002392	S2-TR001209,S3-TR001257
S1-TR002393	
S1-TR002394	
S1-TR002395	S2-TR001210,S3-TR001258
S1-TR002396	S3-TR001259
S1-TR002397	
S1-TR002398	S2-TR001211
S1-TR002399	
S1-TR002400	
S1-TR002401	S2-TR001212,S3-TR001260
S1-TR002402	S3-TR001261
S1-TR002403	
S1-TR002404	
S1-TR002405	S2-TR001213
S1-TR002406	S2-TR001214,S3-TR001262
S1-TR002407	S2-TR001215,S3-TR001263
S1-TR002408	S3-TR001264
S1-TR002409	S2-TR001216,S3-TR001265
S1-TR002410	S3-TR001266
S1-TR002411	S2-TR001217
S1-TR002412	
S1-TR002413	S3-TR001267
S1-TR002414	S2-TR001218,S3-TR001268
S1-TR002415	S2-TR001219,S3-TR001269
S1-TR002416	S2-TR001220
S1-TR002417	S2-TR001221,S3-TR001270
S1-TR002418	
S1-TR002419	S2-TR001222
S1-TR002420	S2-TR001223
S1-TR002421	
S1-TR002422	S2-TR001224,S3-TR001271
S1-TR002423	S2-TR001225
S1-TR002424	
S1-TR002425	S3-TR001272
S1-TR002426	S2-TR001226
S1-TR002427	S2-TR001227
S1-TR002428	
S1-TR002429	S3-TR001273
S1-TR002430	S3-TR001274
S1-TR002431	S2-TR001228
S1-TR002432	S2-TR001229,S3-TR001275
S1-TR002433	S2-TR001230,S3-TR001276
S1-TR002434	
S1-TR002435	S2-TR001231,S3-TR001277
S1-TR002436	
S1-TR002437	S2-TR001232
S1-TR002438	S2-TR001233
S1-TR002439	S2-TR001234
S1-TR002440	
S1-TR002441	
S1-TR002442	S3-TR001278
S1-TR002443	
S1-TR002444	S2-TR001235
S1-TR002445	S2-TR001236
S1-TR002446	S2-TR001237,S3-TR001279
S1-TR002447	S2-TR001238
S1-TR002448	S2-TR001239,S3-TR001280
S1-TR002449	
S1-TR002450	S2-TR001240,S3-TR001281
S1-TR002451	
S1-TR002452	S3-TR001282
S1-TR002453	
S1-TR002454	S2-TR001241
S1-TR002455	S3-TR001283
S1-TR002456	
S1-TR002457	S2-TR001242
S1-TR002458	S3-TR001284
S1-TR002459	S2-TR001243,S3-TR001285
S1-TR002460	S2-TR001244
S1-TR002461	S3-TR001286
S1-TR002462	S2-TR001245,S3-TR001287
S1-TR002463	S2-TR001246
S1-TR002464	S2-TR001247,S3-TR001288
S1-TR002465	S2-TR001248,S3-TR001289
S1-TR002466	S3-TR001290
S1-TR002467	S3-TR001291
S1-TR002468	S3-TR001292
S1-TR002469	
S1-TR002470	S2-TR001249,S3-TR001293
S1-TR002471	S2-TR001250
S1-TR002472	
S1-TR002473	
S1-TR002474	S2-TR001251,S3-TR001294
S1-TR002475	S2-TR001252,S3-TR001295
S1-TR002476	S3-TR001296
S1-TR002477	S3-TR001297
S1-TR002478	S3-TR001298
S1-TR002479	S2-TR001253,S3-TR001299
S1-TR002480	S2-TR001254,S3-TR001300
S1-TR002481	S2-TR001255,S3-TR001301
S1-TR002482	S2-TR001256
S1-TR002483	
S1-TR002484	S3-TR001302
S1-TR002485	
S1-TR002486	S2-TR001257
S1-TR002487	S2-TR001258
S1-TR002488	S3-TR001303
S1-TR002489	S3-TR001304
S1-TR002490	S2-TR001259,S3-TR001305
S1-TR002491	S2-TR001260
S1-TR002492	S2-TR001261
S1-TR002493	
S1-TR002494	S2-TR001262
S1-TR002495	S2-TR001263
S1-TR002496	
S1-TR002497	S2-TR001264,S3-TR001306
S1-TR002498	S2-TR001265
S1-TR002499	S2-TR001266,S3-TR001307
S1-TR002500	S3-TR001308
S1-TR002501	S3-TR001309
S1-TR002502	S3-TR001310
S1-TR002503	
S1-TR002504	S2-TR001267,S3-TR001311
S1-TR002505	S2-TR001268,S3-TR001312
S1-TR002506	S3-TR001313
S1-TR002507	S3-TR001314
S1-TR002508	S2-TR001269
S1-TR002509	S2-TR001270,S3-TR001315
S1-TR002510	S2-TR001271,S3-TR001316
S1-TR002511	S2-TR001272
S1-TR002512	
S1-TR002513	
S1-TR002514	S2-TR001273
S1-TR002515	S3-TR001317
S1-TR002516	S3-TR001318
S1-TR002517	S2-TR001274,S3-TR001319
S1-TR002518	S3-TR001320
S1-TR002519	S3-TR001321
S1-TR002520	S2-TR001275
S1-TR002521	
S1-TR002522	S2-TR001276,S3-TR001322
S1-TR002523	
S1-TR002524	S2-TR001277
S1-TR002525	S3-TR001323
S1-TR002526	
S1-TR002527	S2-TR001278,S3-TR001324
S1-TR002528	S2-TR001279
S1-TR002529	S2-TR001280,S3-TR001325
S1-TR002530	S2-TR001281,S3-TR001326
S1-TR002531	S2-TR001282
S1-TR002532	S2-TR001283
S1-TR002533	
S1-TR002534	S2-TR001284
S1-TR002535	S2-TR001285,S3-TR001327
S1-TR002536	S2-TR001286,S3-TR001328
S1-TR002537	S3-TR001329
S1-TR002538	S3-TR001330
S1-TR002539	S2-TR001287
S1-TR002540	S2-TR001288,S3-TR001331
S1-TR002541	
S1-TR002542	
S1-TR002543	
S1-TR002544	S2-TR001289,S3-TR001332
S1-TR002545	S2-TR001290,S3-TR001333
S1-TR002546	
S1-TR002547	S2-TR001291,S3-TR001334
S1-TR002548	S2-TR001292
S1-TR002549	
S1-TR002550	S3-TR001335
S1-TR002551	
S1-TR002552	S2-TR001293
S1-TR002553	S2-TR001294
S1-TR002554	
S1-TR002555	S2-TR001295
S1-TR002556	
S1-TR002557	
S1-TR002558	
S1-TR002559	S2-TR001296
S1-TR002560	S2-TR001297,S3-TR001336
S1-TR002561	S2-TR001298,S3-TR001337
S1-TR002562	
S1-TR002563	S3-TR001338
S1-TR002564	S3-TR001339
S1-TR002565	S3-TR001340
S1-TR002566	S2-TR001299
S1-TR002567	S2-TR001300
S1-TR002568	S2-TR001301,S3-TR001341
S1-TR002569	S3-TR001342
S1-TR002570	S2-TR001302
S1-TR002571	S2-TR001303
S1-TR002572	S2-TR001304
S1-TR002573	
S1-TR002574	S2-TR001305
S1-TR002575	S2-TR001306
S1-TR002576	S3-TR001343
S1-TR002577	S3-TR001344
S1-TR002578	S2-TR001307,S3-TR001345
S1-TR002579	
S1-TR002580	S2-TR001308,S3-TR001346
S1-TR002581	S3-TR001347
S1-TR002582	S2-TR001309
S1-TR002583	S2-TR001310,S3-TR001348
S1-TR002584	
S1-TR002585	S2-TR001311
S1-TR002586	S2-TR001312
S1-TR002587	
S1-TR002588	S2-TR001313,S3-TR001349
S1-TR002589	S3-TR001350
S1-TR002590	S2-TR001314,S3-TR001351
S1-TR002591	S2-TR001315,S3-TR001352
S1-TR002592	
S1-TR002593	S2-TR001316,S3-TR001353
S1-TR002594	S2-TR001317,S3-TR001354
S1-TR002595	S2-TR001318,S3-TR001355
S1-TR002596	S2-TR001319
S1-TR002597	S2-TR001320,S3-TR001356
S1-TR002598	S3-TR001357
S1-TR002599	S3-TR001358
S1-TR002600	S2-TR001321
S1-TR002601	S3-TR001359
S1-TR002602	
S1-TR002603	S2-TR001322,S3-TR001360
S1-TR002604	S2-TR001323
S1-TR002605	S3-TR001361
S1-TR002606	S2-TR001324
S1-TR002607	
S1-TR002608	S2-TR001325
S1-TR002609	
S1-TR002610	S2-TR001326
S1-TR002611	
S1-TR002612	
S1-TR002613	S2-TR001327
S1-TR002614	
S1-TR002615	S2-TR001328
S1-TR002616	
S1-TR002617	S2-TR001329
S1-TR002618	S2-TR001330,S3-TR001362
S1-TR002619	
S1-TR002620	S3-TR001363
S1-TR002621	S3-TR001364
S1-TR002622	
S1-TR002623	S2-TR001331
S1-TR002624	S2-TR001332
S1-TR002625	S3-TR001365
S1-TR002626	
S1-TR002627	S3-TR001366
S1-TR002628	
S1-TR002629	S3-TR001367
S1-TR002630	S2-TR001333,S3-TR001368
S1-TR002631	
S1-TR002632	S2-TR001334,S3-TR001369
S1-TR002633	S2-TR001335
S1-TR002634	S3-TR001370
S1-TR002635	S2-TR001336
S1-TR002636	
S1-TR002637	S2-TR001337,S3-TR001371
S1-TR002638	S2-TR001338,S3-TR001372
S1-TR002639	S2-TR001339,S3-TR001373
S1-TR002640	S2-TR001340,S3-TR001374
S1-TR002641	
S1-TR002642	S3-TR001375
S1-TR002643	S3-TR001376
S1-TR002644	S3-TR001377
S1-TR002645	S2-TR001341
S1-TR002646	S2-TR001342,S3-TR001378
S1-TR002647	S2-TR001343,S3-TR001379
S1-TR002648	S2-TR001344
S1-TR002649	
S1-TR002650	S2-TR001345,S3-TR001380
S1-TR002651	S3-TR001381
S1-TR002652	S2-TR001346
S1-TR002653	S2-TR001347
S1-TR002654	
S1-TR002655	S3-TR001382
S1-TR002656	S3-TR001383
S1-TR002657	S3-TR001384
S1-TR002658	S2-TR001348,S3-TR001385
S1-TR002659	S2-TR001349
S1-TR002660	S2-TR001350
S1-TR002661	S2-TR001351
S1-TR002662	S2-TR001352,S3-TR001386
S1-TR002663	S2-TR001353,S3-TR001387
S1-TR002664	S2-TR001354
S1-TR002665	S2-TR001355
S1-TR002666	S3-TR001388
S1-TR002667	S2-TR001356
S1-TR002668	
S1-TR002669	S3-TR001389
S1-TR002670	S2-TR001357
S1-TR002671	S2-TR001358
S1-TR002672	S2-TR001359,S3-TR001390
S1-TR002673	S2-TR001360,S3-TR001391
S1-TR002674	S2-TR001361
S1-TR002675	S3-TR001392
S1-TR002676	S3-TR001393
S1-TR002677	
S1-TR002678	S2-TR001362
S1-TR002679	S2-TR001363
S1-TR002680	S2-TR001364,S3-TR001394
S1-TR002681	
S1-TR002682	
S1-TR002683	S2-TR001365,S3-TR001395
S1-TR002684	S3-TR001396
S1-TR002685	S2-TR001366,S3-TR001397
S1-TR002686	S2-TR001367,S3-TR001398
S1-TR002687	
S1-TR002688	
S1-TR002689	
S1-TR002690	S2-TR001368
S1-TR002691	S2-TR001369
S1-TR002692	S2-TR001370
S1-TR002693	S2-TR001371
S1-TR002694	
S1-TR002695	S3-TR001399
S1-TR002696	
S1-TR002697	S3-TR001400
S1-TR002698	S2-TR001372,S3-TR001401
S1-TR002699	S3-TR001402
S1-TR002700	S2-TR001373,S3-TR001403
S1-TR002701	S3-TR001404
S1-TR002702	S3-TR001405
S1-TR002703	S2-TR001374,S3-TR001406
S1-TR002704	S3-TR001407
S1-TR002705	S3-TR001408
S1-TR002706	S2-TR001375
S1-TR002707	S3-TR001409
S1-TR002708	S2-TR001376,S3-TR001410
S1-TR002709	S2-TR001377,S3-TR001411
S1-TR002710	
S1-TR002711	S2-TR001378
S1-TR002712	S2-TR001379,S3-TR001412
S1-TR002713	S3-TR001413
S1-TR002714	S2-TR001380
S1-TR002715	S2-TR001381
S1-TR002716	S3-TR001414
S1-TR002717	
S1-TR002718	
S1-TR002719	
S1-TR002720	S2-TR001382,S3-TR001415
S1-TR002721	S3-TR001416
S1-TR002722	S2-TR001383,S3-TR001417
S1-TR002723	S2-TR001384,S3-TR001418
S1-TR002724	S2-TR001385,S3-TR001419
S1-TR002725	
S1-TR002726	S3-TR001420
S1-TR002727	S2-TR001386,S3-TR001421
S1-TR002728	S2-TR001387,S3-TR001422
S1-TR002729	S3-TR001423
S1-TR002730	S2-TR001388
S1-TR002731	S2-TR001389,S3-TR001424
S1-TR002732	S3-TR001425
S1-TR002733	S3-TR001426
S1-TR002734	S2-TR001390
S1-TR002735	S2-TR001391,S3-TR001427
S1-TR002736	S2-TR001392
S1-TR002737	
S1-TR002738	S3-TR001428
S1-TR002739	S2-TR001393,S3-TR001429
S1-TR002740	
S1-TR002741	S2-TR001394
S1-TR002742	S3-TR001430
S1-TR002743	
S1-TR002744	S3-TR001431
S1-TR002745	S2-TR001395,S3-TR001432
S1-TR002746	S2-TR001396
S1-TR002747	S2-TR001397,S3-TR001433
S1-TR002748	
S1-TR002749	S2-TR001398,S3-TR001434
S1-TR002750	
S1-TR002751	
S1-TR002752	S3-TR001435
S1-TR002753	
S1-TR002754	S3-TR001436
S1-TR002755	
S1-TR002756	S3-TR001437
S1-TR002757	S2-TR001399,S3-TR001438
S1-TR002758	S3-TR001439
S1-TR002759	S2-TR001400,S3-TR001440
S1-TR002760	S3-TR001441
S1-TR002761	S2-TR001401,S3-TR001442
S1-TR002762	S3-TR001443
S1-TR002763	S2-TR001402,S3-TR001444
S1-TR002764	S2-TR001403
S1-TR002765	S3-TR001445
S1-TR002766	S3-TR001446
S1-TR002767	S2-TR001404
S1-TR002768	
S1-TR002769	S3-TR001447
S1-TR002770	S2-TR001405,S3-TR001448
S1-TR002771	S3-TR001449
S1-TR002772	S2-TR001406,S3-TR001450
S1-TR002773	S2-TR001407,S3-TR001451
S1-TR002774	
S1-TR002775	S3-TR001452
S1-TR002776	S2-TR001408,S3-TR001453
S1-TR002777	S3-TR001454
S1-TR002778	S3-TR001455
S1-TR002779	
S1-TR002780	S2-TR001409
S1-TR002781	S2-TR001410
S1-TR002782	S3-TR001456
S1-TR002783	
S1-TR002784	S2-TR001411,S3-TR001457
S1-TR002785	
S1-TR002786	S2-TR001412,S3-TR001458
S1-TR002787	S2-TR001413
S1-TR002788	
S1-TR002789	
S1-TR002790	S3-TR001459
S1-TR002791	S2-TR001414
S1-TR002792	S2-TR001415,S3-TR001460
S1-TR002793	
S1-TR002794	S2-TR001416
S1-TR002795	S2-TR001417
S1-TR002796	S2-TR001418,S3-TR001461
S1-TR002797	S2-TR001419
S1-TR002798	S2-TR001420,S3-TR001462
S1-TR002799	
S1-TR002800	
S1-TR002801	S2-TR001421,S3-TR001463
S1-TR002802	S3-TR001464
S1-TR002803	S3-TR001465
S1-TR002804	S2-TR001422,S3-TR001466
S1-TR002805	S2-TR001423,S3-TR001467
S1-TR002806	S2-TR001424,S3-TR001468
S1-TR002807	S2-TR001425
S1-TR002808	S3-TR001469
S1-TR002809	S3-TR001470
S1-TR002810	S3-TR001471
S1-TR002811	S2-TR001426
S1-TR002812	S3-TR001472
S1-TR002813	S2-TR001427,S3-TR001473
S1-TR002814	S3-TR001474
S1-TR002815	S2-TR001428
S1-TR002816	S3-TR001475
S1-TR002817	S2-TR001429,S3-TR001476
S1-TR002818	
S1-TR002819	S2-TR001430,S3-TR001477
S1-TR002820	S2-TR001431,S3-TR001478
S1-TR002821	S2-TR001432
S1-TR002822	S3-TR001479
S1-TR002823	S2-TR001433,S3-TR001480
S1-TR002824	
S1-TR002825	
S1-TR002826	S2-TR001434,S3-TR001481
S1-TR002827	S3-TR001482
S1-TR002828	
S1-TR002829	S2-TR001435
S1-TR002830	
S1-TR002831	S3-TR001483
S1-TR002832	S2-TR001436
S1-TR002833	
S1-TR002834	S2-TR001437,S3-TR001484
S1-TR002835	
S1-TR002836	S2-TR001438
S1-TR002837	S2-TR001439
S1-TR002838	
S1-TR002839	S2-TR001440
S1-TR002840	S2-TR001441,S3-TR001485
S1-TR002841	S3-TR001486
S1-TR002842	S2-TR001442
S1-TR002843	S3-TR001487
S1-TR002844	S3-TR001488
S1-TR002845	S2-TR001443
S1-TR002846	S2-TR001444
S1-TR002847	S2-TR001445,S3-TR001489
S1-TR002848	S2-TR001446
S1-TR002849	S2-TR001447
S1-TR002850	S2-TR001448,S3-TR001490
S1-TR002851	S2-TR001449
S1-TR002852	S2-TR001450
S1-TR002853	S2-TR001451,S3-TR001491
S1-TR002854	S2-TR001452
S1-TR002855	
S1-TR002856	
S1-TR002857	S2-TR001453
S1-TR002858	S2-TR001454
S1-TR002859	S3-TR001492
S1-TR002860	S2-TR001455,S3-TR001493
S1-TR002861	S2-TR001456
S1-TR002862	S3-TR001494
S1-TR002863	S3-TR001495
S1-TR002864	S2-TR001457
S1-TR002865	S2-TR001458,S3-TR001496
S1-TR002866	S2-TR001459
S1-TR002867	
S1-TR002868	S2-TR001460,S3-TR001497
S1-TR002869	S2-TR001461
S1-TR002870	S3-TR001498
S1-TR002871	S3-TR001499
S1-TR002872	S2-TR001462,S3-TR001500
S1-TR002873	S3-TR001501
S1-TR002874	
S1-TR002875	S3-TR001502
S1-TR002876	S2-TR001463
S1-TR002877	S2-TR001464,S3-TR001503
S1-TR002878	S2-TR001465
S1-TR002879	
S1-TR002880	S2-TR001466,S3-TR001504
S1-TR002881	S2-TR001467
S1-TR002882	
S1-TR002883	S3-TR001505
S1-TR002884	
S1-TR002885	S2-TR001468
S1-TR002886	S3-TR001506
S1-TR002887	S2-TR001469
S1-TR002888	
S1-TR002889	S2-TR001470
S1-TR002890	S2-TR001471
S1-TR002891	S3-TR001507
S1-TR002892	S2-TR001472
S1-TR002893	S3-TR001508
S1-TR002894	S3-TR001509
S1-TR002895	S3-TR001510
S1-TR002896	
S1-TR002897	S2-TR001473,S3-TR001511
S1-TR002898	S3-TR001512
S1-TR002899	S2-TR001474,S3-TR001513
S1-TR002900	S3-TR001514
S1-TR002901	S2-TR001475,S3-TR001515
S1-TR002902	S2-TR001476
S1-TR002903	S2-TR001477
S1-TR002904	S2-TR001478
S1-TR002905	S3-TR001516
S1-TR002906	S2-TR001479,S3-TR001517
S1-TR002907	
S1-TR002908	S2-TR001480
S1-TR002909	S2-TR001481,S3-TR001518
S1-TR002910	S2-TR001482
S1-TR002911	S2-TR001483,S3-TR001519
S1-TR002912	S2-TR001484
S1-TR002913	S3-TR001520
S1-TR002914	S2-TR001485
S1-TR002915	S2-TR001486,S3-TR001521
S1-TR002916	S2-TR001487
S1-TR002917	
S1-TR002918	
S1-TR002919	S2-TR001488,S3-TR001522
S1-TR002920	S2-TR001489
S1-TR002921	
S1-TR002922	S3-TR001523
S1-TR002923	S3-TR001524
S1-TR002924	S2-TR001490
S1-TR002925	S2-TR001491
S1-TR002926	S2-TR001492
S1-TR002927	
S1-TR002928	S3-TR001525
S1-TR002929	S3-TR001526
S1-TR002930	S2-TR001493
S1-TR002931	
S1-TR002932	S2-TR001494,S3-TR001527
S1-TR002933	S2-TR001495,S3-TR001528
S1-TR002934	S2-TR001496,S3-TR001529
S1-TR002935	S2-TR001497,S3-TR001530
S1-TR002936	S2-TR001498
S1-TR002937	S2-TR001499,S3-TR001531
S1-TR002938	S2-TR001500,S3-TR001532
S1-TR002939	S2-TR001501
S1-TR002940	S2-TR001502,S3-TR001533
S1-TR002941	S3-TR001534
S1-TR002942	S3-TR001535
S1-TR002943	
S1-TR002944	S2-TR001503
S1-TR002945	S2-TR001504,S3-TR001536
S1-TR002946	S2-TR001505
S1-TR002947	S3-TR001537
S1-TR002948	S2-TR001506,S3-TR001538
S1-TR002949	S3-TR001539
S1-TR002950	S3-TR001540
S1-TR002951	S3-TR001541
S1-TR002952	S3-TR001542
S1-TR002953	S3-TR001543
S1-TR002954	S2-TR001507
S1-TR002955	S2-TR001508,S3-TR001544
S1-TR002956	
S1-TR002957	S2-TR001509
S1-TR002958	
S1-TR002959	S2-TR001510,S3-TR001545
S1-TR002960	S2-TR001511
S1-TR002961	
S1-TR002962	S3-TR001546
S1-TR002963	
S1-TR002964	S3-TR001547
S1-TR002965	S2-TR001512
S1-TR002966	S3-TR001548
S1-TR002967	S2-TR001513,S3-TR001549
S1-TR002968	S2-TR001514,S3-TR001550
S1-TR002969	S3-TR001551
S1-TR002970	S2-TR001515
S1-TR002971	S2-TR001516
S1-TR002972	S2-TR001517,S3-TR001552
S1-TR002973	
S1-TR002974	S2-TR001518
S1-TR002975	
S1-TR002976	S2-TR001519,S3-TR001553
S1-TR002977	S3-TR001554
S1-TR002978	S3-TR001555
S1-TR002979	S2-TR001520
S1-TR002980	S3-TR001556
S1-TR002981	
S1-TR002982	S2-TR001521
S1-TR002983	S2-TR001522
S1-TR002984	S2-TR001523
S1-TR002985	S2-TR001524,S3-TR001557
S1-TR002986	S3-TR001558
S1-TR002987	S2-TR001525
S1-TR002988	S3-TR001559
S1-TR002989	
S1-TR002990	S2-TR001526,S3-TR001560
S1-TR002991	S2-TR001527,S3-TR001561
S1-TR002992	
S1-TR002993	S3-TR001562
S1-TR002994	S2-TR001528,S3-TR001563
S1-TR002995	S2-TR001529,S3-TR001564
S1-TR002996	
S1-TR002997	
S1-TR002998	
S1-TR002999	S2-TR001530,S3-TR001565
S1-TR003000	S2-TR001531,S3-TR001566
S1-TR003001	
S1-TR003002	
S1-TR003003	
S1-TR003004	S2-TR001532
S1-TR003005	S3-TR001567
S1-TR003006	S2-TR001533,S3-TR001568
S1-TR003007	S2-TR001534,S3-TR001569
S1-TR003008	S3-TR001570
S1-TR003009	S2-TR001535,S3-TR001571
S1-TR003010	S2-TR001536
S1-TR003011	S2-TR001537
S1-TR003012	S2-TR001538
S1-TR003013	
S1-TR003014	
S1-TR003015	S3-TR001572
S1-TR003016	S2-TR001539,S3-TR001573
S1-TR003017	S2-TR001540
S1-TR003018	S2-TR001541,S3-TR001574
S1-TR003019	
S1-TR003020	S3-TR001575
S1-TR003021	S2-TR001542
S1-TR003022	S2-TR001543,S3-TR001576
S1-TR003023	S2-TR001544,S3-TR001577
S1-TR003024	S2-TR001545
S1-TR003025	
S1-TR003026	S2-TR001546,S3-TR001578
S1-TR003027	S2-TR001547
S1-TR003028	S3-TR001579
S1-TR003029	S3-TR001580
S1-TR003030	
S1-TR003031	S2-TR001548
S1-TR003032	
S1-TR003033	
S1-TR003034	S3-TR001581
S1-TR003035	
S1-TR003036	
S1-TR003037	S3-TR001582
S1-TR003038	S2-TR001549,S3-TR001583
S1-TR003039	
S1-TR003040	S2-TR001550
S1-TR003041	S3-TR001584
S1-TR003042	S2-TR001551
S1-TR003043	S3-TR001585
S1-TR003044	S2-TR001552
S1-TR003045	S2-TR001553
S1-TR003046	S2-TR001554,S3-TR001586
S1-TR003047	S3-TR001587
S1-TR003048	S2-TR001555
S1-TR003049	S2-TR001556
S1-TR003050	S2-TR001557
S1-TR003051	
S1-TR003052	S3-TR001588
S1-TR003053	S3-TR001589
S1-TR003054	S2-TR001558
S1-TR003055	S2-TR001559
S1-TR003056	S2-TR001560,S3-TR001590
S1-TR003057	S3-TR001591
S1-TR003058	S3-TR001592
S1-TR003059	S2-TR001561
S1-TR003060	S2-TR001562
S1-TR003061	S2-TR001563
S1-TR003062	S3-TR001593
S1-TR003063	S2-TR001564,S3-TR001594
S1-TR003064	S2-TR001565
S1-TR003065	
S1-TR003066	
S1-TR003067	S2-TR001566,S3-TR001595
S1-TR003068	S2-TR001567,S3-TR001596
S1-TR003069	S2-TR001568,S3-TR001597
S1-TR003070	S2-TR001569
S1-TR003071	
S1-TR003072	S2-TR001570,S3-TR001598
S1-TR003073	S3-TR001599
S1-TR003074	S2-TR001571,S3-TR001600
S1-TR003075	S3-TR001601
S1-TR003076	S3-TR001602
S1-TR003077	
S1-TR003078	S3-TR001603
S1-TR003079	S3-TR001604
S1-TR003080	S3-TR001605
S1-TR003081	S3-TR001606
S1-TR003082	
S1-TR003083	
S1-TR003084	
S1-TR003085	S2-TR001572
S1-TR003086	S2-TR001573,S3-TR001607
S1-TR003087	S3-TR001608
S1-TR003088	S3-TR001609
S1-TR003089	S2-TR001574,S3-TR001610
S1-TR003090	S2-TR001575
S1-TR003091	S2-TR001576,S3-TR001611
S1-TR003092	S2-TR001577
S1-TR003093	S2-TR001578,S3-TR001612
S1-TR003094	S3-TR001613
S1-TR003095	
S1-TR003096	S2-TR001579
S1-TR003097	S2-TR001580
S1-TR003098	S2-TR001581,S3-TR001614
S1-TR003099	S2-TR001582,S3-TR001615
S1-TR003100	S2-TR001583,S3-TR001616
S1-TR003101	
S1-TR003102	S2-TR001584
S1-TR003103	
S1-TR003104	S2-TR001585,S3-TR001617
S1-TR003105	S2-TR001586
S1-TR003106	S3-TR001618
S1-TR003107	S3-TR001619
S1-TR003108	S2-TR001587
S1-TR003109	S2-TR001588,S3-TR001620
S1-TR003110	S3-TR001621
S1-TR003111	S2-TR001589,S3-TR001622
S1-TR003112	S2-TR001590
S1-TR003113	S2-TR001591
S1-TR003114	S2-TR001592,S3-TR001623
S1-TR003115	S3-TR001624
S1-TR003116	S3-TR001625
S1-TR003117	S2-TR001593,S3-TR001626
S1-TR003118	S2-TR001594,S3-TR001627
S1-TR003119	
S1-TR003120	S2-TR001595,S3-TR001628
S1-TR003121	S3-TR001629
S1-TR003122	S2-TR001596
S1-TR003123	S2-TR001597,S3-TR001630
S1-TR003124	S2-TR001598,S3-TR001631
S1-TR003125	S3-TR001632
S1-TR003126	S3-TR001633
S1-TR003127	S3-TR001634
S1-TR003128	S2-TR001599
S1-TR003129	
S1-TR003130	S3-TR001635
S1-TR003131	S2-TR001600,S3-TR001636
S1-TR003132	S2-TR001601
S1-TR003133	
S1-TR003134	S2-TR001602,S3-TR001637
S1-TR003135	
S1-TR003136	S2-TR001603
S1-TR003137	S2-TR001604,S3-TR001638
S1-TR003138	S2-TR001605
S1-TR003139	S3-TR001639
S1-TR003140	S2-TR001606
S1-TR003141	S2-TR001607,S3-TR001640
S1-TR003142	S2-TR001608,S3-TR001641
S1-TR003143	S2-TR001609,S3-TR001642
S1-TR003144	S2-TR001610
S1-TR003145	S3-TR001643
S1-TR003146	
S1-TR003147	S3-TR001644
S1-TR003148	S2-TR001611,S3-TR001645
S1-TR003149	S2-TR001612
S1-TR003150	S2-TR001613
S1-TR003151	S2-TR001614
S1-TR003152	S2-TR001615
S1-TR003153	S2-TR001616,S3-TR001646
S1-TR003154	S3-TR001647
S1-TR003155	
S1-TR003156	S2-TR001617
S1-TR003157	
S1-TR003158	
S1-TR003159	S2-TR001618
S1-TR003160	
S1-TR003161	
S1-TR003162	S2-TR001619
S1-TR003163	S3-TR001648
S1-TR003164	
S1-TR003165	S2-TR001620,S3-TR001649
S1-TR003166	S2-TR001621,S3-TR001650
S1-TR003167	S2-TR001622
S1-TR003168	S3-TR001651
S1-TR003169	S2-TR001623
S1-TR003170	S2-TR001624,S3-TR001652
S1-TR003171	S2-TR001625,S3-TR001653
S1-TR003172	S3-TR001654
S1-TR003173	S2-TR001626,S3-TR001655
S1-TR003174	S3-TR001656
S1-TR003175	S2-TR001627,S3-TR001657
S1-TR003176	
S1-TR003177	S2-TR001628
S1-TR003178	S2-TR001629,S3-TR001658
S1-TR003179	S2-TR001630
S1-TR003180	S2-TR001631
S1-TR003181	S3-TR001659
S1-TR003182	
S1-TR003183	
S1-TR003184	S2-TR001632
S1-TR003185	S2-TR001633,S3-TR001660
S1-TR003186	S2-TR001634
S1-TR003187	S2-TR001635,S3-TR001661
S1-TR003188	S2-TR001636,S3-TR001662
S1-TR003189	S2-TR001637
S1-TR003190	
S1-TR003191	S2-TR001638,S3-TR001663
S1-TR003192	S2-TR001639,S3-TR001664
S1-TR003193	S2-TR001640,S3-TR001665
S1-TR003194	S2-TR001641,S3-TR001666
S1-TR003195	S2-TR001642,S3-TR001667
S1-TR003196	S2-TR001643
S1-TR003197	S3-TR001668
S1-TR003198	S2-TR001644,S3-TR001669
S1-TR003199	
S1-TR003200	S2-TR001645,S3-TR001670
S1-TR003201	S3-TR001671
S1-TR003202	S3-TR001672
S1-TR003203	S2-TR001646
S1-TR003204	S2-TR001647,S3-TR001673
S1-TR003205	S2-TR001648,S3-TR001674
S1-TR003206	S3-TR001675
S1-TR003207	
S1-TR003208	
S1-TR003209	
S1-TR003210	S3-TR001676
S1-TR003211	
S1-TR003212	S3-TR001677
S1-TR003213	
S1-TR003214	S2-TR001649
S1-TR003215	S2-TR001650,S3-TR001678
S1-TR003216	S2-TR001651,S3-TR001679
S1-TR003217	S2-TR001652
S1-TR003218	S3-TR001680
S1-TR003219	S2-TR001653
S1-TR003220	S3-TR001681
S1-TR003221	S2-TR001654,S3-TR001682
S1-TR003222	S2-TR001655
S1-TR003223	S2-TR001656
S1-TR003224	S3-TR001683
S1-TR003225	S3-TR001684
S1-TR003226	
S1-TR003227	
S1-TR003228	S2-TR001657,S3-TR001685
S1-TR003229	S3-TR001686
S1-TR003230	S2-TR001658,S3-TR001687
S1-TR003231	S3-TR001688
S1-TR003232	S3-TR001689
S1-TR003233	S3-TR001690
S1-TR003234	S3-TR001691
S1-TR003235	
S1-TR003236	S3-TR001692
S1-TR003237	
S1-TR003238	S2-TR001659
S1-TR003239	
S1-TR003240	S2-TR001660
S1-TR003241	
S1-TR003242	S2-TR001661,S3-TR001693
S1-TR003243	
S1-TR003244	S2-TR001662
S1-TR003245	S2-TR001663,S3-TR001694
S1-TR003246	S2-TR001664
S1-TR003247	S3-TR001695
S1-TR003248	S2-TR001665,S3-TR001696
S1-TR003249	S3-TR001697
S1-TR003250	S3-TR001698
S1-TR003251	S3-TR001699
S1-TR003252	S3-TR001700
S1-TR003253	
S1-TR003254	S2-TR001666
S1-TR003255	S2-TR001667,S3-TR001701
S1-TR003256	S2-TR001668,S3-TR001702
S1-TR003257	
S1-TR003258	S3-TR001703
S1-TR003259	S3-TR001704
S1-TR003260	
S1-TR003261	S2-TR001669
S1-TR003262	S2-TR001670
S1-TR003263	S2-TR001671
S1-TR003264	S3-TR001705
S1-TR003265	S2-TR001672
S1-TR003266	S3-TR001706
S1-TR003267	
S1-TR003268	S2-TR001673,S3-TR001707
S1-TR003269	S2-TR001674
S1-TR003270	S2-TR001675,S3-TR001708
S1-TR003271	S2-TR001676
S1-TR003272	
S1-TR003273	S2-TR001677,S3-TR001709
S1-TR003274	S2-TR001678
S1-TR003275	S3-TR001710
S1-TR003276	S3-TR001711
S1-TR003277	
S1-TR003278	S2-TR001679,S3-TR001712
S1-TR003279	S2-TR001680,S3-TR001713
S1-TR003280	S3-TR001714
S1-TR003281	S2-TR001681
S1-TR003282	S2-TR001682
S1-TR003283	
S1-TR003284	S3-TR001715
S1-TR003285	S2-TR001683,S3-TR001716
S1-TR003286	S3-TR001717
S1-TR003287	S3-TR001718
S1-TR003288	S2-TR001684
S1-TR003289	S2-TR001685,S3-TR001719
S1-TR003290	S2-TR001686,S3-TR001720
S1-TR003291	S2-TR001687
S1-TR003292	S3-TR001721
S1-TR003293	S2-TR001688,S3-TR001722
S1-TR003294	
S1-TR003295	S3-TR001723
S1-TR003296	
S1-TR003297	S2-TR001689
S1-TR003298	S2-TR001690,S3-TR001724
S1-TR003299	S2-TR001691
S1-TR003300	S3-TR001725
S1-TR003301	S2-TR001692,S3-TR001726
S1-TR003302	
S1-TR003303	S3-TR001727
S1-TR003304	S2-TR001693,S3-TR001728
S1-TR003305	S2-TR001694,S3-TR001729
S1-TR003306	S3-TR001730
S1-TR003307	S3-TR001731
S1-TR003308	S2-TR001695,S3-TR001732
S1-TR003309	S2-TR001696
S1-TR003310	S2-TR001697,S3-TR001733
S1-TR003311	
S1-TR003312	S2-TR001698,S3-TR001734
S1-TR003313	S3-TR001735
S1-TR003314	S3-TR001736
S1-TR003315	S2-TR001699
S1-TR003316	S3-TR001737
S1-TR003317	S3-TR001738
S1-TR003318	
S1-TR003319	S3-TR001739
S1-TR003320	S2-TR001700
S1-TR003321	S2-TR001701
S1-TR003322	S3-TR001740
S1-TR003323	S2-TR001702,S3-TR001741
S1-TR003324	S3-TR001742
S1-TR003325	S3-TR001743
S1-TR003326	S2-TR001703,S3-TR001744
S1-TR003327	S2-TR001704
S1-TR003328	S3-TR001745
S1-TR003329	
S1-TR003330	S2-TR001705
S1-TR003331	S2-TR001706
S1-TR003332	S3-TR001746
S1-TR003333	S2-TR001707
S1-TR003334	
S1-TR003335	S3-TR001747
S1-TR003336	S2-TR001708
S1-TR003337	S2-TR001709,S3-TR001748
S1-TR003338	S2-TR001710
S1-TR003339	
S1-TR003340	S2-TR001711
S1-TR003341	S2-TR001712,S3-TR001749
S1-TR003342	
S1-TR003343	
S1-TR003344	S3-TR001750
S1-TR003345	S2-TR001713
S1-TR003346	S3-TR001751
S1-TR003347	S2-TR001714,S3-TR001752
S1-TR003348	S2-TR001715,S3-TR001753
S1-TR003349	
S1-TR003350	S2-TR001716,S3-TR001754
S1-TR003351	S2-TR001717,S3-TR001755
S1-TR003352	S2-TR001718,S3-TR001756
S1-TR003353	S2-TR001719
S1-TR003354	S2-TR001720,S3-TR001757
S1-TR003355	
S1-TR003356	
S1-TR003357	S3-TR001758
S1-TR003358	S2-TR001721,S3-TR001759
S1-TR003359	S2-TR001722,S3-TR001760
S1-TR003360	S2-TR001723
S1-TR003361	
S1-TR003362	S2-TR001724,S3-TR001761
S1-TR003363	S2-TR001725
S1-TR003364	
S1-TR003365	S2-TR001726,S3-TR001762
S1-TR003366	S3-TR001763
S1-TR003367	S2-TR001727,S3-TR001764
S1-TR003368	
S1-TR003369	S3-TR001765
S1-TR003370	S2-TR001728,S3-TR001766
S1-TR003371	S3-TR001767
S1-TR003372	S3-TR001768
S1-TR003373	S2-TR001729,S3-TR001769
S1-TR003374	S2-TR001730,S3-TR001770
S1-TR003375	S2-TR001731
S1-TR003376	S2-TR001732,S3-TR001771
S1-TR003377	S2-TR001733
S1-TR003378	S2-TR001734
S1-TR003379	S3-TR001772
S1-TR003380	S3-TR001773
S1-TR003381	S3-TR001774
S1-TR003382	S2-TR001735
S1-TR003383	S2-TR001736,S3-TR001775
S1-TR003384	
S1-TR003385	S2-TR001737,S3-TR001776
S1-TR003386	S2-TR001738
S1-TR003387	S2-TR001739
S1-TR003388	S3-TR001777
S1-TR003389	S3-TR001778
S1-TR003390	S2-TR001740
S1-TR003391	
S1-TR003392	S2-TR001741
S1-TR003393	S2-TR001742
S1-TR003394	S2-TR001743
S1-TR003395	S3-TR001779
S1-TR003396	S2-TR001744
S1-TR003397	
S1-TR003398	
S1-TR003399	
S1-TR003400	S3-TR001780
S1-TR003401	S2-TR001745
S1-TR003402	S2-TR001746,S3-TR001781
S1-TR003403	S3-TR001782
S1-TR003404	S3-TR001783
S1-TR003405	S2-TR001747,S3-TR001784
S1-TR003406	
S1-TR003407	S2-TR001748
S1-TR003408	S2-TR001749
S1-TR003409	S3-TR001785
S1-TR003410	
S1-TR003411	S2-TR001750
S1-TR003412	S2-TR001751
S1-TR003413	S3-TR001786
S1-TR003414	S2-TR001752
S1-TR003415	
S1-TR003416	S2-TR001753,S3-TR001787
S1-TR003417	S2-TR001754
S1-TR003418	
S1-TR003419	S2-TR001755
S1-TR003420	
S1-TR003421	S3-TR001788
S1-TR003422	S2-TR001756
S1-TR003423	S3-TR001789
S1-TR003424	
S1-TR003425	S3-TR001790
S1-TR003426	S2-TR001757
S1-TR003427	S2-TR001758,S3-TR001791
S1-TR003428	S3-TR001792
S1-TR003429	S2-TR001759,S3-TR001793
S1-TR003430	
S1-TR003431	S3-TR001794
S1-TR003432	S3-TR001795
S1-TR003433	S2-TR001760
S1-TR003434	
S1-TR003435	
S1-TR003436	S2-TR001761,S3-TR001796
S1-TR003437	S2-TR001762,S3-TR001797
S1-TR003438	
S1-TR003439	S3-TR001798
S1-TR003440	S2-TR001763
S1-TR003441	S2-TR001764,S3-TR001799
S1-TR003442	S2-TR001765,S3-TR001800
S1-TR003443	
S1-TR003444	
S1-TR003445	S2-TR001766
S1-TR003446	S2-TR001767,S3-TR001801
S1-TR003447	S3-TR001802
S1-TR003448	S3-TR001803
S1-TR003449	S2-TR001768
S1-TR003450	S3-TR001804
S1-TR003451	S2-TR001769
S1-TR003452	S3-TR001805
S1-TR003453	
S1-TR003454	S2-TR001770
S1-TR003455	S2-TR001771
S1-TR003456	
S1-TR003457	S3-TR001806
S1-TR003458	S3-TR001807
S1-TR003459	
S1-TR003460	S2-TR001772
S1-TR003461	S2-TR001773
S1-TR003462	S2-TR001774,S3-TR001808
S1-TR003463	S2-TR001775,S3-TR001809
S1-TR003464	S2-TR001776,S3-TR001810
S1-TR003465	
S1-TR003466	S3-TR001811
S1-TR003467	S2-TR001777
S1-TR003468	S2-TR001778,S3-TR001812
S1-TR003469	S2-TR001779
S1-TR003470	
S1-TR003471	S2-TR001780,S3-TR001813
S1-TR003472	S2-TR001781,S3-TR001814
S1-TR003473	
S1-TR003474	S3-TR001815
S1-TR003475	S2-TR001782,S3-TR001816
S1-TR003476	S3-TR001817
S1-TR003477	S2-TR001783
S1-TR003478	S3-TR001818
S1-TR003479	S2-TR001784
S1-TR003480	S3-TR001819
S1-TR003481	
S1-TR003482	S2-TR001785
S1-TR003483	S3-TR001820
S1-TR003484	S2-TR001786
S1-TR003485	S3-TR001821
S1-TR003486	S2-TR001787
S1-TR003487	S2-TR001788,S3-TR001822
S1-TR003488	
S1-TR003489	S2-TR001789,S3-TR001823
S1-TR003490	S2-TR001790
S1-TR003491	S2-TR001791,S3-TR001824
S1-TR003492	
S1-TR003493	S2-TR001792
S1-TR003494	S2-TR001793
S1-TR003495	
S1-TR003496	S2-TR001794
S1-TR003497	S2-TR001795,S3-TR001825
S1-TR003498	S2-TR001796
S1-TR003499	S2-TR001797
S1-TR003500	S3-TR001826
S1-TR003501	S2-TR001798
S1-TR003502	S2-TR001799
S1-TR003503	S2-TR001800
S1-TR003504	S3-TR001827
S1-TR003505	S2-TR001801
S1-TR003506	S2-TR001802,S3-TR001828
S1-TR003507	S2-TR001803,S3-TR001829
S1-TR003508	S3-TR001830
S1-TR003509	
S1-TR003510	S3-TR001831
S1-TR003511	S3-TR001832
S1-TR003512	S2-TR001804,S3-TR001833
S1-TR003513	S2-TR001805
S1-TR003514	S2-TR001806,S3-TR001834
S1-TR003515	S2-TR001807
S1-TR003516	
S1-TR003517	S2-TR001808,S3-TR001835
S1-TR003518	S2-TR001809
S1-TR003519	S3-TR001836
S1-TR003520	S2-TR001810,S3-TR001837
S1-TR003521	S2-TR001811,S3-TR001838
S1-TR003522	S2-TR001812
S1-TR003523	
S1-TR003524	S2-TR001813,S3-TR001839
S1-TR003525	S3-TR001840
S1-TR003526	S2-TR001814
S1-TR003527	S2-TR001815,S3-TR001841
S1-TR003528	
S1-TR003529	S2-TR001816
S1-TR003530	
S1-TR003531	
S1-TR003532	
S1-TR003533	S2-TR001817
S1-TR003534	
S1-TR003535	S2-TR001818
S1-TR003536	S2-TR001819
S1-TR003537	S2-TR001820,S3-TR001842
S1-TR003538	S2-TR001821,S3-TR001843
S1-TR003539	S2-TR001822
S1-TR003540	
S1-TR003541	S2-TR001823
S1-TR003542	S2-TR001824
S1-TR003543	S2-TR001825
S1-TR003544	S3-TR001844
S1-TR003545	S2-TR001826
S1-TR003546	S2-TR001827,S3-TR001845
S1-TR003547	S3-TR001846
S1-TR003548	S3-TR001847
S1-TR003549	S2-TR001828,S3-TR001848
S1-TR003550	
S1-TR003551	S2-TR001829
S1-TR003552	S2-TR001830
S1-TR003553	S3-TR001849
S1-TR003554	S2-TR001831
S1-TR003555	S3-TR001850
S1-TR003556	S2-TR001832,S3-TR001851
S1-TR003557	
S1-TR003558	S2-TR001833
S1-TR003559	S3-TR001852
S1-TR003560	S3-TR001853
S1-TR003561	
S1-TR003562	
S1-TR003563	
S1-TR003564	
S1-TR003565	
S1-TR003566	
S1-TR003567	S2-TR001834
S1-TR003568	S2-TR001835,S3-TR001854
S1-TR003569	S2-TR001836
S1-TR003570	
S1-TR003571	S2-TR001837,S3-TR001855
S1-TR003572	S2-TR001838,S3-TR001856
S1-TR003573	
S1-TR003574	S2-TR001839
S1-TR003575	S3-TR001857
S1-TR003576	S2-TR001840
S1-TR003577	S3-TR001858
S1-TR003578	S2-TR001841
S1-TR003579	S2-TR001842,S3-TR001859
S1-TR003580	
S1-TR003581	S3-TR001860
S1-TR003582	S2-TR001843
S1-TR003583	S3-TR001861
S1-TR003584	S3-TR001862
S1-TR003585	S2-TR001844
S1-TR003586	S3-TR001863
S1-TR003587	S3-TR001864
S1-TR003588	S3-TR001865
S1-TR003589	S3-TR001866
S1-TR003590	S2-TR001845,S3-TR001867
S1-TR003591	S2-TR001846,S3-TR001868
S1-TR003592	S2-TR001847,S3-TR001869
S1-TR003593	
S1-TR003594	S3-TR001870
S1-TR003595	S2-TR001848,S3-TR001871
S1-TR003596	S2-TR001849,S3-TR001872
S1-TR003597	
S1-TR003598	
S1-TR003599	S2-TR001850,S3-TR001873
S1-TR003600	S2-TR001851
S1-TR003601	S3-TR001874
S1-TR003602	S2-TR001852
S1-TR003603	
S1-TR003604	S3-TR001875
S1-TR003605	S2-TR001853,S3-TR001876
S1-TR003606	S2-TR001854
S1-TR003607	S2-TR001855
S1-TR003608	
S1-TR003609	S2-TR001856
S1-TR003610	S3-TR001877
S1-TR003611	
S1-TR003612	S2-TR001857
S1-TR003613	S3-TR001878
S1-TR003614	
S1-TR003615	S2-TR001858
S1-TR003616	S2-TR001859
S1-TR003617	S3-TR001879
S1-TR003618	S3-TR001880
S1-TR003619	
S1-TR003620	S3-TR001881
S1-TR003621	S3-TR001882
S1-TR003622	S2-TR001860
S1-TR003623	
S1-TR003624	
S1-TR003625	S2-TR001861,S3-TR001883
S1-TR003626	S3-TR001884
S1-TR003627	S2-TR001862
S1-TR003628	S2-TR001863,S3-TR001885
S1-TR003629	S3-TR001886
S1-TR003630	
S1-TR003631	S2-TR001864,S3-TR001887
S1-TR003632	S2-TR001865,S3-TR001888
S1-TR003633	S3-TR001889
S1-TR003634	S2-TR001866,S3-TR001890
S1-TR003635	
S1-TR003636	S3-TR001891
S1-TR003637	S2-TR001867
S1-TR003638	
S1-TR003639	S3-TR001892
S1-TR003640	S2-TR001868
S1-TR003641	
S1-TR003642	
S1-TR003643	
S1-TR003644	
S1-TR003645	S3-TR001893
S1-TR003646	
S1-TR003647	S2-TR001869,S3-TR001894
S1-TR003648	S2-TR001870
S1-TR003649	S2-TR001871
S1-TR003650	
S1-TR003651	S2-TR001872
S1-TR003652	S2-TR001873,S3-TR001895
S1-TR003653	S2-TR001874,S3-TR001896
S1-TR003654	S2-TR001875
S1-TR003655	S3-TR001897
S1-TR003656	S3-TR001898
S1-TR003657	S3-TR001899
S1-TR003658	S2-TR001876
S1-TR003659	
S1-TR003660	S2-TR001877
S1-TR003661	S3-TR001900
S1-TR003662	S3-TR001901
S1-TR003663	S3-TR001902
S1-TR003664	S2-TR001878
S1-TR003665	S2-TR001879,S3-TR001903
S1-TR003666	S3-TR001904
S1-TR003667	S2-TR001880,S3-TR001905
S1-TR003668	S3-TR001906
S1-TR003669	S2-TR001881
S1-TR003670	S2-TR001882
S1-TR003671	S2-TR001883
S1-TR003672	S2-TR001884,S3-TR001907
S1-TR003673	S2-TR001885,S3-TR001908
S1-TR003674	S2-TR001886
S1-TR003675	S3-TR001909
S1-TR003676	S2-TR001887
S1-TR003677	S2-TR001888,S3-TR001910
S1-TR003678	S2-TR001889,S3-TR001911
S1-TR003679	S2-TR001890,S3-TR001912
S1-TR003680	S2-TR001891,S3-TR001913
S1-TR003681	S2-TR001892
S1-TR003682	
S1-TR003683	S2-TR001893,S3-TR001914
S1-TR003684	S2-TR001894
S1-TR003685	S3-TR001915
S1-TR003686	S2-TR001895
S1-TR003687	S2-TR001896,S3-TR001916
S1-TR003688	S3-TR001917
S1-TR003689	
S1-TR003690	S2-TR001897
S1-TR003691	S2-TR001898
S1-TR003692	S3-TR001918
S1-TR003693	S2-TR001899,S3-TR001919
S1-TR003694	
S1-TR003695	S2-TR001900,S3-TR001920
S1-TR003696	
S1-TR003697	S3-TR001921
S1-TR003698	
S1-TR003699	S2-TR001901,S3-TR001922
S1-TR003700	S2-TR001902,S3-TR001923
S1-TR003701	S3-TR001924
S1-TR003702	S3-TR001925
S1-TR003703	S3-TR001926
S1-TR003704	S2-TR001903
S1-TR003705	S2-TR001904,S3-TR001927
S1-TR003706	S2-TR001905,S3-TR001928
S1-TR003707	S3-TR001929
S1-TR003708	S2-TR001906
S1-TR003709	S3-TR001930
S1-TR003710	S2-TR001907,S3-TR001931
S1-TR003711	S2-TR001908
S1-TR003712	S2-TR001909
S1-TR003713	S2-TR001910
S1-TR003714	S3-TR001932
S1-TR003715	S3-TR001933
S1-TR003716	S2-TR001911,S3-TR001934
S1-TR003717	S2-TR001912
S1-TR003718	
S1-TR003719	S2-TR001913,S3-TR001935
S1-TR003720	S3-TR001936
S1-TR003721	S3-TR001937
S1-TR003722	S3-TR001938
S1-TR003723	S3-TR001939
S1-TR003724	
S1-TR003725	S2-TR001914,S3-TR001940
S1-TR003726	S3-TR001941
S1-TR003727	
S1-TR003728	S2-TR001915
S1-TR003729	S3-TR001942
S1-TR003730	S2-TR001916
S1-TR003731	S3-TR001943
S1-TR003732	S2-TR001917
S1-TR003733	S2-TR001918
S1-TR003734	S2-TR001919,S3-TR001944
S1-TR003735	S2-TR001920,S3-TR001945
S1-TR003736	S3-TR001946
S1-TR003737	S2-TR001921,S3-TR001947
S1-TR003738	S2-TR001922,S3-TR001948
S1-TR003739	
S1-TR003740	S2-TR001923,S3-TR001949
S1-TR003741	S3-TR001950
S1-TR003742	S2-TR001924,S3-TR001951
S1-TR003743	S2-TR001925
S1-TR003744	
S1-TR003745	S2-TR001926
S1-TR003746	S2-TR001927
S1-TR003747	
S1-TR003748	S2-TR001928,S3-TR001952
S1-TR003749	S2-TR001929
S1-TR003750	S2-TR001930
S1-TR003751	
S1-TR003752	S2-TR001931,S3-TR001953
S1-TR003753	S2-TR001932,S3-TR001954
S1-TR003754	S2-TR001933
S1-TR003755	
S1-TR003756	S3-TR001955
S1-TR003757	S2-TR001934
S1-TR003758	S2-TR001935,S3-TR001956
S1-TR003759	
S1-TR003760	S2-TR001936,S3-TR001957
S1-TR003761	
S1-TR003762	S2-TR001937,S3-TR001958
S1-TR003763	S2-TR001938
S1-TR003764	
S1-TR003765	S2-TR001939
S1-TR003766	S2-TR001940
S1-TR003767	S2-TR001941,S3-TR001959
S1-TR003768	
S1-TR003769	S3-TR001960
S1-TR003770	
S1-TR003771	S3-TR001961
S1-TR003772	S2-TR001942,S3-TR001962
S1-TR003773	S2-TR001943,S3-TR001963
S1-TR003774	
S1-TR003775	S3-TR001964
S1-TR003776	S2-TR001944,S3-TR001965
S1-TR003777	S2-TR001945,S3-TR001966
S1-TR003778	S2-TR001946,S3-TR001967
S1-TR003779	S3-TR001968
S1-TR003780	S2-TR001947,S3-TR001969
S1-TR003781	S2-TR001948
S1-TR003782	S3-TR001970
S1-TR003783	S3-TR001971
S1-TR003784	
S1-TR003785	S2-TR001949
S1-TR003786	S3-TR001972
S1-TR003787	S3-TR001973
S1-TR003788	S2-TR001950,S3-TR001974
S1-TR003789	S2-TR001951,S3-TR001975
S1-TR003790	S2-TR001952,S3-TR001976
S1-TR003791	S3-TR001977
S1-TR003792	S2-TR001953
S1-TR003793	S2-TR001954
S1-TR003794	S3-TR001978
S1-TR003795	S2-TR001955,S3-TR001979
S1-TR003796	S2-TR001956,S3-TR001980
S1-TR003797	
S1-TR003798	S2-TR001957,S3-TR001981
S1-TR003799	
S1-TR003800	S2-TR001958,S3-TR001982
S1-TR003801	S2-TR001959,S3-TR001983
S1-TR003802	S2-TR001960,S3-TR001984
S1-TR003803	S2-TR001961
S1-TR003804	
S1-TR003805	S2-TR001962
S1-TR003806	
S1-TR003807	S2-TR001963
S1-TR003808	S2-TR001964
S1-TR003809	S2-TR001965
S1-TR003810	S2-TR001966
S1-TR003811	
S1-TR003812	
S1-TR003813	
S1-TR003814	S2-TR001967,S3-TR001985
S1-TR003815	S2-TR001968,S3-TR001986
S1-TR003816	S3-TR001987
S1-TR003817	S2-TR001969,S3-TR001988
S1-TR003818	S2-TR001970,S3-TR001989
S1-TR003819	S2-TR001971
S1-TR003820	
S1-TR003821	
S1-TR003822	
S1-TR003823	S2-TR001972
S1-TR003824	
S1-TR003825	S3-TR001990
S1-TR003826	
S1-TR003827	S3-TR001991
S1-TR003828	S3-TR001992
S1-TR003829	S2-TR001973,S3-TR001993
S1-TR003830	S3-TR001994
S1-TR003831	S3-TR001995
S1-TR003832	S2-TR001974,S3-TR001996
S1-TR003833	S3-TR001997
S1-TR003834	S3-TR001998
S1-TR003835	S2-TR001975
S1-TR003836	
S1-TR003837	
S1-TR003838	
S1-TR003839	S2-TR001976,S3-TR001999
S1-TR003840	S3-TR002000
S1-TR003841	S2-TR001977,S3-TR002001
S1-TR003842	S2-TR001978
S1-TR003843	S3-TR002002
S1-TR003844	S2-TR001979
S1-TR003845	
S1-TR003846	S3-TR002003
S1-TR003847	S2-TR001980,S3-TR002004
S1-TR003848	
S1-TR003849	
S1-TR003850	
S1-TR003851	S2-TR001981,S3-TR002005
S1-TR003852	S2-TR001982,S3-TR002006
S1-TR003853	
S1-TR003854	S2-TR001983
S1-TR003855	
S1-TR003856	S2-TR001984,S3-TR002007
S1-TR003857	
S1-TR003858	S3-TR002008
S1-TR003859	S2-TR001985,S3-TR002009
S1-TR003860	S2-TR001986,S3-TR002010
S1-TR003861	
S1-TR003862	S3-TR002011
S1-TR003863	S2-TR001987,S3-TR002012
S1-TR003864	
S1-TR003865	
S1-TR003866	S2-TR001988
S1-TR003867	S2-TR001989,S3-TR002013
S1-TR003868	S2-TR001990,S3-TR002014
S1-TR003869	
S1-TR003870	S3-TR002015
S1-TR003871	S2-TR001991
S1-TR003872	S3-TR002016
S1-TR003873	
S1-TR003874	S2-TR001992,S3-TR002017
S1-TR003875	S2-TR001993
S1-TR003876	S2-TR001994,S3-TR002018
S1-TR003877	
S1-TR003878	S2-TR001995,S3-TR002019
S1-TR003879	S2-TR001996,S3-TR002020
S1-TR003880	S2-TR001997,S3-TR002021
S1-TR003881	S3-TR002022
S1-TR003882	S3-TR002023
S1-TR003883	S2-TR001998,S3-TR002024
S1-TR003884	S2-TR001999,S3-TR002025
S1-TR003885	S2-TR002000
S1-TR003886	
S1-TR003887	S2-TR002001,S3-TR002026
S1-TR003888	
S1-TR003889	S2-TR002002,S3-TR002027
S1-TR003890	S3-TR002028
S1-TR003891	
S1-TR003892	S3-TR002029
S1-TR003893	S2-TR002003
S1-TR003894	S3-TR002030
S1-TR003895	S2-TR002004
S1-TR003896	S2-TR002005
S1-TR003897	
S1-TR003898	S2-TR002006,S3-TR002031
S1-TR003899	S2-TR002007,S3-TR002032
S1-TR003900	
S1-TR003901	
S1-TR003902	S3-TR002033
S1-TR003903	
S1-TR003904	S2-TR002008
S1-TR003905	S2-TR002009
S1-TR003906	
S1-TR003907	
S1-TR003908	S3-TR002034
S1-TR003909	
S1-TR003910	S2-TR002010
S1-TR003911	
S1-TR003912	S2-TR002011
S1-TR003913	S2-TR002012,S3-TR002035
S1-TR003914	S2-TR002013
S1-TR003915	S2-TR002014
S1-TR003916	S3-TR002036
S1-TR003917	
S1-TR003918	S2-TR002015
S1-TR003919	S2-TR002016
S1-TR003920	
S1-TR003921	S2-TR002017
S1-TR003922	
S1-TR003923	S2-TR002018
S1-TR003924	S3-TR002037
S1-TR003925	
S1-TR003926	S3-TR002038
S1-TR003927	S2-TR002019
S1-TR003928	S2-TR002020
S1-TR003929	S2-TR002021,S3-TR002039
S1-TR003930	S3-TR002040
S1-TR003931	S2-TR002022
S1-TR003932	S2-TR002023,S3-TR002041
S1-TR003933	S2-TR002024,S3-TR002042
S1-TR003934	S2-TR002025
S1-TR003935	S2-TR002026,S3-TR002043
S1-TR003936	S3-TR002044
S1-TR003937	
S1-TR003938	S2-TR002027
S1-TR003939	
S1-TR003940	S2-TR002028
S1-TR003941	S2-TR002029
S1-TR003942	
S1-TR003943	S2-TR002030,S3-TR002045
S1-TR003944	S2-TR002031,S3-TR002046
S1-TR003945	
S1-TR003946	S2-TR002032
S1-TR003947	S2-TR002033
S1-TR003948	S2-TR002034,S3-TR002047
S1-TR003949	S3-TR002048
S1-TR003950	S2-TR002035
S1-TR003951	S2-TR002036,S3-TR002049
S1-TR003952	S2-TR002037
S1-TR003953	S2-TR002038
S1-TR003954	S2-TR002039
S1-TR003955	S3-TR002050
S1-TR003956	S2-TR002040,S3-TR002051
S1-TR003957	S2-TR002041,S3-TR002052
S1-TR003958	S2-TR002042
S1-TR003959	
S1-TR003960	S2-TR002043,S3-TR002053
S1-TR003961	S2-TR002044,S3-TR002054
S1-TR003962	S2-TR002045,S3-TR002055
S1-TR003963	
S1-TR003964	
S1-TR003965	S2-TR002046,S3-TR002056
S1-TR003966	
S1-TR003967	S2-TR002047
S1-TR003968	S3-TR002057
S1-TR003969	S2-TR002048,S3-TR002058
S1-TR003970	S3-TR002059
S1-TR003971	S3-TR002060
S1-TR003972	S2-TR002049,S3-TR002061
S1-TR003973	
S1-TR003974	S3-TR002062
S1-TR003975	S3-TR002063
S1-TR003976	
S1-TR003977	
S1-TR003978	S2-TR002050,S3-TR002064
S1-TR003979	S3-TR002065
S1-TR003980	S2-TR002051
S1-TR003981	S3-TR002066
S1-TR003982	S3-TR002067
S1-TR003983	S2-TR002052,S3-TR002068
S1-TR003984	
S1-TR003985	S2-TR002053
S1-TR003986	S3-TR002069
S1-TR003987	S2-TR002054,S3-TR002070
S1-TR003988	S2-TR002055,S3-TR002071
S1-TR003989	
S1-TR003990	
S1-TR003991	S2-TR002056,S3-TR002072
S1-TR003992	S2-TR002057,S3-TR002073
S1-TR003993	S2-TR002058
S1-TR003994	S2-TR002059
S1-TR003995	
S1-TR003996	S2-TR002060,S3-TR002074
S1-TR003997	S2-TR002061,S3-TR002075
S1-TR003998	S2-TR002062,S3-TR002076
S1-TR003999	S2-TR002063
S1-TR004000	S2-TR002064
S1-TR004001	S2-TR002065
S1-TR004002	S2-TR002066
S1-TR004003	S3-TR002077
S1-TR004004	S2-TR002067
S1-TR004005	S2-TR002068
S1-TR004006	S2-TR002069
S1-TR004007	S3-TR002078
S1-TR004008	S2-TR002070,S3-TR002079
S1-TR004009	S2-TR002071,S3-TR002080
S1-TR004010	S3-TR002081
S1-TR004011	S2-TR002072,S3-TR002082
S1-TR004012	S2-TR002073
S1-TR004013	S2-TR002074
S1-TR004014	S3-TR002083
S1-TR004015	S2-TR002075
S1-TR004016	S2-TR002076,S3-TR002084
S1-TR004017	S2-TR002077
S1-TR004018	S2-TR002078,S3-TR002085
S1-TR004019	S2-TR002079,S3-TR002086
S1-TR004020	S2-TR002080
S1-TR004021	
S1-TR004022	S2-TR002081,S3-TR002087
S1-TR004023	S2-TR002082,S3-TR002088
S1-TR004024	S2-TR002083,S3-TR002089
S1-TR004025	S3-TR002090
S1-TR004026	S2-TR002084,S3-TR002091
S1-TR004027	S3-TR002092
S1-TR004028	S2-TR002085,S3-TR002093
S1-TR004029	S3-TR002094
S1-TR004030	
S1-TR004031	
S1-TR004032	
S1-TR004033	S3-TR002095
S1-TR004034	S3-TR002096
S1-TR004035	S3-TR002097
S1-TR004036	S2-TR002086
S1-TR004037	S2-TR002087,S3-TR002098
S1-TR004038	S3-TR002099
S1-TR004039	S3-TR002100
S1-TR004040	S2-TR002088,S3-TR002101
S1-TR004041	S2-TR002089,S3-TR002102
S1-TR004042	S3-TR002103
S1-TR004043	S2-TR002090
S1-TR004044	S3-TR002104
S1-TR004045	S2-TR002091,S3-TR002105
S1-TR004046	S3-TR002106
S1-TR004047	
S1-TR004048	S3-TR002107
S1-TR004049	S2-TR002092
S1-TR004050	S2-TR002093,S3-TR002108
S1-TR004051	S2-TR002094,S3-TR002109
S1-TR004052	S2-TR002095
S1-TR004053	
S1-TR004054	S2-TR002096,S3-TR002110
S1-TR004055	S3-TR002111
S1-TR004056	S3-TR002112
S1-TR004057	S2-TR002097,S3-TR002113
S1-TR004058	
S1-TR004059	
S1-TR004060	S2-TR002098,S3-TR002114
S1-TR004061	S2-TR002099
S1-TR004062	S2-TR002100,S3-TR002115
S1-TR004063	
S1-TR004064	
S1-TR004065	S3-TR002116
S1-TR004066	S3-TR002117
S1-TR004067	S3-TR002118
S1-TR004068	S3-TR002119
S1-TR004069	S2-TR002101,S3-TR002120
S1-TR004070	S2-TR002102,S3-TR002121
S1-TR004071	S2-TR002103,S3-TR002122
S1-TR004072	S2-TR002104
S1-TR004073	
S1-TR004074	S3-TR002123
S1-TR004075	
S1-TR004076	S3-TR002124
S1-TR004077	S3-TR002125
S1-TR004078	S2-TR002105
S1-TR004079	S2-TR002106,S3-TR002126
S1-TR004080	S2-TR002107,S3-TR002127
S1-TR004081	
S1-TR004082	S2-TR002108
S1-TR004083	S3-TR002128
S1-TR004084	S2-TR002109
S1-TR004085	S2-TR002110,S3-TR002129
S1-TR004086	S2-TR002111
S1-TR004087	S2-TR002112,S3-TR002130
S1-TR004088	S2-TR002113
S1-TR004089	S2-TR002114
S1-TR004090	S3-TR002131
S1-TR004091	S3-TR002132
S1-TR004092	
S1-TR004093	S2-TR002115,S3-TR002133
S1-TR004094	S2-TR002116,S3-TR002134
S1-TR004095	S2-TR002117
S1-TR004096	S2-TR002118,S3-TR002135
S1-TR004097	S2-TR002119
S1-TR004098	S3-TR002136
S1-TR004099	
S1-TR004100	S2-TR002120,S3-TR002137
S1-TR004101	S2-TR002121,S3-TR002138
S1-TR004102	S3-TR002139
S1-TR004103	S2-TR002122,S3-TR002140
S1-TR004104	S2-TR002123,S3-TR002141
S1-TR004105	
S1-TR004106	S2-TR002124,S3-TR002142
S1-TR004107	
S1-TR004108	S2-TR002125,S3-TR002143
S1-TR004109	S3-TR002144
S1-TR004110	S3-TR002145
S1-TR004111	S2-TR002126
S1-TR004112	S3-TR002146
S1-TR004113	S3-TR002147
S1-TR004114	S2-TR002127
S1-TR004115	S3-TR002148
S1-TR004116	S2-TR002128
S1-TR004117	S3-TR002149
S1-TR004118	
S1-TR004119	
S1-TR004120	S2-TR002129,S3-TR002150
S1-TR004121	S2-TR002130,S3-TR002151
S1-TR004122	
S1-TR004123	S2-TR002131,S3-TR002152
S1-TR004124	S2-TR002132
S1-TR004125	S3-TR002153
S1-TR004126	S2-TR002133,S3-TR002154
S1-TR004127	
S1-TR004128	S2-TR002134,S3-TR002155
S1-TR004129	S2-TR002135
S1-TR004130	
S1-TR004131	S3-TR002156
S1-TR004132	
S1-TR004133	S3-TR002157
S1-TR004134	S2-TR002136
S1-TR004135	S2-TR002137
S1-TR004136	S2-TR002138,S3-TR002158
S1-TR004137	S2-TR002139
S1-TR004138	S2-TR002140,S3-TR002159
S1-TR004139	
S1-TR004140	S2-TR002141,S3-TR002160
S1-TR004141	
S1-TR004142	
S1-TR004143	S3-TR002161
S1-TR004144	S3-TR002162
S1-TR004145	S2-TR002142
S1-TR004146	S2-TR002143
S1-TR004147	S2-TR002144
S1-TR004148	S3-TR002163
S1-TR004149	S3-TR002164
S1-TR004150	S2-TR002145
S1-TR004151	S3-TR002165
S1-TR004152	S2-TR002146
S1-TR004153	S2-TR002147
S1-TR004154	S2-TR002148,S3-TR002166
S1-TR004155	S2-TR002149
S1-TR004156	S2-TR002150
S1-TR004157	S2-TR002151,S3-TR002167
S1-TR004158	S3-TR002168
S1-TR004159	S3-TR002169
S1-TR004160	S2-TR002152,S3-TR002170
S1-TR004161	S2-TR002153,S3-TR002171
S1-TR004162	S2-TR002154
S1-TR004163	S2-TR002155,S3-TR002172
S1-TR004164	S2-TR002156
S1-TR004165	S3-TR002173
S1-TR004166	S2-TR002157
S1-TR004167	S2-TR002158,S3-TR002174
S1-TR004168	
S1-TR004169	S2-TR002159
S1-TR004170	
S1-TR004171	S3-TR002175
S1-TR004172	S2-TR002160
S1-TR004173	S3-TR002176
S1-TR004174	S3-TR002177
S1-TR004175	S2-TR002161,S3-TR002178
S1-TR004176	S3-TR002179
S1-TR004177	S2-TR002162
S1-TR004178	S2-TR002163
S1-TR004179	
S1-TR004180	
S1-TR004181	S3-TR002180
S1-TR004182	S2-TR002164
S1-TR004183	S2-TR002165
S1-TR004184	
S1-TR004185	S3-TR002181
S1-TR004186	S2-TR002166,S3-TR002182
S1-TR004187	S2-TR002167
S1-TR004188	
S1-TR004189	S2-TR002168,S3-TR002183
S1-TR004190	S3-TR002184
S1-TR004191	S2-TR002169,S3-TR002185
S1-TR004192	S2-TR002170,S3-TR002186
S1-TR004193	S2-TR002171
S1-TR004194	S2-TR002172
S1-TR004195	
S1-TR004196	S2-TR002173
S1-TR004197	S2-TR002174
S1-TR004198	S2-TR002175,S3-TR002187
S1-TR004199	S2-TR002176
S1-TR004200	S2-TR002177,S3-TR002188
S1-TR004201	S2-TR002178,S3-TR002189
S1-TR004202	S2-TR002179
S1-TR004203	S2-TR002180
S1-TR004204	S3-TR002190
S1-TR004205	S2-TR002181,S3-TR002191
S1-TR004206	S2-TR002182,S3-TR002192
S1-TR004207	S2-TR002183,S3-TR002193
S1-TR004208	S3-TR002194
S1-TR004209	S2-TR002184,S3-TR002195
S1-TR004210	S3-TR002196
S1-TR004211	S2-TR002185,S3-TR002197
S1-TR004212	S3-TR002198
S1-TR004213	S2-TR002186
S1-TR004214	S3-TR002199
S1-TR004215	S3-TR002200
S1-TR004216	S2-TR002187,S3-TR002201
S1-TR004217	S2-TR002188,S3-TR002202
S1-TR004218	S2-TR002189
S1-TR004219	
S1-TR004220	S2-TR002190,S3-TR002203
S1-TR004221	S2-TR002191,S3-TR002204
S1-TR004222	S2-TR002192
S1-TR004223	S2-TR002193
S1-TR004224	
S1-TR004225	S3-TR002205
S1-TR004226	S3-TR002206
S1-TR004227	S2-TR002194,S3-TR002207
S1-TR004228	S3-TR002208
S1-TR004229	
S1-TR004230	
S1-TR004231	S3-TR002209
S1-TR004232	S3-TR002210
S1-TR004233	S2-TR002195,S3-TR002211
S1-TR004234	
S1-TR004235	
S1-TR004236	S2-TR002196
S1-TR004237	S2-TR002197
S1-TR004238	S2-TR002198,S3-TR002212
S1-TR004239	S3-TR002213
S1-TR004240	
S1-TR004241	S3-TR002214
S1-TR004242	
S1-TR004243	
S1-TR004244	S2-TR002199
S1-TR004245	S2-TR002200
S1-TR004246	S3-TR002215
S1-TR004247	S3-TR002216
S1-TR004248	S3-TR002217
S1-TR004249	S2-TR002201,S3-TR002218
S1-TR004250	S3-TR002219
S1-TR004251	S3-TR002220
S1-TR004252	S3-TR002221
S1-TR004253	S2-TR002202,S3-TR002222
S1-TR004254	S2-TR002203
S1-TR004255	S2-TR002204,S3-TR002223
S1-TR004256	S2-TR002205,S3-TR002224
S1-TR004257	S2-TR002206
S1-TR004258	S2-TR002207
S1-TR004259	S3-TR002225
S1-TR004260	S2-TR002208,S3-TR002226
S1-TR004261	S2-TR002209,S3-TR002227
S1-TR004262	
S1-TR004263	
S1-TR004264	
S1-TR004265	S3-TR002228
S1-TR004266	S2-TR002210
S1-TR004267	
S1-TR004268	S2-TR002211,S3-TR002229
S1-TR004269	S2-TR002212,S3-TR002230
S1-TR004270	S2-TR002213,S3-TR002231
S1-TR004271	S2-TR002214,S3-TR002232
S1-TR004272	S3-TR002233
S1-TR004273	S3-TR002234
S1-TR004274	
S1-TR004275	S2-TR002215
S1-TR004276	S2-TR002216,S3-TR002235
S1-TR004277	S3-TR002236
S1-TR004278	S2-TR002217
S1-TR004279	S2-TR002218,S3-TR002237
S1-TR004280	S3-TR002238
S1-TR004281	S2-TR002219
S1-TR004282	S3-TR002239
S1-TR004283	S2-TR002220
S1-TR004284	S2-TR002221,S3-TR002240
S1-TR004285	
S1-TR004286	S3-TR002241
S1-TR004287	S2-TR002222
S1-TR004288	S3-TR002242
S1-TR004289	
S1-TR004290	S2-TR002223,S3-TR002243
S1-TR004291	S2-TR002224,S3-TR002244
S1-TR004292	S3-TR002245
S1-TR004293	S2-TR002225,S3-TR002246
S1-TR004294	S2-TR002226
S1-TR004295	
S1-TR004296	S3-TR002247
S1-TR004297	
S1-TR004298	S2-TR002227,S3-TR002248
S1-TR004299	S3-TR002249
S1-TR004300	S2-TR002228,S3-TR002250
S1-TR004301	S2-TR002229
S1-TR004302	S2-TR002230,S3-TR002251
S1-TR004303	S2-TR002231
S1-TR004304	S3-TR002252
S1-TR004305	S2-TR002232,S3-TR002253
S1-TR004306	
S1-TR004307	S2-TR002233,S3-TR002254
S1-TR004308	S2-TR002234,S3-TR002255
S1-TR004309	S2-TR002235
S1-TR004310	S2-TR002236,S3-TR002256
S1-TR004311	S2-TR002237
S1-TR004312	S3-TR002257
S1-TR004313	
S1-TR004314	S2-TR002238
S1-TR004315	S2-TR002239,S3-TR002258
S1-TR004316	S2-TR002240
S1-TR004317	
S1-TR004318	
S1-TR004319	
S1-TR004320	S3-TR002259
S1-TR004321	S3-TR002260
S1-TR004322	S3-TR002261
S1-TR004323	S2-TR002241
S1-TR004324	S2-TR002242
S1-TR004325	
S1-TR004326	
S1-TR004327	
S1-TR004328	
S1-TR004329	S2-TR002243,S3-TR002262
S1-TR004330	
S1-TR004331	S3-TR002263
S1-TR004332	
S1-TR004333	
S1-TR004334	
S1-TR004335	S2-TR002244
S1-TR004336	S3-TR002264
S1-TR004337	
S1-TR004338	S2-TR002245
S1-TR004339	S2-TR002246
S1-TR004340	S3-TR002265
S1-TR004341	
S1-TR004342	S2-TR002247
S1-TR004343	
S1-TR004344	S2-TR002248
S1-TR004345	S2-TR002249
S1-TR004346	S3-TR002266
S1-TR004347	S2-TR002250,S3-TR002267
S1-TR004348	S2-TR002251,S3-TR002268
S1-TR004349	S2-TR002252
S1-TR004350	S2-TR002253
S1-TR004351	S2-TR002254
S1-TR004352	S2-TR002255,S3-TR002269
S1-TR004353	S2-TR002256,S3-TR002270
S1-TR004354	S2-TR002257,S3-TR002271
S1-TR004355	S2-TR002258
S1-TR004356	S3-TR002272
S1-TR004357	S3-TR002273
S1-TR004358	S2-TR002259,S3-TR002274
S1-TR004359	S3-TR002275
S1-TR004360	
S1-TR004361	S2-TR002260,S3-TR002276
S1-TR004362	S3-TR002277
S1-TR004363	S3-TR002278
S1-TR004364	S2-TR002261
S1-TR004365	
S1-TR004366	S2-TR002262,S3-TR002279
S1-TR004367	S2-TR002263
S1-TR004368	
S1-TR004369	S3-TR002280
S1-TR004370	S3-TR002281
S1-TR004371	S2-TR002264,S3-TR002282
S1-TR004372	S3-TR002283
S1-TR004373	S2-TR002265,S3-TR002284
S1-TR004374	S3-TR002285
S1-TR004375	S2-TR002266,S3-TR002286
S1-TR004376	S2-TR002267
S1-TR004377	S3-TR002287
S1-TR004378	S2-TR002268,S3-TR002288
S1-TR004379	
S1-TR004380	
S1-TR004381	S2-TR002269
S1-TR004382	
S1-TR004383	S2-TR002270,S3-TR002289
S1-TR004384	S2-TR002271
S1-TR004385	S2-TR002272
S1-TR004386	S2-TR002273
S1-TR004387	S2-TR002274
S1-TR004388	S2-TR002275,S3-TR002290
S1-TR004389	S3-TR002291
S1-TR004390	S2-TR002276
S1-TR004391	S2-TR002277,S3-TR002292
S1-TR004392	S2-TR002278
S1-TR004393	S2-TR002279,S3-TR002293
S1-TR004394	S3-TR002294
S1-TR004395	S2-TR002280,S3-TR002295
S1-TR004396	S2-TR002281
S1-TR004397	
S1-TR004398	S2-TR002282
S1-TR004399	
S1-TR004400	S2-TR002283,S3-TR002296
S1-TR004401	S3-TR002297
S1-TR004402	S3-TR002298
S1-TR004403	S3-TR002299
S1-TR004404	S2-TR002284,S3-TR002300
S1-TR004405	S2-TR002285,S3-TR002301
S1-TR004406	
S1-TR004407	
S1-TR004408	S2-TR002286,S3-TR002302
S1-TR004409	S3-TR002303
S1-TR004410	S2-TR002287
S1-TR004411	S3-TR002304
S1-TR004412	
S1-TR004413	S3-TR002305
S1-TR004414	S3-TR002306
S1-TR004415	S2-TR002288
S1-TR004416	S3-TR002307
S1-TR004417	S3-TR002308
S1-TR004418	S3-TR002309
S1-TR004419	S3-TR002310
S1-TR004420	S3-TR002311
S1-TR004421	S3-TR002312
S1-TR004422	S3-TR002313
S1-TR004423	S2-TR002289,S3-TR002314
S1-TR004424	S2-TR002290
S1-TR004425	S3-TR002315
S1-TR004426	S3-TR002316
S1-TR004427	S2-TR002291,S3-TR002317
S1-TR004428	
S1-TR004429	
S1-TR004430	S2-TR002292
S1-TR004431	S3-TR002318
S1-TR004432	
S1-TR004433	S2-TR002293
S1-TR004434	
S1-TR004435	S2-TR002294,S3-TR002319
S1-TR004436	S3-TR002320
S1-TR004437	S2-TR002295
S1-TR004438	S2-TR002296
S1-TR004439	S2-TR002297
S1-TR004440	S3-TR002321
S1-TR004441	S2-TR002298
S1-TR004442	S2-TR002299,S3-TR002322
S1-TR004443	S2-TR002300
S1-TR004444	
S1-TR004445	S2-TR002301,S3-TR002323
S1-TR004446	S3-TR002324
S1-TR004447	S2-TR002302,S3-TR002325
S1-TR004448	S2-TR002303,S3-TR002326
S1-TR004449	S2-TR002304
S1-TR004450	
S1-TR004451	S3-TR002327
S1-TR004452	S2-TR002305
S1-TR004453	S3-TR002328
S1-TR004454	S2-TR002306,S3-TR002329
S1-TR004455	S2-TR002307
S1-TR004456	S2-TR002308
S1-TR004457	S2-TR002309,S3-TR002330
S1-TR004458	S2-TR002310,S3-TR002331
S1-TR004459	S2-TR002311
S1-TR004460	S2-TR002312
S1-TR004461	S2-TR002313,S3-TR002332
S1-TR004462	S2-TR002314,S3-TR002333
S1-TR004463	S2-TR002315,S3-TR002334
S1-TR004464	
S1-TR004465	
S1-TR004466	
S1-TR004467	S2-TR002316
S1-TR004468	S2-TR002317
S1-TR004469	S2-TR002318,S3-TR002335
S1-TR004470	
S1-TR004471	S2-TR002319,S3-TR002336
S1-TR004472	S3-TR002337
S1-TR004473	S2-TR002320
S1-TR004474	S2-TR002321
S1-TR004475	S2-TR002322
S1-TR004476	S2-TR002323,S3-TR002338
S1-TR004477	S2-TR002324,S3-TR002339
S1-TR004478	S3-TR002340
S1-TR004479	S2-TR002325
S1-TR004480	S3-TR002341
S1-TR004481	
S1-TR004482	S2-TR002326,S3-TR002342
S1-TR004483	S2-TR002327
S1-TR004484	S2-TR002328
S1-TR004485	S3-TR002343
S1-TR004486	S3-TR002344
S1-TR004487	S3-TR002345
S1-TR004488	S2-TR002329
S1-TR004489	
S1-TR004490	S2-TR002330,S3-TR002346
S1-TR004491	S3-TR002347
S1-TR004492	S2-TR002331
S1-TR004493	S2-TR002332
S1-TR004494	S2-TR002333,S3-TR002348
S1-TR004495	S3-TR002349
S1-TR004496	S2-TR002334
S1-TR004497	
S1-TR004498	S3-TR002350
S1-TR004499	S2-TR002335
S1-TR004500	S2-TR002336,S3-TR002351
S1-TR004501	S3-TR002352
S1-TR004502	S2-TR002337,S3-TR002353
S1-TR004503	S2-TR002338
S1-TR004504	S2-TR002339
S1-TR004505	S2-TR002340,S3-TR002354
S1-TR004506	
S1-TR004507	S3-TR002355
S1-TR004508	S3-TR002356
S1-TR004509	S2-TR002341,S3-TR002357
S1-TR004510	
S1-TR004511	S2-TR002342,S3-TR002358
S1-TR004512	S3-TR002359
S1-TR004513	S2-TR002343
S1-TR004514	
S1-TR004515	
S1-TR004516	
S1-TR004517	
S1-TR004518	
S1-TR004519	
S1-TR004520	S2-TR002344
S1-TR004521	S2-TR002345,S3-TR002360
S1-TR004522	S3-TR002361
S1-TR004523	S2-TR002346
S1-TR004524	S3-TR002362
S1-TR004525	S2-TR002347,S3-TR002363
S1-TR004526	S2-TR002348,S3-TR002364
S1-TR004527	S3-TR002365
S1-TR004528	
S1-TR004529	
S1-TR004530	S2-TR002349,S3-TR002366
S1-TR004531	S3-TR002367
S1-TR004532	S2-TR002350
S1-TR004533	
S1-TR004534	S3-TR002368
S1-TR004535	
S1-TR004536	
S1-TR004537	S3-TR002369
S1-TR004538	
S1-TR004539	S2-TR002351,S3-TR002370
S1-TR004540	S2-TR002352
S1-TR004541	S3-TR002371
S1-TR004542	
S1-TR004543	S2-TR002353
S1-TR004544	S3-TR002372
S1-TR004545	S2-TR002354
S1-TR004546	S3-TR002373
S1-TR004547	S3-TR002374
S1-TR004548	S2-TR002355
S1-TR004549	
S1-TR004550	S2-TR002356
S1-TR004551	S2-TR002357
S1-TR004552	
S1-TR004553	S2-TR002358,S3-TR002375
S1-TR004554	S3-TR002376
S1-TR004555	
S1-TR004556	S2-TR002359,S3-TR002377
S1-TR004557	S2-TR002360,S3-TR002378
S1-TR004558	S2-TR002361
S1-TR004559	
S1-TR004560	S3-TR002379
S1-TR004561	S2-TR002362,S3-TR002380
S1-TR004562	S3-TR002381
S1-TR004563	
S1-TR004564	S2-TR002363
S1-TR004565	S3-TR002382
S1-TR004566	S2-TR002364,S3-TR002383
S1-TR004567	S3-TR002384
S1-TR004568	S2-TR002365
S1-TR004569	S2-TR002366,S3-TR002385
S1-TR004570	
S1-TR004571	S2-TR002367
S1-TR004572	S3-TR002386
S1-TR004573	S2-TR002368,S3-TR002387
S1-TR004574	S3-TR002388
S1-TR004575	
S1-TR004576	S3-TR002389
S1-TR004577	S3-TR002390
S1-TR004578	
S1-TR004579	S2-TR002369
S1-TR004580	S2-TR002370
S1-TR004581	S3-TR002391
S1-TR004582	
S1-TR004583	
S1-TR004584	S3-TR002392
S1-TR004585	
S1-TR004586	
S1-TR004587	S2-TR002371,S3-TR002393
S1-TR004588	
S1-TR004589	
S1-TR004590	
S1-TR004591	S2-TR002372
S1-TR004592	S2-TR002373,S3-TR002394
S1-TR004593	S2-TR002374
S1-TR004594	S2-TR002375
S1-TR004595	S2-TR002376,S3-TR002395
S1-TR004596	S2-TR002377,S3-TR002396
S1-TR004597	S2-TR002378,S3-TR002397
S1-TR004598	S2-TR002379,S3-TR002398
S1-TR004599	
S1-TR004600	S2-TR002380,S3-TR002399
S1-TR004601	S2-TR002381
S1-TR004602	S2-TR002382
S1-TR004603	S2-TR002383,S3-TR002400
S1-TR004604	S2-TR002384,S3-TR002401
S1-TR004605	
S1-TR004606	S3-TR002402
S1-TR004607	S3-TR002403
S1-TR004608	S2-TR002385,S3-TR002404
S1-TR004609	S2-TR002386
S1-TR004610	S2-TR002387
S1-TR004611	S2-TR002388
S1-TR004612	
S1-TR004613	S2-TR002389,S3-TR002405
S1-TR004614	
S1-TR004615	S2-TR002390
S1-TR004616	S3-TR002406
S1-TR004617	S2-TR002391,S3-TR002407
S1-TR004618	S2-TR002392
S1-TR004619	S3-TR002408
S1-TR004620	S2-TR002393
S1-TR004621	S3-TR002409
S1-TR004622	
S1-TR004623	
S1-TR004624	
S1-TR004625	
S1-TR004626	S2-TR002394
S1-TR004627	
S1-TR004628	S2-TR002395,S3-TR002410
S1-TR004629	S3-TR002411
S1-TR004630	S2-TR002396,S3-TR002412
S1-TR004631	
S1-TR004632	S3-TR002413
S1-TR004633	S3-TR002414
S1-TR004634	S2-TR002397,S3-TR002415
S1-TR004635	S3-TR002416
S1-TR004636	S3-TR002417
S1-TR004637	S2-TR002398,S3-TR002418
S1-TR004638	S2-TR002399,S3-TR002419
S1-TR004639	S3-TR002420
S1-TR004640	S2-TR002400
S1-TR004641	S3-TR002421
S1-TR004642	S3-TR002422
S1-TR004643	S2-TR002401
S1-TR004644	
S1-TR004645	S2-TR002402,S3-TR002423
S1-TR004646	S3-TR002424
S1-TR004647	S3-TR002425
S1-TR004648	S2-TR002403,S3-TR002426
S1-TR004649	S3-TR002427
S1-TR004650	
S1-TR004651	S2-TR002404,S3-TR002428
S1-TR004652	
S1-TR004653	S2-TR002405
S1-TR004654	S2-TR002406
S1-TR004655	
S1-TR004656	S3-TR002429
S1-TR004657	S2-TR002407,S3-TR002430
S1-TR004658	S3-TR002431
S1-TR004659	S2-TR002408
S1-TR004660	
S1-TR004661	S2-TR002409,S3-TR002432
S1-TR004662	S3-TR002433
S1-TR004663	S2-TR002410
S1-TR004664	
S1-TR004665	S2-TR002411
S1-TR004666	S3-TR002434
S1-TR004667	S2-TR002412,S3-TR002435
S1-TR004668	
S1-TR004669	S3-TR002436
S1-TR004670	
S1-TR004671	S2-TR002413,S3-TR002437
S1-TR004672	S2-TR002414,S3-TR002438
S1-TR004673	S3-TR002439
S1-TR004674	S2-TR002415,S3-TR002440
S1-TR004675	S2-TR002416,S3-TR002441
S1-TR004676	
S1-TR004677	S3-TR002442
S1-TR004678	S3-TR002443
S1-TR004679	S2-TR002417,S3-TR002444
S1-TR004680	S2-TR002418
S1-TR004681	S2-TR002419
S1-TR004682	S3-TR002445
S1-TR004683	S3-TR002446
S1-TR004684	S3-TR002447
S1-TR004685	S2-TR002420,S3-TR002448
S1-TR004686	S2-TR002421
S1-TR004687	S2-TR002422,S3-TR002449
S1-TR004688	
S1-TR004689	
S1-TR004690	S2-TR002423
S1-TR004691	
S1-TR004692	S3-TR002450
S1-TR004693	
S1-TR004694	S2-TR002424,S3-TR002451
S1-TR004695	S3-TR002452
S1-TR004696	S3-TR002453
S1-TR004697	S3-TR002454
S1-TR004698	S2-TR002425
S1-TR004699	S2-TR002426,S3-TR002455
S1-TR004700	S2-TR002427
S1-TR004701	S2-TR002428,S3-TR002456
S1-TR004702	S2-TR002429,S3-TR002457
S1-TR004703	S2-TR002430
S1-TR004704	S2-TR002431,S3-TR002458
S1-TR004705	S3-TR002459
S1-TR004706	S3-TR002460
S1-TR004707	
S1-TR004708	S2-TR002432
S1-TR004709	S2-TR002433
S1-TR004710	S3-TR002461
S1-TR004711	S2-TR002434,S3-TR002462
S1-TR004712	
S1-TR004713	S2-TR002435
S1-TR004714	S2-TR002436,S3-TR002463
S1-TR004715	S3-TR002464
S1-TR004716	S2-TR002437,S3-TR002465
S1-TR004717	S3-TR002466
S1-TR004718	S2-TR002438
S1-TR004719	
S1-TR004720	S2-TR002439,S3-TR002467
S1-TR004721	S2-TR002440
S1-TR004722	
S1-TR004723	
S1-TR004724	S2-TR002441,S3-TR002468
S1-TR004725	S3-TR002469
S1-TR004726	S2-TR002442,S3-TR002470
S1-TR004727	
S1-TR004728	S3-TR002471
S1-TR004729	S2-TR002443
S1-TR004730	S2-TR002444
S1-TR004731	S3-TR002472
S1-TR004732	S2-TR002445
S1-TR004733	S3-TR002473
S1-TR004734	S2-TR002446,S3-TR002474
S1-TR004735	S2-TR002447
S1-TR004736	
S1-TR004737	S2-TR002448
S1-TR004738	S2-TR002449
S1-TR004739	S3-TR002475
S1-TR004740	S3-TR002476
S1-TR004741	S3-TR002477
S1-TR004742	S3-TR002478
S1-TR004743	
S1-TR004744	S2-TR002450,S3-TR002479
S1-TR004745	S2-TR002451,S3-TR002480
S1-TR004746	
S1-TR004747	
S1-TR004748	S2-TR002452
S1-TR004749	S2-TR002453,S3-TR002481
S1-TR004750	S2-TR002454
S1-TR004751	S3-TR002482
S1-TR004752	S2-TR002455,S3-TR002483
S1-TR004753	S3-TR002484
S1-TR004754	
S1-TR004755	
S1-TR004756	S2-TR002456,S3-TR002485
S1-TR004757	
S1-TR004758	S2-TR002457,S3-TR002486
S1-TR004759	S3-TR002487
S1-TR004760	S2-TR002458
S1-TR004761	S2-TR002459
S1-TR004762	S2-TR002460,S3-TR002488
S1-TR004763	S3-TR002489
S1-TR004764	
S1-TR004765	S3-TR002490
S1-TR004766	S2-TR002461,S3-TR002491
S1-TR004767	
S1-TR004768	
S1-TR004769	S2-TR002462,S3-TR002492
S1-TR004770	
S1-TR004771	S3-TR002493
S1-TR004772	S2-TR002463,S3-TR002494
S1-TR004773	S2-TR002464
S1-TR004774	
S1-TR004775	S2-TR002465
S1-TR004776	S2-TR002466
S1-TR004777	S2-TR002467,S3-TR002495
S1-TR004778	S2-TR002468,S3-TR002496
S1-TR004779	
S1-TR004780	S2-TR002469
S1-TR004781	
S1-TR004782	
S1-TR004783	S3-TR002497
S1-TR004784	S2-TR002470,S3-TR002498
S1-TR004785	
S1-TR004786	
S1-TR004787	S2-TR002471
S1-TR004788	S2-TR002472,S3-TR002499
S1-TR004789	S3-TR002500
S1-TR004790	
S1-TR004791	S3-TR002501
S1-TR004792	
S1-TR004793	
S1-TR004794	S3-TR002502
S1-TR004795	
S1-TR004796	S3-TR002503
S1-TR004797	S3-TR002504
S1-TR004798	S2-TR002473
S1-TR004799	S2-TR002474,S3-TR002505
S1-TR004800	S3-TR002506
S1-TR004801	S2-TR002475,S3-TR002507
S1-TR004802	
S1-TR004803	
S1-TR004804	S2-TR002476
S1-TR004805	S3-TR002508
S1-TR004806	S2-TR002477,S3-TR002509
S1-TR004807	S2-TR002478
S1-TR004808	S3-TR002510
S1-TR004809	
S1-TR004810	
S1-TR004811	S2-TR002479
S1-TR004812	S3-TR002511
S1-TR004813	S2-TR002480,S3-TR002512
S1-TR004814	S2-TR002481
S1-TR004815	S2-TR002482
S1-TR004816	S2-TR002483,S3-TR002513
S1-TR004817	
S1-TR004818	S3-TR002514
S1-TR004819	S2-TR002484
S1-TR004820	S2-TR002485
S1-TR004821	S2-TR002486
S1-TR004822	S2-TR002487,S3-TR002515
S1-TR004823	S2-TR002488,S3-TR002516
S1-TR004824	S2-TR002489
S1-TR004825	S2-TR002490
S1-TR004826	S2-TR002491,S3-TR002517
S1-TR004827	
S1-TR004828	S3-TR002518
S1-TR004829	S3-TR002519
S1-TR004830	S3-TR002520
S1-TR004831	S3-TR002521
S1-TR004832	S2-TR002492
S1-TR004833	S2-TR002493
S1-TR004834	
S1-TR004835	S2-TR002494,S3-TR002522
S1-TR004836	S2-TR002495
S1-TR004837	S3-TR002523
S1-TR004838	S3-TR002524
S1-TR004839	S3-TR002525
S1-TR004840	
S1-TR004841	S2-TR002496
S1-TR004842	S2-TR002497,S3-TR002526
S1-TR004843	S2-TR002498
S1-TR004844	S2-TR002499
S1-TR004845	S3-TR002527
S1-TR004846	S2-TR002500
S1-TR004847	
S1-TR004848	
S1-TR004849	
S1-TR004850	
S1-TR004851	
S1-TR004852	S2-TR002501,S3-TR002528
S1-TR004853	S2-TR002502
S1-TR004854	S2-TR002503
S1-TR004855	S2-TR002504
S1-TR004856	S3-TR002529
S1-TR004857	S2-TR002505,S3-TR002530
S1-TR004858	S2-TR002506,S3-TR002531
S1-TR004859	S2-TR002507
S1-TR004860	S2-TR002508
S1-TR004861	S2-TR002509
S1-TR004862	
S1-TR004863	S2-TR002510
S1-TR004864	S3-TR002532
S1-TR004865	S2-TR002511
S1-TR004866	S2-TR002512
S1-TR004867	S2-TR002513,S3-TR002533
S1-TR004868	S2-TR002514,S3-TR002534
S1-TR004869	S2-TR002515,S3-TR002535
S1-TR004870	S3-TR002536
S1-TR004871	S3-TR002537
S1-TR004872	S3-TR002538
S1-TR004873	S2-TR002516
S1-TR004874	
S1-TR004875	S2-TR002517,S3-TR002539
S1-TR004876	
S1-TR004877	S2-TR002518
S1-TR004878	S2-TR002519,S3-TR002540
S1-TR004879	
S1-TR004880	
S1-TR004881	S2-TR002520,S3-TR002541
S1-TR004882	
S1-TR004883	S2-TR002521
S1-TR004884	S2-TR002522
S1-TR004885	S2-TR002523
S1-TR004886	
S1-TR004887	
S1-TR004888	S3-TR002542
S1-TR004889	
S1-TR004890	S3-TR002543
S1-TR004891	S2-TR002524
S1-TR004892	S2-TR002525
S1-TR004893	S2-TR002526
S1-TR004894	S2-TR002527,S3-TR002544
S1-TR004895	S2-TR002528
S1-TR004896	S2-TR002529
S1-TR004897	
S1-TR004898	S2-TR002530,S3-TR002545
S1-TR004899	S2-TR002531,S3-TR002546
S1-TR004900	S2-TR002532
S1-TR004901	S2-TR002533
S1-TR004902	S2-TR002534
S1-TR004903	S3-TR002547
S1-TR004904	S2-TR002535,S3-TR002548
S1-TR004905	S2-TR002536
S1-TR004906	S2-TR002537
S1-TR004907	S2-TR002538
S1-TR004908	S3-TR002549
S1-TR004909	S2-TR002539
S1-TR004910	
S1-TR004911	S2-TR002540,S3-TR002550
S1-TR004912	S2-TR002541
S1-TR004913	S3-TR002551
S1-TR004914	S2-TR002542,S3-TR002552
S1-TR004915	S2-TR002543
S1-TR004916	S2-TR002544
S1-TR004917	S2-TR002545,S3-TR002553
S1-TR004918	S2-TR002546,S3-TR002554
S1-TR004919	
S1-TR004920	S2-TR002547
S1-TR004921	S2-TR002548,S3-TR002555
S1-TR004922	
S1-TR004923	S3-TR002556
S1-TR004924	
S1-TR004925	S2-TR002549
S1-TR004926	
S1-TR004927	S3-TR002557
S1-TR004928	
S1-TR004929	S2-TR002550
S1-TR004930	S2-TR002551,S3-TR002558
S1-TR004931	S2-TR002552,S3-TR002559
S1-TR004932	
S1-TR004933	S2-TR002553,S3-TR002560
S1-TR004934	S3-TR002561
S1-TR004935	S2-TR002554
S1-TR004936	
S1-TR004937	S2-TR002555,S3-TR002562
S1-TR004938	S3-TR002563
S1-TR004939	S3-TR002564
S1-TR004940	S2-TR002556,S3-TR002565
S1-TR004941	S2-TR002557
S1-TR004942	S2-TR002558,S3-TR002566
S1-TR004943	S2-TR002559
S1-TR004944	S3-TR002567
S1-TR004945	
S1-TR004946	S3-TR002568
S1-TR004947	
S1-TR004948	S2-TR002560
S1-TR004949	S2-TR002561
S1-TR004950	
S1-TR004951	S2-TR002562
S1-TR004952	S2-TR002563,S3-TR002569
S1-TR004953	S2-TR002564,S3-TR002570
S1-TR004954	S2-TR002565,S3-TR002571
S1-TR004955	S2-TR002566,S3-TR002572
S1-TR004956	S2-TR002567,S3-TR002573
S1-TR004957	
S1-TR004958	S2-TR002568,S3-TR002574
S1-TR004959	S2-TR002569
S1-TR004960	S3-TR002575
S1-TR004961	S2-TR002570
S1-TR004962	S2-TR002571,S3-TR002576
S1-TR004963	S2-TR002572
S1-TR004964	S2-TR002573
S1-TR004965	S3-TR002577
S1-TR004966	S2-TR002574
S1-TR004967	
S1-TR004968	S2-TR002575
S1-TR004969	S2-TR002576
S1-TR004970	S2-TR002577
S1-TR004971	S3-TR002578
S1-TR004972	S3-TR002579
S1-TR004973	S2-TR002578
S1-TR004974	
S1-TR004975	S3-TR002580
S1-TR004976	S2-TR002579,S3-TR002581
S1-TR004977	S2-TR002580,S3-TR002582
S1-TR004978	S2-TR002581
S1-TR004979	S3-TR002583
S1-TR004980	S3-TR002584
S1-TR004981	S2-TR002582,S3-TR002585
S1-TR004982	
S1-TR004983	S2-TR002583
S1-TR004984	
S1-TR004985	S2-TR002584,S3-TR002586
S1-TR004986	S2-TR002585
S1-TR004987	S2-TR002586,S3-TR002587
S1-TR004988	S3-TR002588
S1-TR004989	S3-TR002589
S1-TR004990	S2-TR002587
S1-TR004991	
S1-TR004992	
S1-TR004993	S2-TR002588
S1-TR004994	S2-TR002589
S1-TR004995	S3-TR002590
S1-TR004996	S3-TR002591
S1-TR004997	S3-TR002592
S1-TR004998	S3-TR002593
S1-TR004999	S2-TR002590
S1-TR005000	S2-TR002591
S1-TR005001	
S1-TR005002	S2-TR002592
S1-TR005003	
S1-TR005004	S3-TR002594
S1-TR005005	S2-TR002593,S3-TR002595
S1-TR005006	S2-TR002594,S3-TR002596
S1-TR005007	
S1-TR005008	S3-TR002597
S1-TR005009	S2-TR002595,S3-TR002598
S1-TR005010	S2-TR002596,S3-TR002599
S1-TR005011	S2-TR002597
S1-TR005012	S2-TR002598
S1-TR005013	
S1-TR005014	S2-TR002599
S1-TR005015	
S1-TR005016	
S1-TR005017	
S1-TR005018	S2-TR002600
S1-TR005019	S2-TR002601
S1-TR005020	S2-TR002602
S1-TR005021	S2-TR002603
S1-TR005022	S3-TR002600
S1-TR005023	S2-TR002604
S1-TR005024	
S1-TR005025	S2-TR002605,S3-TR002601
S1-TR005026	
S1-TR005027	
S1-TR005028	S3-TR002602
S1-TR005029	
S1-TR005030	S2-TR002606,S3-TR002603
S1-TR005031	S2-TR002607
S1-TR005032	S2-TR002608
S1-TR005033	S3-TR002604
S1-TR005034	S2-TR002609,S3-TR002605
S1-TR005035	S3-TR002606
S1-TR005036	S3-TR002607
S1-TR005037	S3-TR002608
S1-TR005038	
S1-TR005039	S2-TR002610,S3-TR002609
S1-TR005040	S3-TR002610
S1-TR005041	S3-TR002611
S1-TR005042	S3-TR002612
S1-TR005043	S3-TR002613
S1-TR005044	S3-TR002614
S1-TR005045	S2-TR002611,S3-TR002615
S1-TR005046	S2-TR002612,S3-TR002616
S1-TR005047	S2-TR002613,S3-TR002617
S1-TR005048	
S1-TR005049	S2-TR002614
S1-TR005050	S2-TR002615,S3-TR002618
S1-TR005051	S2-TR002616
S1-TR005052	S2-TR002617,S3-TR002619
S1-TR005053	S2-TR002618
S1-TR005054	
S1-TR005055	S2-TR002619,S3-TR002620
S1-TR005056	S2-TR002620,S3-TR002621
S1-TR005057	S3-TR002622
S1-TR005058	
S1-TR005059	S2-TR002621,S3-TR002623
S1-TR005060	S3-TR002624
S1-TR005061	S2-TR002622
S1-TR005062	
S1-TR005063	S3-TR002625
S1-TR005064	S3-TR002626
S1-TR005065	S3-TR002627
S1-TR005066	S2-TR002623,S3-TR002628
S1-TR005067	S3-TR002629
S1-TR005068	S3-TR002630
S1-TR005069	S2-TR002624
S1-TR005070	S2-TR002625,S3-TR002631
S1-TR005071	S2-TR002626,S3-TR002632
S1-TR005072	S3-TR002633
S1-TR005073	S2-TR002627,S3-TR002634
S1-TR005074	S2-TR002628
S1-TR005075	S2-TR002629
S1-TR005076	S2-TR002630,S3-TR002635
S1-TR005077	S2-TR002631,S3-TR002636
S1-TR005078	
S1-TR005079	S2-TR002632,S3-TR002637
S1-TR005080	
S1-TR005081	S2-TR002633,S3-TR002638
S1-TR005082	
S1-TR005083	S3-TR002639
S1-TR005084	S2-TR002634
S1-TR005085	
S1-TR005086	S2-TR002635,S3-TR002640
S1-TR005087	S2-TR002636,S3-TR002641
S1-TR005088	S2-TR002637
S1-TR005089	S2-TR002638
S1-TR005090	S2-TR002639
S1-TR005091	S2-TR002640
S1-TR005092	S3-TR002642
S1-TR005093	S2-TR002641
S1-TR005094	S2-TR002642
S1-TR005095	S2-TR002643
S1-TR005096	S2-TR002644,S3-TR002643
S1-TR005097	S2-TR002645,S3-TR002644
S1-TR005098	
S1-TR005099	S3-TR002645
S1-TR005100	S2-TR002646
S1-TR005101	
S1-TR005102	S2-TR002647
S1-TR005103	S3-TR002646
S1-TR005104	S2-TR002648,S3-TR002647
S1-TR005105	
S1-TR005106	S2-TR002649,S3-TR002648
S1-TR005107	
S1-TR005108	S2-TR002650
S1-TR005109	S3-TR002649
S1-TR005110	S2-TR002651,S3-TR002650
S1-TR005111	S3-TR002651
S1-TR005112	S2-TR002652
S1-TR005113	S2-TR002653
S1-TR005114	S2-TR002654,S3-TR002652
S1-TR005115	S2-TR002655,S3-TR002653
S1-TR005116	S2-TR002656,S3-TR002654
S1-TR005117	
S1-TR005118	
S1-TR005119	S2-TR002657
S1-TR005120	
S1-TR005121	S2-TR002658,S3-TR002655
S1-TR005122	S2-TR002659
S1-TR005123	
S1-TR005124	S2-TR002660
S1-TR005125	S2-TR002661,S3-TR002656
S1-TR005126	
S1-TR005127	S2-TR002662,S3-TR002657
S1-TR005128	S2-TR002663,S3-TR002658
S1-TR005129	S2-TR002664
S1-TR005130	S3-TR002659
S1-TR005131	S2-TR002665,S3-TR002660
S1-TR005132	S2-TR002666,S3-TR002661
S1-TR005133	S2-TR002667,S3-TR002662
S1-TR005134	S2-TR002668,S3-TR002663
S1-TR005135	S2-TR002669
S1-TR005136	
S1-TR005137	S2-TR002670
S1-TR005138	S2-TR002671,S3-TR002664
S1-TR005139	S2-TR002672,S3-TR002665
S1-TR005140	S3-TR002666
S1-TR005141	S2-TR002673,S3-TR002667
S1-TR005142	S2-TR002674
S1-TR005143	S3-TR002668
S1-TR005144	S3-TR002669
S1-TR005145	S2-TR002675,S3-TR002670
S1-TR005146	
S1-TR005147	S3-TR002671
S1-TR005148	S2-TR002676
S1-TR005149	S3-TR002672
S1-TR005150	S2-TR002677
S1-TR005151	S2-TR002678,S3-TR002673
S1-TR005152	S2-TR002679
S1-TR005153	S2-TR002680
S1-TR005154	S2-TR002681,S3-TR002674
S1-TR005155	
S1-TR005156	S2-TR002682
S1-TR005157	S3-TR002675
S1-TR005158	S3-TR002676
S1-TR005159	S2-TR002683
S1-TR005160	S2-TR002684
S1-TR005161	S3-TR002677
S1-TR005162	S2-TR002685
S1-TR005163	S3-TR002678
S1-TR005164	S2-TR002686,S3-TR002679
S1-TR005165	
S1-TR005166	
S1-TR005167	S3-TR002680
S1-TR005168	
S1-TR005169	S2-TR002687,S3-TR002681
S1-TR005170	
S1-TR005171	S2-TR002688
S1-TR005172	S3-TR002682
S1-TR005173	S3-TR002683
S1-TR005174	S3-TR002684
S1-TR005175	S2-TR002689
S1-TR005176	S2-TR002690
S1-TR005177	
S1-TR005178	S2-TR002691,S3-TR002685
S1-TR005179	S3-TR002686
S1-TR005180	S2-TR002692,S3-TR002687
S1-TR005181	S3-TR002688
S1-TR005182	S2-TR002693
S1-TR005183	S3-TR002689
S1-TR005184	S2-TR002694,S3-TR002690
S1-TR005185	
S1-TR005186	S2-TR002695
S1-TR005187	S2-TR002696
S1-TR005188	S2-TR002697,S3-TR002691
S1-TR005189	S3-TR002692
S1-TR005190	S2-TR002698
S1-TR005191	S2-TR002699
S1-TR005192	S3-TR002693
S1-TR005193	
S1-TR005194	S2-TR002700,S3-TR002694
S1-TR005195	
S1-TR005196	
S1-TR005197	
S1-TR005198	S2-TR002701
S1-TR005199	
S1-TR005200	S2-TR002702,S3-TR002695
S1-TR005201	S2-TR002703
S1-TR005202	
S1-TR005203	S2-TR002704
S1-TR005204	S2-TR002705
S1-TR005205	S2-TR002706
S1-TR005206	S2-TR002707
S1-TR005207	S2-TR002708,S3-TR002696
S1-TR005208	S3-TR002697
S1-TR005209	
S1-TR005210	S3-TR002698
S1-TR005211	S2-TR002709
S1-TR005212	
S1-TR005213	
S1-TR005214	S3-TR002699
S1-TR005215	S3-TR002700
S1-TR005216	S2-TR002710
S1-TR005217	
S1-TR005218	S2-TR002711,S3-TR002701
S1-TR005219	S2-TR002712,S3-TR002702
S1-TR005220	
S1-TR005221	S2-TR002713,S3-TR002703
S1-TR005222	S2-TR002714
S1-TR005223	S2-TR002715,S3-TR002704
S1-TR005224	
S1-TR005225	S2-TR002716,S3-TR002705
S1-TR005226	
S1-TR005227	S3-TR002706
S1-TR005228	S2-TR002717,S3-TR002707
S1-TR005229	
S1-TR005230	S2-TR002718,S3-TR002708
S1-TR005231	S2-TR002719,S3-TR002709
S1-TR005232	S2-TR002720,S3-TR002710
S1-TR005233	
S1-TR005234	S2-TR002721,S3-TR002711
S1-TR005235	S2-TR002722
S1-TR005236	S2-TR002723
S1-TR005237	
S1-TR005238	S3-TR002712
S1-TR005239	S3-TR002713
S1-TR005240	S2-TR002724,S3-TR002714
S1-TR005241	
S1-TR005242	S2-TR002725
S1-TR005243	S3-TR002715
S1-TR005244	S2-TR002726,S3-TR002716
S1-TR005245	S2-TR002727
S1-TR005246	S2-TR002728
S1-TR005247	S2-TR002729,S3-TR002717
S1-TR005248	S2-TR002730,S3-TR002718
S1-TR005249	
S1-TR005250	S3-TR002719
S1-TR005251	S2-TR002731
S1-TR005252	S3-TR002720
S1-TR005253	
S1-TR005254	
S1-TR005255	S3-TR002721
S1-TR005256	S2-TR002732
S1-TR005257	S2-TR002733,S3-TR002722
S1-TR005258	S2-TR002734,S3-TR002723
S1-TR005259	S3-TR002724
S1-TR005260	
S1-TR005261	S3-TR002725
S1-TR005262	
S1-TR005263	S2-TR002735
S1-TR005264	
S1-TR005265	S3-TR002726
S1-TR005266	
S1-TR005267	S2-TR002736,S3-TR002727
S1-TR005268	
S1-TR005269	
S1-TR005270	S2-TR002737
S1-TR005271	S2-TR002738
S1-TR005272	S2-TR002739,S3-TR002728
S1-TR005273	S2-TR002740,S3-TR002729
S1-TR005274	S3-TR002730
S1-TR005275	S2-TR002741
S1-TR005276	S2-TR002742
S1-TR005277	S2-TR002743
S1-TR005278	S2-TR002744,S3-TR002731
S1-TR005279	
S1-TR005280	
S1-TR005281	S3-TR002732
S1-TR005282	S2-TR002745
S1-TR005283	S2-TR002746
S1-TR005284	
S1-TR005285	
S1-TR005286	S3-TR002733
S1-TR005287	S3-TR002734
S1-TR005288	
S1-TR005289	S3-TR002735
S1-TR005290	S2-TR002747,S3-TR002736
S1-TR005291	S3-TR002737
S1-TR005292	S2-TR002748
S1-TR005293	
S1-TR005294	S2-TR002749
S1-TR005295	S3-TR002738
S1-TR005296	
S1-TR005297	
S1-TR005298	S2-TR002750
S1-TR005299	S2-TR002751,S3-TR002739
S1-TR005300	S3-TR002740
S1-TR005301	S3-TR002741
S1-TR005302	S3-TR002742
S1-TR005303	S2-TR002752,S3-TR002743
S1-TR005304	S2-TR002753
S1-TR005305	S2-TR002754,S3-TR002744
S1-TR005306	S2-TR002755
S1-TR005307	
S1-TR005308	S2-TR002756
S1-TR005309	
S1-TR005310	
S1-TR005311	S3-TR002745
S1-TR005312	
S1-TR005313	S2-TR002757,S3-TR002746
S1-TR005314	S3-TR002747
S1-TR005315	
S1-TR005316	
S1-TR005317	S2-TR002758,S3-TR002748
S1-TR005318	S2-TR002759,S3-TR002749
S1-TR005319	S3-TR002750
S1-TR005320	S2-TR002760,S3-TR002751
S1-TR005321	S2-TR002761
S1-TR005322	S2-TR002762,S3-TR002752
S1-TR005323	
S1-TR005324	S3-TR002753
S1-TR005325	S2-TR002763,S3-TR002754
S1-TR005326	S3-TR002755
S1-TR005327	S2-TR002764
S1-TR005328	S2-TR002765,S3-TR002756
S1-TR005329	S2-TR002766,S3-TR002757
S1-TR005330	S2-TR002767,S3-TR002758
S1-TR005331	S3-TR002759
S1-TR005332	S3-TR002760
S1-TR005333	S2-TR002768,S3-TR002761
S1-TR005334	S2-TR002769,S3-TR002762
S1-TR005335	S2-TR002770
S1-TR005336	
S1-TR005337	S3-TR002763
S1-TR005338	S2-TR002771,S3-TR002764
S1-TR005339	
S1-TR005340	S2-TR002772,S3-TR002765
S1-TR005341	
S1-TR005342	S2-TR002773
S1-TR005343	S3-TR002766
S1-TR005344	S2-TR002774,S3-TR002767
S1-TR005345	S3-TR002768
S1-TR005346	S2-TR002775,S3-TR002769
S1-TR005347	S3-TR002770
S1-TR005348	S3-TR002771
S1-TR005349	
S1-TR005350	
S1-TR005351	
S1-TR005352	S2-TR002776,S3-TR002772
S1-TR005353	S2-TR002777,S3-TR002773
S1-TR005354	S3-TR002774
S1-TR005355	S2-TR002778,S3-TR002775
S1-TR005356	S3-TR002776
S1-TR005357	S2-TR002779,S3-TR002777
S1-TR005358	S3-TR002778
S1-TR005359	
S1-TR005360	S3-TR002779
S1-TR005361	S2-TR002780,S3-TR002780
S1-TR005362	S2-TR002781,S3-TR002781
S1-TR005363	S2-TR002782,S3-TR002782
S1-TR005364	S2-TR002783,S3-TR002783
S1-TR005365	S3-TR002784
S1-TR005366	S3-TR002785
S1-TR005367	
S1-TR005368	S2-TR002784,S3-TR002786
S1-TR005369	
S1-TR005370	S2-TR002785
S1-TR005371	S2-TR002786
S1-TR005372	S2-TR002787
S1-TR005373	
S1-TR005374	S2-TR002788
S1-TR005375	S2-TR002789,S3-TR002787
S1-TR005376	S2-TR002790,S3-TR002788
S1-TR005377	S2-TR002791,S3-TR002789
S1-TR005378	S2-TR002792
S1-TR005379	
S1-TR005380	S2-TR002793,S3-TR002790
S1-TR005381	S2-TR002794,S3-TR002791
S1-TR005382	S2-TR002795,S3-TR002792
S1-TR005383	S2-TR002796,S3-TR002793
S1-TR005384	S2-TR002797,S3-TR002794
S1-TR005385	S3-TR002795
S1-TR005386	S2-TR002798
S1-TR005387	S3-TR002796
S1-TR005388	S3-TR002797
S1-TR005389	S2-TR002799
S1-TR005390	S2-TR002800,S3-TR002798
S1-TR005391	S2-TR002801,S3-TR002799
S1-TR005392	S2-TR002802
S1-TR005393	S2-TR002803
S1-TR005394	S3-TR002800
S1-TR005395	
S1-TR005396	S2-TR002804
S1-TR005397	S2-TR002805,S3-TR002801
S1-TR005398	S2-TR002806
S1-TR005399	S3-TR002802
S1-TR005400	
S1-TR005401	S2-TR002807,S3-TR002803
S1-TR005402	S3-TR002804
S1-TR005403	S3-TR002805
S1-TR005404	S2-TR002808
S1-TR005405	S2-TR002809,S3-TR002806
S1-TR005406	S2-TR002810
S1-TR005407	S2-TR002811,S3-TR002807
S1-TR005408	S2-TR002812,S3-TR002808
S1-TR005409	
S1-TR005410	S2-TR002813,S3-TR002809
S1-TR005411	
S1-TR005412	S2-TR002814
S1-TR005413	S2-TR002815
S1-TR005414	S3-TR002810
S1-TR005415	S2-TR002816
S1-TR005416	S2-TR002817
S1-TR005417	S2-TR002818
S1-TR005418	S2-TR002819
S1-TR005419	
S1-TR005420	S2-TR002820
S1-TR005421	S2-TR002821,S3-TR002811
S1-TR005422	S2-TR002822
S1-TR005423	S2-TR002823
S1-TR005424	S3-TR002812
S1-TR005425	S3-TR002813
S1-TR005426	S2-TR002824
S1-TR005427	S2-TR002825
S1-TR005428	S3-TR002814
S1-TR005429	
S1-TR005430	S3-TR002815
S1-TR005431	
S1-TR005432	S2-TR002826,S3-TR002816
S1-TR005433	S3-TR002817
S1-TR005434	S3-TR002818
S1-TR005435	S2-TR002827
S1-TR005436	S3-TR002819
S1-TR005437	S2-TR002828
S1-TR005438	S2-TR002829,S3-TR002820
S1-TR005439	S3-TR002821
S1-TR005440	S2-TR002830
S1-TR005441	S2-TR002831,S3-TR002822
S1-TR005442	S2-TR002832
S1-TR005443	S2-TR002833,S3-TR002823
S1-TR005444	S2-TR002834,S3-TR002824
S1-TR005445	S2-TR002835
S1-TR005446	S2-TR002836,S3-TR002825
S1-TR005447	
S1-TR005448	
S1-TR005449	S3-TR002826
S1-TR005450	S2-TR002837,S3-TR002827
S1-TR005451	S2-TR002838,S3-TR002828
S1-TR005452	S2-TR002839,S3-TR002829
S1-TR005453	S2-TR002840,S3-TR002830
S1-TR005454	
S1-TR005455	S2-TR002841
S1-TR005456	S2-TR002842
S1-TR005457	S2-TR002843,S3-TR002831
S1-TR005458	S2-TR002844,S3-TR002832
S1-TR005459	S2-TR002845,S3-TR002833
S1-TR005460	S3-TR002834
S1-TR005461	S2-TR002846
S1-TR005462	S2-TR002847
S1-TR005463	
S1-TR005464	S3-TR002835
S1-TR005465	S2-TR002848
S1-TR005466	
S1-TR005467	S2-TR002849
S1-TR005468	S2-TR002850
S1-TR005469	S2-TR002851,S3-TR002836
S1-TR005470	
S1-TR005471	S3-TR002837
S1-TR005472	S2-TR002852,S3-TR002838
S1-TR005473	S2-TR002853,S3-TR002839
S1-TR005474	S2-TR002854
S1-TR005475	
S1-TR005476	
S1-TR005477	
S1-TR005478	S3-TR002840
S1-TR005479	
S1-TR005480	S3-TR002841
S1-TR005481	
S1-TR005482	
S1-TR005483	S2-TR002855,S3-TR002842
S1-TR005484	S2-TR002856,S3-TR002843
S1-TR005485	S2-TR002857,S3-TR002844
S1-TR005486	S2-TR002858
S1-TR005487	S2-TR002859,S3-TR002845
S1-TR005488	
S1-TR005489	
S1-TR005490	S2-TR002860,S3-TR002846
S1-TR005491	S2-TR002861,S3-TR002847
S1-TR005492	
S1-TR005493	S2-TR002862,S3-TR002848
S1-TR005494	
S1-TR005495	S2-TR002863,S3-TR002849
S1-TR005496	
S1-TR005497	S2-TR002864
S1-TR005498	S2-TR002865
S1-TR005499	
S1-TR005500	
S1-TR005501	
S1-TR005502	S2-TR002866,S3-TR002850
S1-TR005503	S3-TR002851
S1-TR005504	
S1-TR005505	S3-TR002852
S1-TR005506	S3-TR002853
S1-TR005507	
S1-TR005508	S2-TR002867,S3-TR002854
S1-TR005509	S3-TR002855
S1-TR005510	S2-TR002868,S3-TR002856
S1-TR005511	
S1-TR005512	S3-TR002857
S1-TR005513	
S1-TR005514	
S1-TR005515	
S1-TR005516	
S1-TR005517	S2-TR002869
S1-TR005518	S2-TR002870
S1-TR005519	S2-TR002871
S1-TR005520	S2-TR002872
S1-TR005521	S3-TR002858
S1-TR005522	S2-TR002873
S1-TR005523	S2-TR002874,S3-TR002859
S1-TR005524	S3-TR002860
S1-TR005525	S3-TR002861
S1-TR005526	S2-TR002875
S1-TR005527	S3-TR002862
S1-TR005528	S3-TR002863
S1-TR005529	S3-TR002864
S1-TR005530	S2-TR002876
S1-TR005531	S2-TR002877,S3-TR002865
S1-TR005532	
S1-TR005533	S2-TR002878
S1-TR005534	S2-TR002879,S3-TR002866
S1-TR005535	S2-TR002880
S1-TR005536	S2-TR002881,S3-TR002867
S1-TR005537	
S1-TR005538	S2-TR002882
S1-TR005539	
S1-TR005540	S3-TR002868
S1-TR005541	S3-TR002869
S1-TR005542	S2-TR002883,S3-TR002870
S1-TR005543	S2-TR002884
S1-TR005544	
S1-TR005545	S2-TR002885,S3-TR002871
S1-TR005546	
S1-TR005547	S2-TR002886
S1-TR005548	S3-TR002872
S1-TR005549	
S1-TR005550	S2-TR002887
S1-TR005551	S2-TR002888
S1-TR005552	
S1-TR005553	S3-TR002873
S1-TR005554	
S1-TR005555	S2-TR002889
S1-TR005556	S2-TR002890
S1-TR005557	
S1-TR005558	S2-TR002891
S1-TR005559	S2-TR002892
S1-TR005560	S2-TR002893
S1-TR005561	
S1-TR005562	S2-TR002894
S1-TR005563	
S1-TR005564	S3-TR002874
S1-TR005565	
S1-TR005566	S2-TR002895
S1-TR005567	S2-TR002896
S1-TR005568	S2-TR002897,S3-TR002875
S1-TR005569	
S1-TR005570	S3-TR002876
S1-TR005571	
S1-TR005572	S2-TR002898
S1-TR005573	
S1-TR005574	S3-TR002877
S1-TR005575	
S1-TR005576	
S1-TR005577	S3-TR002878
S1-TR005578	S2-TR002899,S3-TR002879
S1-TR005579	
S1-TR005580	S2-TR002900,S3-TR002880
S1-TR005581	
S1-TR005582	S2-TR002901
S1-TR005583	S3-TR002881
S1-TR005584	S2-TR002902
S1-TR005585	S2-TR002903
S1-TR005586	S2-TR002904,S3-TR002882
S1-TR005587	S2-TR002905,S3-TR002883
S1-TR005588	S3-TR002884
S1-TR005589	S2-TR002906,S3-TR002885
S1-TR005590	S2-TR002907
S1-TR005591	
S1-TR005592	S3-TR002886
S1-TR005593	S2-TR002908,S3-TR002887
S1-TR005594	S2-TR002909,S3-TR002888
S1-TR005595	
S1-TR005596	S2-TR002910
S1-TR005597	S2-TR002911,S3-TR002889
S1-TR005598	S2-TR002912
S1-TR005599	S3-TR002890
S1-TR005600	S3-TR002891
S1-TR005601	S2-TR002913
S1-TR005602	S2-TR002914
S1-TR005603	S2-TR002915,S3-TR002892
S1-TR005604	S2-TR002916,S3-TR002893
S1-TR005605	
S1-TR005606	S3-TR002894
S1-TR005607	S2-TR002917,S3-TR002895
S1-TR005608	S2-TR002918
S1-TR005609	
S1-TR005610	S3-TR002896
S1-TR005611	S2-TR002919
S1-TR005612	S2-TR002920
S1-TR005613	S2-TR002921
S1-TR005614	
S1-TR005615	S2-TR002922
S1-TR005616	S2-TR002923,S3-TR002897
S1-TR005617	
S1-TR005618	S3-TR002898
S1-TR005619	S2-TR002924,S3-TR002899
S1-TR005620	S2-TR002925
S1-TR005621	S2-TR002926,S3-TR002900
S1-TR005622	S3-TR002901
S1-TR005623	S3-TR002902
S1-TR005624	
S1-TR005625	S2-TR002927,S3-TR002903
S1-TR005626	S3-TR002904
S1-TR005627	S2-TR002928
S1-TR005628	S2-TR002929,S3-TR002905
S1-TR005629	
S1-TR005630	S2-TR002930
S1-TR005631	S2-TR002931
S1-TR005632	S3-TR002906
S1-TR005633	S2-TR002932,S3-TR002907
S1-TR005634	S2-TR002933,S3-TR002908
S1-TR005635	S2-TR002934,S3-TR002909
S1-TR005636	S3-TR002910
S1-TR005637	S2-TR002935
S1-TR005638	
S1-TR005639	S3-TR002911
S1-TR005640	S2-TR002936,S3-TR002912
S1-TR005641	S3-TR002913
S1-TR005642	
S1-TR005643	S3-TR002914
S1-TR005644	S2-TR002937,S3-TR002915
S1-TR005645	
S1-TR005646	S3-TR002916
S1-TR005647	S3-TR002917
S1-TR005648	S2-TR002938,S3-TR002918
S1-TR005649	S3-TR002919
S1-TR005650	S2-TR002939
S1-TR005651	S2-TR002940
S1-TR005652	
S1-TR005653	S2-TR002941
S1-TR005654	S2-TR002942
S1-TR005655	S2-TR002943,S3-TR002920
S1-TR005656	S2-TR002944
S1-TR005657	S3-TR002921
S1-TR005658	S3-TR002922
S1-TR005659	S3-TR002923
S1-TR005660	S2-TR002945,S3-TR002924
S1-TR005661	S3-TR002925
S1-TR005662	S2-TR002946
S1-TR005663	S3-TR002926
S1-TR005664	S2-TR002947,S3-TR002927
S1-TR005665	S2-TR002948
S1-TR005666	S2-TR002949,S3-TR002928
S1-TR005667	S2-TR002950,S3-TR002929
S1-TR005668	S3-TR002930
S1-TR005669	S3-TR002931
S1-TR005670	
S1-TR005671	S2-TR002951
S1-TR005672	S3-TR002932
S1-TR005673	S3-TR002933
S1-TR005674	S2-TR002952
S1-TR005675	S2-TR002953,S3-TR002934
S1-TR005676	S3-TR002935
S1-TR005677	S2-TR002954,S3-TR002936
S1-TR005678	S2-TR002955,S3-TR002937
S1-TR005679	S2-TR002956
S1-TR005680	S2-TR002957
S1-TR005681	
S1-TR005682	S2-TR002958
S1-TR005683	S2-TR002959,S3-TR002938
S1-TR005684	S2-TR002960,S3-TR002939
S1-TR005685	S2-TR002961
S1-TR005686	S2-TR002962
S1-TR005687	S2-TR002963,S3-TR002940
S1-TR005688	S3-TR002941
S1-TR005689	
S1-TR005690	
S1-TR005691	S3-TR002942
S1-TR005692	S2-TR002964,S3-TR002943
S1-TR005693	S2-TR002965,S3-TR002944
S1-TR005694	S3-TR002945
S1-TR005695	S3-TR002946
S1-TR005696	S3-TR002947
S1-TR005697	S2-TR002966
S1-TR005698	S2-TR002967,S3-TR002948
S1-TR005699	
S1-TR005700	S2-TR002968,S3-TR002949
S1-TR005701	S3-TR002950
S1-TR005702	S2-TR002969,S3-TR002951
S1-TR005703	S2-TR002970
S1-TR005704	
S1-TR005705	S3-TR002952
S1-TR005706	S3-TR002953
S1-TR005707	S2-TR002971,S3-TR002954
S1-TR005708	
S1-TR005709	S3-TR002955
S1-TR005710	S2-TR002972,S3-TR002956
S1-TR005711	S3-TR002957
S1-TR005712	
S1-TR005713	S2-TR002973,S3-TR002958
S1-TR005714	S2-TR002974
S1-TR005715	S2-TR002975
S1-TR005716	S3-TR002959
S1-TR005717	S3-TR002960
S1-TR005718	S2-TR002976,S3-TR002961
S1-TR005719	
S1-TR005720	
S1-TR005721	S2-TR002977
S1-TR005722	S2-TR002978
S1-TR005723	S2-TR002979
S1-TR005724	S2-TR002980,S3-TR002962
S1-TR005725	
S1-TR005726	
S1-TR005727	S2-TR002981
S1-TR005728	S2-TR002982
S1-TR005729	
S1-TR005730	S2-TR002983
S1-TR005731	S3-TR002963
S1-TR005732	S3-TR002964
S1-TR005733	S3-TR002965
S1-TR005734	S3-TR002966
S1-TR005735	S2-TR002984
S1-TR005736	S3-TR002967
S1-TR005737	S2-TR002985
S1-TR005738	
S1-TR005739	S3-TR002968
S1-TR005740	S2-TR002986
S1-TR005741	S2-TR002987
S1-TR005742	S3-TR002969
S1-TR005743	
S1-TR005744	S3-TR002970
S1-TR005745	S2-TR002988
S1-TR005746	S2-TR002989,S3-TR002971
S1-TR005747	S2-TR002990
S1-TR005748	
S1-TR005749	S2-TR002991
S1-TR005750	S3-TR002972
S1-TR005751	S3-TR002973
S1-TR005752	
S1-TR005753	S2-TR002992
S1-TR005754	S2-TR002993,S3-TR002974
S1-TR005755	S3-TR002975
S1-TR005756	S2-TR002994,S3-TR002976
S1-TR005757	
S1-TR005758	S2-TR002995
S1-TR005759	S2-TR002996
S1-TR005760	S3-TR002977
S1-TR005761	S2-TR002997
S1-TR005762	S2-TR002998
S1-TR005763	S2-TR002999
S1-TR005764	S2-TR003000
S1-TR005765	S2-TR003001,S3-TR002978
S1-TR005766	S2-TR003002,S3-TR002979
S1-TR005767	S3-TR002980
S1-TR005768	S2-TR003003
S1-TR005769	S3-TR002981
S1-TR005770	S2-TR003004,S3-TR002982
S1-TR005771	S2-TR003005
S1-TR005772	S2-TR003006
S1-TR005773	S2-TR003007
S1-TR005774	S2-TR003008
S1-TR005775	
S1-TR005776	S3-TR002983
S1-TR005777	S3-TR002984
S1-TR005778	S3-TR002985
S1-TR005779	S3-TR002986
S1-TR005780	
S1-TR005781	S2-TR003009,S3-TR002987
S1-TR005782	S3-TR002988
S1-TR005783	S2-TR003010,S3-TR002989
S1-TR005784	
S1-TR005785	S3-TR002990
S1-TR005786	S2-TR003011
S1-TR005787	S2-TR003012
S1-TR005788	S3-TR002991
S1-TR005789	S2-TR003013,S3-TR002992
S1-TR005790	S2-TR003014
S1-TR005791	S2-TR003015,S3-TR002993
S1-TR005792	S3-TR002994
S1-TR005793	S2-TR003016,S3-TR002995
S1-TR005794	
S1-TR005795	
S1-TR005796	
S1-TR005797	S2-TR003017,S3-TR002996
S1-TR005798	S2-TR003018
S1-TR005799	S2-TR003019,S3-TR002997
S1-TR005800	S2-TR003020,S3-TR002998
S1-TR005801	S3-TR002999
S1-TR005802	S3-TR003000
S1-TR005803	S2-TR003021
S1-TR005804	
S1-TR005805	S3-TR003001
S1-TR005806	S2-TR003022
S1-TR005807	S3-TR003002
S1-TR005808	S2-TR003023
S1-TR005809	S3-TR003003
S1-TR005810	S2-TR003024,S3-TR003004
S1-TR005811	
S1-TR005812	S2-TR003025
S1-TR005813	
S1-TR005814	S2-TR003026,S3-TR003005
S1-TR005815	S2-TR003027
S1-TR005816	
S1-TR005817	S3-TR003006
S1-TR005818	S2-TR003028,S3-TR003007
S1-TR005819	S2-TR003029
S1-TR005820	S3-TR003008
S1-TR005821	S2-TR003030
S1-TR005822	S2-TR003031
S1-TR005823	S2-TR003032
S1-TR005824	
S1-TR005825	S2-TR003033
S1-TR005826	
S1-TR005827	S2-TR003034,S3-TR003009
S1-TR005828	S2-TR003035
S1-TR005829	S3-TR003010
S1-TR005830	S2-TR003036,S3-TR003011
S1-TR005831	S3-TR003012
S1-TR005832	S2-TR003037,S3-TR003013
S1-TR005833	S3-TR003014
S1-TR005834	S2-TR003038,S3-TR003015
S1-TR005835	S2-TR003039
S1-TR005836	
S1-TR005837	
S1-TR005838	
S1-TR005839	S2-TR003040
S1-TR005840	S2-TR003041,S3-TR003016
S1-TR005841	S3-TR003017
S1-TR005842	S2-TR003042,S3-TR003018
S1-TR005843	
S1-TR005844	S2-TR003043
S1-TR005845	S3-TR003019
S1-TR005846	
S1-TR005847	S2-TR003044
S1-TR005848	S3-TR003020
S1-TR005849	
S1-TR005850	S2-TR003045
S1-TR005851	
S1-TR005852	S2-TR003046
S1-TR005853	S2-TR003047
S1-TR005854	
S1-TR005855	S2-TR003048
S1-TR005856	S2-TR003049
S1-TR005857	S3-TR003021
S1-TR005858	S2-TR003050
S1-TR005859	S3-TR003022
S1-TR005860	S2-TR003051
S1-TR005861	S2-TR003052
S1-TR005862	S2-TR003053,S3-TR003023
S1-TR005863	S2-TR003054,S3-TR003024
S1-TR005864	S2-TR003055
S1-TR005865	S2-TR003056
S1-TR005866	S2-TR003057
S1-TR005867	S2-TR003058
S1-TR005868	S2-TR003059,S3-TR003025
S1-TR005869	S3-TR003026
S1-TR005870	S2-TR003060
S1-TR005871	S2-TR003061,S3-TR003027
S1-TR005872	S2-TR003062,S3-TR003028
S1-TR005873	
S1-TR005874	S2-TR003063
S1-TR005875	S2-TR003064
S1-TR005876	S3-TR003029
S1-TR005877	S2-TR003065,S3-TR003030
S1-TR005878	S3-TR003031
S1-TR005879	S2-TR003066,S3-TR003032
S1-TR005880	S2-TR003067
S1-TR005881	S3-TR003033
S1-TR005882	
S1-TR005883	S3-TR003034
S1-TR005884	S2-TR003068,S3-TR003035
S1-TR005885	
S1-TR005886	S2-TR003069
S1-TR005887	
S1-TR005888	
S1-TR005889	S3-TR003036
S1-TR005890	
S1-TR005891	S2-TR003070,S3-TR003037
S1-TR005892	S2-TR003071
S1-TR005893	S2-TR003072,S3-TR003038
S1-TR005894	S2-TR003073
S1-TR005895	
S1-TR005896	S2-TR003074
S1-TR005897	
S1-TR005898	S3-TR003039
S1-TR005899	S3-TR003040
S1-TR005900	S3-TR003041
S1-TR005901	S3-TR003042
S1-TR005902	S2-TR003075,S3-TR003043
S1-TR005903	S3-TR003044
S1-TR005904	
S1-TR005905	S2-TR003076,S3-TR003045
S1-TR005906	
S1-TR005907	S3-TR003046
S1-TR005908	S3-TR003047
S1-TR005909	S2-TR003077,S3-TR003048
S1-TR005910	
S1-TR005911	S2-TR003078,S3-TR003049
S1-TR005912	
S1-TR005913	S2-TR003079
S1-TR005914	S2-TR003080
S1-TR005915	S2-TR003081
S1-TR005916	
S1-TR005917	S3-TR003050
S1-TR005918	S2-TR003082,S3-TR003051
S1-TR005919	S2-TR003083,S3-TR003052
S1-TR005920	S2-TR003084,S3-TR003053
S1-TR005921	S2-TR003085
S1-TR005922	
S1-TR005923	S3-TR003054
S1-TR005924	S2-TR003086
S1-TR005925	S2-TR003087,S3-TR003055
S1-TR005926	S2-TR003088
S1-TR005927	S2-TR003089
S1-TR005928	S2-TR003090,S3-TR003056
S1-TR005929	S3-TR003057
S1-TR005930	S2-TR003091
S1-TR005931	S2-TR003092,S3-TR003058
S1-TR005932	S3-TR003059
S1-TR005933	S2-TR003093
S1-TR005934	S3-TR003060
S1-TR005935	
S1-TR005936	S2-TR003094
S1-TR005937	S2-TR003095,S3-TR003061
S1-TR005938	S2-TR003096,S3-TR003062
S1-TR005939	S2-TR003097,S3-TR003063
S1-TR005940	S3-TR003064
S1-TR005941	S2-TR003098
S1-TR005942	S2-TR003099,S3-TR003065
S1-TR005943	S2-TR003100
S1-TR005944	S3-TR003066
S1-TR005945	S3-TR003067
S1-TR005946	
S1-TR005947	S2-TR003101
S1-TR005948	S2-TR003102,S3-TR003068
S1-TR005949	
S1-TR005950	S2-TR003103
S1-TR005951	S2-TR003104,S3-TR003069
S1-TR005952	S2-TR003105,S3-TR003070
S1-TR005953	S3-TR003071
S1-TR005954	S2-TR003106
S1-TR005955	S2-TR003107
S1-TR005956	S2-TR003108,S3-TR003072
S1-TR005957	S2-TR003109
S1-TR005958	S3-TR003073
S1-TR005959	S2-TR003110,S3-TR003074
S1-TR005960	
S1-TR005961	S2-TR003111,S3-TR003075
S1-TR005962	
S1-TR005963	S2-TR003112,S3-TR003076
S1-TR005964	
S1-TR005965	S2-TR003113,S3-TR003077
S1-TR005966	S3-TR003078
S1-TR005967	S2-TR003114
S1-TR005968	S2-TR003115
S1-TR005969	S3-TR003079
S1-TR005970	S3-TR003080
S1-TR005971	S2-TR003116
S1-TR005972	S2-TR003117,S3-TR003081
S1-TR005973	S2-TR003118
S1-TR005974	S2-TR003119
S1-TR005975	S2-TR003120,S3-TR003082
S1-TR005976	S2-TR003121,S3-TR003083
S1-TR005977	S2-TR003122
S1-TR005978	
S1-TR005979	
S1-TR005980	S2-TR003123
S1-TR005981	S2-TR003124
S1-TR005982	S3-TR003084
S1-TR005983	S3-TR003085
S1-TR005984	S2-TR003125
S1-TR005985	S2-TR003126
S1-TR005986	S3-TR003086
S1-TR005987	S3-TR003087
S1-TR005988	S2-TR003127,S3-TR003088
S1-TR005989	S3-TR003089
S1-TR005990	S2-TR003128,S3-TR003090
S1-TR005991	S3-TR003091
S1-TR005992	S3-TR003092
S1-TR005993	S3-TR003093
S1-TR005994	S2-TR003129,S3-TR003094
S1-TR005995	S2-TR003130,S3-TR003095
S1-TR005996	S2-TR003131
S1-TR005997	
S1-TR005998	
S1-TR005999	S3-TR003096
S1-TR006000	S3-TR003097
S1-TR006001	S2-TR003132
S1-TR006002	S2-TR003133
S1-TR006003	
S1-TR006004	S2-TR003134,S3-TR003098
S1-TR006005	S2-TR003135,S3-TR003099
S1-TR006006	S2-TR003136
S1-TR006007	
S1-TR006008	S2-TR003137
S1-TR006009	S3-TR003100
S1-TR006010	S2-TR003138
S1-TR006011	
S1-TR006012	S2-TR003139,S3-TR003101
S1-TR006013	S2-TR003140,S3-TR003102
S1-TR006014	
S1-TR006015	S2-TR003141,S3-TR003103
S1-TR006016	S3-TR003104
S1-TR006017	
S1-TR006018	S2-TR003142
S1-TR006019	S2-TR003143
S1-TR006020	
S1-TR006021	S3-TR003105
S1-TR006022	S2-TR003144,S3-TR003106
S1-TR006023	S3-TR003107
S1-TR006024	S2-TR003145
S1-TR006025	S2-TR003146,S3-TR003108
S1-TR006026	S3-TR003109
S1-TR006027	S3-TR003110
S1-TR006028	S2-TR003147
S1-TR006029	S2-TR003148,S3-TR003111
S1-TR006030	S2-TR003149,S3-TR003112
S1-TR006031	S3-TR003113
S1-TR006032	S2-TR003150
S1-TR006033	
S1-TR006034	S3-TR003114
S1-TR006035	
S1-TR006036	S2-TR003151,S3-TR003115
S1-TR006037	
S1-TR006038	S2-TR003152,S3-TR003116
S1-TR006039	S3-TR003117
S1-TR006040	S2-TR003153
S1-TR006041	S2-TR003154
S1-TR006042	S3-TR003118
S1-TR006043	S2-TR003155
S1-TR006044	S2-TR003156,S3-TR003119
S1-TR006045	S3-TR003120
S1-TR006046	S2-TR003157,S3-TR003121
S1-TR006047	S2-TR003158
S1-TR006048	S3-TR003122
S1-TR006049	S2-TR003159
S1-TR006050	
S1-TR006051	S2-TR003160
S1-TR006052	S2-TR003161
S1-TR006053	S2-TR003162,S3-TR003123
S1-TR006054	S2-TR003163,S3-TR003124
S1-TR006055	S2-TR003164
S1-TR006056	
S1-TR006057	S2-TR003165
S1-TR006058	S2-TR003166
S1-TR006059	S2-TR003167
S1-TR006060	S2-TR003168
S1-TR006061	S2-TR003169
S1-TR006062	
S1-TR006063	S2-TR003170
S1-TR006064	S2-TR003171
S1-TR006065	S2-TR003172
S1-TR006066	
S1-TR006067	S3-TR003125
S1-TR006068	S3-TR003126
S1-TR006069	S2-TR003173
S1-TR006070	S3-TR003127
S1-TR006071	S2-TR003174
S1-TR006072	S2-TR003175
S1-TR006073	S3-TR003128
S1-TR006074	S2-TR003176
S1-TR006075	S2-TR003177,S3-TR003129
S1-TR006076	
S1-TR006077	
S1-TR006078	S3-TR003130
S1-TR006079	S2-TR003178,S3-TR003131
S1-TR006080	S2-TR003179
S1-TR006081	S2-TR003180
S1-TR006082	S3-TR003132
S1-TR006083	S2-TR003181
S1-TR006084	
S1-TR006085	
S1-TR006086	
S1-TR006087	S2-TR003182,S3-TR003133
S1-TR006088	S2-TR003183
S1-TR006089	
S1-TR006090	S3-TR003134
S1-TR006091	
S1-TR006092	S3-TR003135
S1-TR006093	S2-TR003184
S1-TR006094	
S1-TR006095	S3-TR003136
S1-TR006096	S3-TR003137
S1-TR006097	S2-TR003185
S1-TR006098	S3-TR003138
S1-TR006099	S2-TR003186
S1-TR006100	S2-TR003187
S1-TR006101	
S1-TR006102	S2-TR003188,S3-TR003139
S1-TR006103	S3-TR003140
S1-TR006104	S3-TR003141
S1-TR006105	S3-TR003142
S1-TR006106	S2-TR003189,S3-TR003143
S1-TR006107	S2-TR003190
S1-TR006108	S2-TR003191
S1-TR006109	S2-TR003192
S1-TR006110	S2-TR003193
S1-TR006111	S2-TR003194
S1-TR006112	S3-TR003144
S1-TR006113	S3-TR003145
S1-TR006114	S2-TR003195
S1-TR006115	S3-TR003146
S1-TR006116	S3-TR003147
S1-TR006117	S2-TR003196
S1-TR006118	S2-TR003197,S3-TR003148
S1-TR006119	S2-TR003198,S3-TR003149
S1-TR006120	S3-TR003150
S1-TR006121	S2-TR003199
S1-TR006122	S3-TR003151
S1-TR006123	S2-TR003200
S1-TR006124	
S1-TR006125	S3-TR003152
S1-TR006126	S2-TR003201
S1-TR006127	
S1-TR006128	
S1-TR006129	S3-TR003153
S1-TR006130	S3-TR003154
S1-TR006131	S2-TR003202
S1-TR006132	S2-TR003203
S1-TR006133	S2-TR003204
S1-TR006134	
S1-TR006135	S3-TR003155
S1-TR006136	S3-TR003156
S1-TR006137	S2-TR003205,S3-TR003157
S1-TR006138	S3-TR003158
S1-TR006139	S3-TR003159
S1-TR006140	S3-TR003160
S1-TR006141	S2-TR003206,S3-TR003161
S1-TR006142	S3-TR003162
S1-TR006143	S2-TR003207
S1-TR006144	
S1-TR006145	S3-TR003163
S1-TR006146	S3-TR003164
S1-TR006147	
S1-TR006148	S3-TR003165
S1-TR006149	S2-TR003208,S3-TR003166
S1-TR006150	S2-TR003209
S1-TR006151	S3-TR003167
S1-TR006152	S2-TR003210,S3-TR003168
S1-TR006153	S2-TR003211
S1-TR006154	S3-TR003169
S1-TR006155	
S1-TR006156	S3-TR003170
S1-TR006157	
S1-TR006158	S3-TR003171
S1-TR006159	S2-TR003212,S3-TR003172
S1-TR006160	S2-TR003213
S1-TR006161	S2-TR003214,S3-TR003173
S1-TR006162	S3-TR003174
S1-TR006163	S3-TR003175
S1-TR006164	S2-TR003215,S3-TR003176
S1-TR006165	
S1-TR006166	S2-TR003216,S3-TR003177
S1-TR006167	
S1-TR006168	S2-TR003217,S3-TR003178
S1-TR006169	S2-TR003218,S3-TR003179
S1-TR006170	S2-TR003219,S3-TR003180
S1-TR006171	
S1-TR006172	
S1-TR006173	S3-TR003181
S1-TR006174	S2-TR003220,S3-TR003182
S1-TR006175	S3-TR003183
S1-TR006176	S2-TR003221,S3-TR003184
S1-TR006177	
S1-TR006178	S2-TR003222,S3-TR003185
S1-TR006179	S2-TR003223,S3-TR003186
S1-TR006180	S3-TR003187
S1-TR006181	
S1-TR006182	S2-TR003224
S1-TR006183	S2-TR003225,S3-TR003188
S1-TR006184	S2-TR003226
S1-TR006185	S3-TR003189
S1-TR006186	S3-TR003190
S1-TR006187	S3-TR003191
S1-TR006188	S3-TR003192
S1-TR006189	S3-TR003193
S1-TR006190	
S1-TR006191	
S1-TR006192	S2-TR003227,S3-TR003194
S1-TR006193	S2-TR003228
S1-TR006194	S2-TR003229,S3-TR003195
S1-TR006195	
S1-TR006196	S3-TR003196
S1-TR006197	
S1-TR006198	S2-TR003230
S1-TR006199	
S1-TR006200	S2-TR003231,S3-TR003197
S1-TR006201	S2-TR003232,S3-TR003198
S1-TR006202	
S1-TR006203	S2-TR003233
S1-TR006204	
S1-TR006205	S3-TR003199
S1-TR006206	S2-TR003234,S3-TR003200
S1-TR006207	S2-TR003235
S1-TR006208	S3-TR003201
S1-TR006209	S2-TR003236
S1-TR006210	S2-TR003237
S1-TR006211	S2-TR003238,S3-TR003202
S1-TR006212	S3-TR003203
S1-TR006213	S3-TR003204
S1-TR006214	S2-TR003239,S3-TR003205
S1-TR006215	S2-TR003240,S3-TR003206
S1-TR006216	S2-TR003241
S1-TR006217	S2-TR003242
S1-TR006218	S2-TR003243,S3-TR003207
S1-TR006219	
S1-TR006220	S3-TR003208
S1-TR006221	
S1-TR006222	S3-TR003209
S1-TR006223	
S1-TR006224	S3-TR003210
S1-TR006225	S2-TR003244
S1-TR006226	S3-TR003211
S1-TR006227	
S1-TR006228	
S1-TR006229	S3-TR003212
S1-TR006230	S3-TR003213
S1-TR006231	S3-TR003214
S1-TR006232	
S1-TR006233	S2-TR003245,S3-TR003215
S1-TR006234	S3-TR003216
S1-TR006235	S2-TR003246
S1-TR006236	S2-TR003247
S1-TR006237	S3-TR003217
S1-TR006238	S3-TR003218
S1-TR006239	S3-TR003219
S1-TR006240	
S1-TR006241	
S1-TR006242	
S1-TR006243	S2-TR003248
S1-TR006244	S2-TR003249,S3-TR003220
S1-TR006245	S3-TR003221
S1-TR006246	S3-TR003222
S1-TR006247	
S1-TR006248	S2-TR003250
S1-TR006249	S3-TR003223
S1-TR006250	S3-TR003224
S1-TR006251	S2-TR003251,S3-TR003225
S1-TR006252	S3-TR003226
S1-TR006253	S2-TR003252
S1-TR006254	
S1-TR006255	
S1-TR006256	S2-TR003253
S1-TR006257	S2-TR003254
S1-TR006258	S3-TR003227
S1-TR006259	
S1-TR006260	
S1-TR006261	S2-TR003255
S1-TR006262	S3-TR003228
S1-TR006263	S3-TR003229
S1-TR006264	S2-TR003256,S3-TR003230
S1-TR006265	
S1-TR006266	S2-TR003257
S1-TR006267	S2-TR003258
S1-TR006268	
S1-TR006269	
S1-TR006270	S2-TR003259
S1-TR006271	S2-TR003260
S1-TR006272	S2-TR003261
S1-TR006273	S2-TR003262,S3-TR003231
S1-TR006274	S3-TR003232
S1-TR006275	S2-TR003263,S3-TR003233
S1-TR006276	S3-TR003234
S1-TR006277	S2-TR003264
S1-TR006278	S2-TR003265
S1-TR006279	
S1-TR006280	S2-TR003266
S1-TR006281	S3-TR003235
S1-TR006282	S3-TR003236
S1-TR006283	S3-TR003237
S1-TR006284	S2-TR003267
S1-TR006285	S2-TR003268
S1-TR006286	S3-TR003238
S1-TR006287	S2-TR003269
S1-TR006288	
S1-TR006289	S3-TR003239
S1-TR006290	S3-TR003240
S1-TR006291	S2-TR003270,S3-TR003241
S1-TR006292	
S1-TR006293	S3-TR003242
S1-TR006294	
S1-TR006295	S3-TR003243
S1-TR006296	S2-TR003271
S1-TR006297	S2-TR003272
S1-TR006298	S2-TR003273
S1-TR006299	
S1-TR006300	S2-TR003274
S1-TR006301	S2-TR003275
S1-TR006302	S3-TR003244
S1-TR006303	S3-TR003245
S1-TR006304	S2-TR003276
S1-TR006305	S2-TR003277
S1-TR006306	
S1-TR006307	S2-TR003278,S3-TR003246
S1-TR006308	S2-TR003279,S3-TR003247
S1-TR006309	
S1-TR006310	S3-TR003248
S1-TR006311	S2-TR003280
S1-TR006312	S3-TR003249
S1-TR006313	S2-TR003281
S1-TR006314	
S1-TR006315	
S1-TR006316	S2-TR003282,S3-TR003250
S1-TR006317	S2-TR003283
S1-TR006318	S2-TR003284,S3-TR003251
S1-TR006319	
S1-TR006320	S3-TR003252
S1-TR006321	S3-TR003253
S1-TR006322	S2-TR003285,S3-TR003254
S1-TR006323	S3-TR003255
S1-TR006324	S3-TR003256
S1-TR006325	
S1-TR006326	S3-TR003257
S1-TR006327	S3-TR003258
S1-TR006328	S2-TR003286
S1-TR006329	S2-TR003287,S3-TR003259
S1-TR006330	
S1-TR006331	S2-TR003288,S3-TR003260
S1-TR006332	S3-TR003261
S1-TR006333	
S1-TR006334	
S1-TR006335	
S1-TR006336	S3-TR003262
S1-TR006337	
S1-TR006338	
S1-TR006339	S2-TR003289,S3-TR003263
S1-TR006340	S2-TR003290
S1-TR006341	
S1-TR006342	S3-TR003264
S1-TR006343	S3-TR003265
S1-TR006344	S2-TR003291,S3-TR003266
S1-TR006345	S3-TR003267
S1-TR006346	S3-TR003268
S1-TR006347	S2-TR003292,S3-TR003269
S1-TR006348	S2-TR003293
S1-TR006349	
S1-TR006350	
S1-TR006351	
S1-TR006352	S2-TR003294,S3-TR003270
S1-TR006353	S3-TR003271
S1-TR006354	S2-TR003295
S1-TR006355	S2-TR003296,S3-TR003272
S1-TR006356	S2-TR003297,S3-TR003273
S1-TR006357	S2-TR003298
S1-TR006358	S2-TR003299,S3-TR003274
S1-TR006359	S2-TR003300
S1-TR006360	S2-TR003301,S3-TR003275
S1-TR006361	S2-TR003302,S3-TR003276
S1-TR006362	S2-TR003303,S3-TR003277
S1-TR006363	S3-TR003278
S1-TR006364	S2-TR003304,S3-TR003279
S1-TR006365	S3-TR003280
S1-TR006366	
S1-TR006367	S3-TR003281
S1-TR006368	S2-TR003305
S1-TR006369	S2-TR003306
S1-TR006370	S2-TR003307
S1-TR006371	
S1-TR006372	S2-TR003308,S3-TR003282
S1-TR006373	S3-TR003283
S1-TR006374	
S1-TR006375	S2-TR003309,S3-TR003284
S1-TR006376	S2-TR003310,S3-TR003285
S1-TR006377	S2-TR003311
S1-TR006378	S2-TR003312,S3-TR003286
S1-TR006379	S3-TR003287
S1-TR006380	S2-TR003313
S1-TR006381	S2-TR003314,S3-TR003288
S1-TR006382	S2-TR003315
S1-TR006383	S2-TR003316
S1-TR006384	S3-TR003289
S1-TR006385	S3-TR003290
S1-TR006386	
S1-TR006387	S2-TR003317
S1-TR006388	S2-TR003318
S1-TR006389	S2-TR003319
S1-TR006390	
S1-TR006391	S2-TR003320,S3-TR003291
S1-TR006392	S3-TR003292
S1-TR006393	S2-TR003321,S3-TR003293
S1-TR006394	S3-TR003294
S1-TR006395	S3-TR003295
S1-TR006396	
S1-TR006397	S3-TR003296
S1-TR006398	S2-TR003322,S3-TR003297
S1-TR006399	S2-TR003323,S3-TR003298
S1-TR006400	S2-TR003324,S3-TR003299
S1-TR006401	S2-TR003325,S3-TR003300
S1-TR006402	
S1-TR006403	S3-TR003301
S1-TR006404	S2-TR003326,S3-TR003302
S1-TR006405	
S1-TR006406	
S1-TR006407	S2-TR003327,S3-TR003303
S1-TR006408	S3-TR003304
S1-TR006409	S2-TR003328,S3-TR003305
S1-TR006410	S2-TR003329,S3-TR003306
S1-TR006411	
S1-TR006412	S3-TR003307
S1-TR006413	S2-TR003330,S3-TR003308
S1-TR006414	S2-TR003331,S3-TR003309
S1-TR006415	S2-TR003332
S1-TR006416	S2-TR003333,S3-TR003310
S1-TR006417	S2-TR003334,S3-TR003311
S1-TR006418	S2-TR003335,S3-TR003312
S1-TR006419	S2-TR003336
S1-TR006420	S2-TR003337
S1-TR006421	S2-TR003338
S1-TR006422	S2-TR003339
S1-TR006423	S2-TR003340
S1-TR006424	S2-TR003341
S1-TR006425	S3-TR003313
S1-TR006426	S3-TR003314
S1-TR006427	S2-TR003342
S1-TR006428	S2-TR003343
S1-TR006429	S3-TR003315
S1-TR006430	S2-TR003344,S3-TR003316
S1-TR006431	S2-TR003345,S3-TR003317
S1-TR006432	S2-TR003346,S3-TR003318
S1-TR006433	
S1-TR006434	S2-TR003347
S1-TR006435	S2-TR003348
S1-TR006436	S2-TR003349,S3-TR003319
S1-TR006437	
S1-TR006438	S2-TR003350
S1-TR006439	S2-TR003351
S1-TR006440	S2-TR003352
S1-TR006441	
S1-TR006442	S3-TR003320
S1-TR006443	S2-TR003353,S3-TR003321
S1-TR006444	S3-TR003322
S1-TR006445	
S1-TR006446	
S1-TR006447	S3-TR003323
S1-TR006448	S3-TR003324
S1-TR006449	S2-TR003354,S3-TR003325
S1-TR006450	S2-TR003355
S1-TR006451	S2-TR003356,S3-TR003326
S1-TR006452	S2-TR003357,S3-TR003327
S1-TR006453	
S1-TR006454	S2-TR003358,S3-TR003328
S1-TR006455	S2-TR003359,S3-TR003329
S1-TR006456	
S1-TR006457	S2-TR003360,S3-TR003330
S1-TR006458	S2-TR003361,S3-TR003331
S1-TR006459	S2-TR003362
S1-TR006460	S2-TR003363,S3-TR003332
S1-TR006461	S2-TR003364,S3-TR003333
S1-TR006462	
S1-TR006463	S2-TR003365
S1-TR006464	S3-TR003334
S1-TR006465	S3-TR003335
S1-TR006466	S3-TR003336
S1-TR006467	S2-TR003366
S1-TR006468	
S1-TR006469	S2-TR003367
S1-TR006470	S2-TR003368,S3-TR003337
S1-TR006471	S2-TR003369
S1-TR006472	S3-TR003338
S1-TR006473	S2-TR003370,S3-TR003339
S1-TR006474	S3-TR003340
S1-TR006475	S2-TR003371
S1-TR006476	S2-TR003372
S1-TR006477	S2-TR003373
S1-TR006478	S3-TR003341
S1-TR006479	S2-TR003374,S3-TR003342
S1-TR006480	S3-TR003343
S1-TR006481	
S1-TR006482	S2-TR003375,S3-TR003344
S1-TR006483	S2-TR003376
S1-TR006484	S2-TR003377
S1-TR006485	S2-TR003378
S1-TR006486	S3-TR003345
S1-TR006487	S2-TR003379,S3-TR003346
S1-TR006488	
S1-TR006489	S2-TR003380
S1-TR006490	
S1-TR006491	
S1-TR006492	S2-TR003381
S1-TR006493	S2-TR003382
S1-TR006494	S3-TR003347
S1-TR006495	S3-TR003348
S1-TR006496	S2-TR003383,S3-TR003349
S1-TR006497	
S1-TR006498	
S1-TR006499	
S1-TR006500	S2-TR003384,S3-TR003350
S1-TR006501	S2-TR003385,S3-TR003351
S1-TR006502	S2-TR003386
S1-TR006503	S2-TR003387
S1-TR006504	S2-TR003388
S1-TR006505	S2-TR003389,S3-TR003352
S1-TR006506	S3-TR003353
S1-TR006507	S2-TR003390
S1-TR006508	S2-TR003391
S1-TR006509	S2-TR003392,S3-TR003354
S1-TR006510	S2-TR003393
S1-TR006511	S3-TR003355
S1-TR006512	S3-TR003356
S1-TR006513	
S1-TR006514	S2-TR003394
S1-TR006515	S2-TR003395
S1-TR006516	S2-TR003396,S3-TR003357
S1-TR006517	S2-TR003397,S3-TR003358
S1-TR006518	S2-TR003398,S3-TR003359
S1-TR006519	S2-TR003399,S3-TR003360
S1-TR006520	
S1-TR006521	S2-TR003400
S1-TR006522	S3-TR003361
S1-TR006523	S2-TR003401
S1-TR006524	
S1-TR006525	S2-TR003402,S3-TR003362
S1-TR006526	S3-TR003363
S1-TR006527	S3-TR003364
S1-TR006528	S2-TR003403
S1-TR006529	S2-TR003404
S1-TR006530	
S1-TR006531	S2-TR003405
S1-TR006532	
S1-TR006533	S2-TR003406
S1-TR006534	
S1-TR006535	S2-TR003407
S1-TR006536	S2-TR003408,S3-TR003365
S1-TR006537	S2-TR003409
S1-TR006538	S3-TR003366
S1-TR006539	S3-TR003367
S1-TR006540	S3-TR003368
S1-TR006541	S3-TR003369
S1-TR006542	S2-TR003410
S1-TR006543	S3-TR003370
S1-TR006544	S2-TR003411,S3-TR003371
S1-TR006545	
S1-TR006546	S3-TR003372
S1-TR006547	S3-TR003373
S1-TR006548	S3-TR003374
S1-TR006549	
S1-TR006550	S2-TR003412,S3-TR003375
S1-TR006551	S2-TR003413
S1-TR006552	S3-TR003376
S1-TR006553	S3-TR003377
S1-TR006554	S2-TR003414
S1-TR006555	S3-TR003378
S1-TR006556	
S1-TR006557	S3-TR003379
S1-TR006558	
S1-TR006559	S2-TR003415,S3-TR003380
S1-TR006560	S3-TR003381
S1-TR006561	S2-TR003416
S1-TR006562	S2-TR003417
S1-TR006563	S2-TR003418
S1-TR006564	S2-TR003419,S3-TR003382
S1-TR006565	S2-TR003420,S3-TR003383
S1-TR006566	S2-TR003421,S3-TR003384
S1-TR006567	
S1-TR006568	S2-TR003422
S1-TR006569	S2-TR003423,S3-TR003385
S1-TR006570	
S1-TR006571	S2-TR003424
S1-TR006572	S3-TR003386
S1-TR006573	S3-TR003387
S1-TR006574	S2-TR003425,S3-TR003388
S1-TR006575	S2-TR003426,S3-TR003389
S1-TR006576	S3-TR003390
S1-TR006577	S3-TR003391
S1-TR006578	S2-TR003427
S1-TR006579	S3-TR003392
S1-TR006580	S2-TR003428
S1-TR006581	
S1-TR006582	S3-TR003393
S1-TR006583	S2-TR003429,S3-TR003394
S1-TR006584	S3-TR003395
S1-TR006585	S3-TR003396
S1-TR006586	S2-TR003430,S3-TR003397
S1-TR006587	
S1-TR006588	S2-TR003431
S1-TR006589	S2-TR003432,S3-TR003398
S1-TR006590	
S1-TR006591	
S1-TR006592	S3-TR003399
S1-TR006593	S2-TR003433
S1-TR006594	S3-TR003400
S1-TR006595	S2-TR003434
S1-TR006596	S2-TR003435
S1-TR006597	S2-TR003436
S1-TR006598	S2-TR003437
S1-TR006599	S2-TR003438
S1-TR006600	
S1-TR006601	S2-TR003439,S3-TR003401
S1-TR006602	
S1-TR006603	S2-TR003440,S3-TR003402
S1-TR006604	
S1-TR006605	
S1-TR006606	S3-TR003403
S1-TR006607	
S1-TR006608	S2-TR003441
S1-TR006609	S2-TR003442,S3-TR003404
S1-TR006610	S3-TR003405
S1-TR006611	S3-TR003406
S1-TR006612	S3-TR003407
S1-TR006613	
S1-TR006614	S3-TR003408
S1-TR006615	S2-TR003443
S1-TR006616	S2-TR003444
S1-TR006617	S2-TR003445,S3-TR003409
S1-TR006618	S3-TR003410
S1-TR006619	S3-TR003411
S1-TR006620	S2-TR003446
S1-TR006621	
S1-TR006622	S2-TR003447,S3-TR003412
S1-TR006623	S2-TR003448
S1-TR006624	S2-TR003449
S1-TR006625	S2-TR003450
S1-TR006626	S3-TR003413
S1-TR006627	S3-TR003414
S1-TR006628	S2-TR003451
S1-TR006629	S2-TR003452,S3-TR003415
S1-TR006630	S2-TR003453
S1-TR006631	S2-TR003454,S3-TR003416
S1-TR006632	S3-TR003417
S1-TR006633	S2-TR003455
S1-TR006634	S2-TR003456
S1-TR006635	S2-TR003457,S3-TR003418
S1-TR006636	S2-TR003458
S1-TR006637	S3-TR003419
S1-TR006638	S2-TR003459,S3-TR003420
S1-TR006639	S2-TR003460
S1-TR006640	S2-TR003461
S1-TR006641	S2-TR003462,S3-TR003421
S1-TR006642	S3-TR003422
S1-TR006643	S3-TR003423
S1-TR006644	S2-TR003463
S1-TR006645	
S1-TR006646	S2-TR003464
S1-TR006647	S2-TR003465
S1-TR006648	S3-TR003424
S1-TR006649	S2-TR003466
S1-TR006650	S3-TR003425
S1-TR006651	S3-TR003426
S1-TR006652	S2-TR003467,S3-TR003427
S1-TR006653	S2-TR003468,S3-TR003428
S1-TR006654	S3-TR003429
S1-TR006655	S2-TR003469
S1-TR006656	S2-TR003470,S3-TR003430
S1-TR006657	S2-TR003471
S1-TR006658	S3-TR003431
S1-TR006659	S2-TR003472,S3-TR003432
S1-TR006660	
S1-TR006661	S3-TR003433
S1-TR006662	
S1-TR006663	S2-TR003473,S3-TR003434
S1-TR006664	S3-TR003435
S1-TR006665	S3-TR003436
S1-TR006666	S3-TR003437
S1-TR006667	
S1-TR006668	S2-TR003474,S3-TR003438
S1-TR006669	
S1-TR006670	S2-TR003475
S1-TR006671	S2-TR003476
S1-TR006672	S3-TR003439
S1-TR006673	
S1-TR006674	S2-TR003477,S3-TR003440
S1-TR006675	S3-TR003441
S1-TR006676	S2-TR003478
S1-TR006677	S3-TR003442
S1-TR006678	
S1-TR006679	S2-TR003479,S3-TR003443
S1-TR006680	S2-TR003480,S3-TR003444
S1-TR006681	S3-TR003445
S1-TR006682	S3-TR003446
S1-TR006683	S2-TR003481
S1-TR006684	S2-TR003482,S3-TR003447
S1-TR006685	S3-TR003448
S1-TR006686	S2-TR003483,S3-TR003449
S1-TR006687	S2-TR003484
S1-TR006688	S2-TR003485
S1-TR006689	S3-TR003450
S1-TR006690	S3-TR003451
S1-TR006691	S2-TR003486
S1-TR006692	S3-TR003452
S1-TR006693	S2-TR003487
S1-TR006694	S3-TR003453
S1-TR006695	
S1-TR006696	S3-TR003454
S1-TR006697	S2-TR003488
S1-TR006698	S2-TR003489
S1-TR006699	S2-TR003490,S3-TR003455
S1-TR006700	
S1-TR006701	S2-TR003491,S3-TR003456
S1-TR006702	S2-TR003492,S3-TR003457
S1-TR006703	S2-TR003493
S1-TR006704	S2-TR003494
S1-TR006705	S2-TR003495,S3-TR003458
S1-TR006706	
S1-TR006707	S3-TR003459
S1-TR006708	S2-TR003496
S1-TR006709	S3-TR003460
S1-TR006710	S3-TR003461
S1-TR006711	S2-TR003497
S1-TR006712	S3-TR003462
S1-TR006713	S2-TR003498
S1-TR006714	
S1-TR006715	S2-TR003499,S3-TR003463
S1-TR006716	S2-TR003500
S1-TR006717	S3-TR003464
S1-TR006718	
S1-TR006719	S2-TR003501,S3-TR003465
S1-TR006720	S3-TR003466
S1-TR006721	S2-TR003502,S3-TR003467
S1-TR006722	S3-TR003468
S1-TR006723	S3-TR003469
S1-TR006724	S3-TR003470
S1-TR006725	
S1-TR006726	S3-TR003471
S1-TR006727	S2-TR003503
S1-TR006728	S2-TR003504
S1-TR006729	S3-TR003472
S1-TR006730	S3-TR003473
S1-TR006731	S2-TR003505,S3-TR003474
S1-TR006732	S2-TR003506,S3-TR003475
S1-TR006733	S2-TR003507
S1-TR006734	S2-TR003508
S1-TR006735	S2-TR003509,S3-TR003476
S1-TR006736	S2-TR003510,S3-TR003477
S1-TR006737	S3-TR003478
S1-TR006738	S2-TR003511
S1-TR006739	S2-TR003512
S1-TR006740	S2-TR003513
S1-TR006741	S2-TR003514,S3-TR003479
S1-TR006742	S2-TR003515,S3-TR003480
S1-TR006743	S2-TR003516,S3-TR003481
S1-TR006744	S2-TR003517
S1-TR006745	S2-TR003518
S1-TR006746	S3-TR003482
S1-TR006747	S2-TR003519,S3-TR003483
S1-TR006748	S3-TR003484
S1-TR006749	S2-TR003520,S3-TR003485
S1-TR006750	S2-TR003521,S3-TR003486
S1-TR006751	
S1-TR006752	S2-TR003522
S1-TR006753	S3-TR003487
S1-TR006754	S2-TR003523
S1-TR006755	S2-TR003524,S3-TR003488
S1-TR006756	S2-TR003525,S3-TR003489
S1-TR006757	S2-TR003526,S3-TR003490
S1-TR006758	
S1-TR006759	S2-TR003527,S3-TR003491
S1-TR006760	S3-TR003492
S1-TR006761	S2-TR003528,S3-TR003493
S1-TR006762	
S1-TR006763	S2-TR003529,S3-TR003494
S1-TR006764	S3-TR003495
S1-TR006765	
S1-TR006766	S3-TR003496
S1-TR006767	S3-TR003497
S1-TR006768	S2-TR003530
S1-TR006769	S2-TR003531
S1-TR006770	
S1-TR006771	S2-TR003532
S1-TR006772	S2-TR003533
S1-TR006773	S3-TR003498
S1-TR006774	S2-TR003534
S1-TR006775	S2-TR003535
S1-TR006776	S2-TR003536
S1-TR006777	S2-TR003537
S1-TR006778	S3-TR003499
S1-TR006779	S3-TR003500
S1-TR006780	S2-TR003538
S1-TR006781	S3-TR003501
S1-TR006782	
S1-TR006783	S2-TR003539
S1-TR006784	S2-TR003540,S3-TR003502
S1-TR006785	S2-TR003541
S1-TR006786	S3-TR003503
S1-TR006787	S2-TR003542
S1-TR006788	S3-TR003504
S1-TR006789	S3-TR003505
S1-TR006790	S3-TR003506
S1-TR006791	S2-TR003543,S3-TR003507
S1-TR006792	S2-TR003544
S1-TR006793	S2-TR003545,S3-TR003508
S1-TR006794	S2-TR003546
S1-TR006795	S2-TR003547
S1-TR006796	
S1-TR006797	S3-TR003509
S1-TR006798	S3-TR003510
S1-TR006799	S2-TR003548
S1-TR006800	S2-TR003549
S1-TR006801	S3-TR003511
S1-TR006802	
S1-TR006803	S3-TR003512
S1-TR006804	S2-TR003550,S3-TR003513
S1-TR006805	
S1-TR006806	S2-TR003551
S1-TR006807	S2-TR003552
S1-TR006808	S3-TR003514
S1-TR006809	S3-TR003515
S1-TR006810	S2-TR003553
S1-TR006811	
S1-TR006812	S2-TR003554
S1-TR006813	S3-TR003516
S1-TR006814	S2-TR003555
S1-TR006815	S2-TR003556
S1-TR006816	S2-TR003557
S1-TR006817	S3-TR003517
S1-TR006818	S3-TR003518
S1-TR006819	S3-TR003519
S1-TR006820	S2-TR003558
S1-TR006821	S3-TR003520
S1-TR006822	
S1-TR006823	
S1-TR006824	
S1-TR006825	S2-TR003559,S3-TR003521
S1-TR006826	S2-TR003560,S3-TR003522
S1-TR006827	S3-TR003523
S1-TR006828	S3-TR003524
S1-TR006829	
S1-TR006830	S2-TR003561
S1-TR006831	S3-TR003525
S1-TR006832	S3-TR003526
S1-TR006833	S2-TR003562,S3-TR003527
S1-TR006834	S2-TR003563
S1-TR006835	S2-TR003564,S3-TR003528
S1-TR006836	
S1-TR006837	S2-TR003565
S1-TR006838	S2-TR003566
S1-TR006839	S2-TR003567,S3-TR003529
S1-TR006840	
S1-TR006841	S2-TR003568
S1-TR006842	S3-TR003530
S1-TR006843	S2-TR003569,S3-TR003531
S1-TR006844	S2-TR003570,S3-TR003532
S1-TR006845	S3-TR003533
S1-TR006846	S3-TR003534
S1-TR006847	S3-TR003535
S1-TR006848	S2-TR003571,S3-TR003536
S1-TR006849	S3-TR003537
S1-TR006850	S3-TR003538
S1-TR006851	S2-TR003572,S3-TR003539
S1-TR006852	
S1-TR006853	S2-TR003573
S1-TR006854	
S1-TR006855	
S1-TR006856	S2-TR003574
S1-TR006857	S3-TR003540
S1-TR006858	
S1-TR006859	
S1-TR006860	S2-TR003575
S1-TR006861	S3-TR003541
S1-TR006862	S3-TR003542
S1-TR006863	S3-TR003543
S1-TR006864	S3-TR003544
S1-TR006865	S2-TR003576,S3-TR003545
S1-TR006866	S2-TR003577
S1-TR006867	S3-TR003546
S1-TR006868	
S1-TR006869	S3-TR003547
S1-TR006870	S2-TR003578
S1-TR006871	S2-TR003579
S1-TR006872	S2-TR003580,S3-TR003548
S1-TR006873	S3-TR003549
S1-TR006874	S2-TR003581,S3-TR003550
S1-TR006875	
S1-TR006876	S2-TR003582,S3-TR003551
S1-TR006877	S2-TR003583,S3-TR003552
S1-TR006878	S3-TR003553
S1-TR006879	
S1-TR006880	S2-TR003584
S1-TR006881	S3-TR003554
S1-TR006882	S2-TR003585
S1-TR006883	S3-TR003555
S1-TR006884	S2-TR003586
S1-TR006885	S2-TR003587
S1-TR006886	S2-TR003588
S1-TR006887	S3-TR003556
S1-TR006888	S2-TR003589,S3-TR003557
S1-TR006889	
S1-TR006890	S2-TR003590
S1-TR006891	
S1-TR006892	S2-TR003591,S3-TR003558
S1-TR006893	S2-TR003592,S3-TR003559
S1-TR006894	S3-TR003560
S1-TR006895	S3-TR003561
S1-TR006896	
S1-TR006897	S3-TR003562
S1-TR006898	
S1-TR006899	S2-TR003593
S1-TR006900	S2-TR003594,S3-TR003563
S1-TR006901	S3-TR003564
S1-TR006902	S2-TR003595,S3-TR003565
S1-TR006903	S2-TR003596,S3-TR003566
S1-TR006904	S3-TR003567
S1-TR006905	
S1-TR006906	S2-TR003597
S1-TR006907	S3-TR003568
S1-TR006908	S2-TR003598
S1-TR006909	
S1-TR006910	S2-TR003599
S1-TR006911	S2-TR003600,S3-TR003569
S1-TR006912	S3-TR003570
S1-TR006913	S2-TR003601
S1-TR006914	S3-TR003571
S1-TR006915	S2-TR003602,S3-TR003572
S1-TR006916	S2-TR003603,S3-TR003573
S1-TR006917	S2-TR003604,S3-TR003574
S1-TR006918	S2-TR003605
S1-TR006919	S2-TR003606
S1-TR006920	S3-TR003575
S1-TR006921	S3-TR003576
S1-TR006922	S3-TR003577
S1-TR006923	S3-TR003578
S1-TR006924	S3-TR003579
S1-TR006925	
S1-TR006926	S2-TR003607
S1-TR006927	S3-TR003580
S1-TR006928	S2-TR003608
S1-TR006929	S2-TR003609,S3-TR003581
S1-TR006930	S3-TR003582
S1-TR006931	S2-TR003610
S1-TR006932	S3-TR003583
S1-TR006933	S2-TR003611
S1-TR006934	S2-TR003612,S3-TR003584
S1-TR006935	S2-TR003613,S3-TR003585
S1-TR006936	S2-TR003614,S3-TR003586
S1-TR006937	S3-TR003587
S1-TR006938	S2-TR003615,S3-TR003588
S1-TR006939	S3-TR003589
S1-TR006940	S2-TR003616,S3-TR003590
S1-TR006941	S2-TR003617,S3-TR003591
S1-TR006942	S3-TR003592
S1-TR006943	S3-TR003593
S1-TR006944	S2-TR003618,S3-TR003594
S1-TR006945	S2-TR003619
S1-TR006946	S2-TR003620
S1-TR006947	S2-TR003621,S3-TR003595
S1-TR006948	S2-TR003622
S1-TR006949	
S1-TR006950	S3-TR003596
S1-TR006951	S2-TR003623,S3-TR003597
S1-TR006952	S3-TR003598
S1-TR006953	
S1-TR006954	S2-TR003624
S1-TR006955	S3-TR003599
S1-TR006956	S3-TR003600
S1-TR006957	S2-TR003625,S3-TR003601
S1-TR006958	S3-TR003602
S1-TR006959	S2-TR003626
S1-TR006960	S2-TR003627,S3-TR003603
S1-TR006961	S2-TR003628
S1-TR006962	S2-TR003629
S1-TR006963	S2-TR003630,S3-TR003604
S1-TR006964	S2-TR003631
S1-TR006965	
S1-TR006966	S2-TR003632
S1-TR006967	S2-TR003633
S1-TR006968	
S1-TR006969	S2-TR003634,S3-TR003605
S1-TR006970	S2-TR003635,S3-TR003606
S1-TR006971	S2-TR003636
S1-TR006972	S2-TR003637
S1-TR006973	S3-TR003607
S1-TR006974	S2-TR003638,S3-TR003608
S1-TR006975	S2-TR003639
S1-TR006976	S3-TR003609
S1-TR006977	S2-TR003640,S3-TR003610
S1-TR006978	S3-TR003611
S1-TR006979	S2-TR003641
S1-TR006980	S2-TR003642
S1-TR006981	S2-TR003643
S1-TR006982	S2-TR003644
S1-TR006983	S2-TR003645,S3-TR003612
S1-TR006984	S2-TR003646,S3-TR003613
S1-TR006985	S2-TR003647
S1-TR006986	
S1-TR006987	S2-TR003648,S3-TR003614
S1-TR006988	S2-TR003649,S3-TR003615
S1-TR006989	S3-TR003616
S1-TR006990	
S1-TR006991	S2-TR003650,S3-TR003617
S1-TR006992	
S1-TR006993	S3-TR003618
S1-TR006994	
S1-TR006995	
S1-TR006996	
S1-TR006997	S3-TR003619
S1-TR006998	S2-TR003651
S1-TR006999	S2-TR003652,S3-TR003620
S1-TR007000	S2-TR003653
S1-TR007001	S2-TR003654,S3-TR003621
S1-TR007002	S2-TR003655,S3-TR003622
S1-TR007003	S2-TR003656
S1-TR007004	S3-TR003623
S1-TR007005	
S1-TR007006	S3-TR003624
S1-TR007007	S3-TR003625
S1-TR007008	S2-TR003657
S1-TR007009	S3-TR003626
S1-TR007010	S2-TR003658
S1-TR007011	S2-TR003659
S1-TR007012	S2-TR003660
S1-TR007013	S2-TR003661
S1-TR007014	S2-TR003662
S1-TR007015	S2-TR003663
S1-TR007016	S3-TR003627
S1-TR007017	S3-TR003628
S1-TR007018	S3-TR003629
S1-TR007019	S3-TR003630
S1-TR007020	S2-TR003664,S3-TR003631
S1-TR007021	
S1-TR007022	S2-TR003665,S3-TR003632
S1-TR007023	S2-TR003666
S1-TR007024	S3-TR003633
S1-TR007025	S2-TR003667,S3-TR003634
S1-TR007026	S2-TR003668,S3-TR003635
S1-TR007027	S3-TR003636
S1-TR007028	S3-TR003637
S1-TR007029	S3-TR003638
S1-TR007030	S3-TR003639
S1-TR007031	S3-TR003640
S1-TR007032	S2-TR003669,S3-TR003641
S1-TR007033	S2-TR003670
S1-TR007034	S3-TR003642
S1-TR007035	
S1-TR007036	
S1-TR007037	S2-TR003671,S3-TR003643
S1-TR007038	
S1-TR007039	S2-TR003672,S3-TR003644
S1-TR007040	S2-TR003673
S1-TR007041	S2-TR003674,S3-TR003645
S1-TR007042	S2-TR003675,S3-TR003646
S1-TR007043	
S1-TR007044	
S1-TR007045	
S1-TR007046	S2-TR003676
S1-TR007047	S2-TR003677
S1-TR007048	S3-TR003647
S1-TR007049	S2-TR003678,S3-TR003648
S1-TR007050	
S1-TR007051	S3-TR003649
S1-TR007052	S2-TR003679,S3-TR003650
S1-TR007053	S2-TR003680
S1-TR007054	
S1-TR007055	
S1-TR007056	
S1-TR007057	S3-TR003651
S1-TR007058	S2-TR003681
S1-TR007059	
S1-TR007060	S2-TR003682,S3-TR003652
S1-TR007061	S3-TR003653
S1-TR007062	S2-TR003683
S1-TR007063	S2-TR003684,S3-TR003654
S1-TR007064	S2-TR003685,S3-TR003655
S1-TR007065	S2-TR003686
S1-TR007066	S2-TR003687
S1-TR007067	S3-TR003656
S1-TR007068	S2-TR003688,S3-TR003657
S1-TR007069	S2-TR003689
S1-TR007070	S3-TR003658
S1-TR007071	S2-TR003690,S3-TR003659
S1-TR007072	S3-TR003660
S1-TR007073	S2-TR003691
S1-TR007074	
S1-TR007075	S2-TR003692,S3-TR003661
S1-TR007076	S2-TR003693,S3-TR003662
S1-TR007077	S2-TR003694
S1-TR007078	S3-TR003663
S1-TR007079	S2-TR003695,S3-TR003664
S1-TR007080	S2-TR003696
S1-TR007081	
S1-TR007082	S2-TR003697
S1-TR007083	S2-TR003698
S1-TR007084	S2-TR003699,S3-TR003665
S1-TR007085	S2-TR003700,S3-TR003666
S1-TR007086	S2-TR003701,S3-TR003667
S1-TR007087	S2-TR003702,S3-TR003668
S1-TR007088	S3-TR003669
S1-TR007089	S2-TR003703
S1-TR007090	S2-TR003704,S3-TR003670
S1-TR007091	
S1-TR007092	S2-TR003705
S1-TR007093	S3-TR003671
S1-TR007094	S2-TR003706
S1-TR007095	S2-TR003707
S1-TR007096	S2-TR003708,S3-TR003672
S1-TR007097	
S1-TR007098	
S1-TR007099	S3-TR003673
S1-TR007100	S3-TR003674
S1-TR007101	S3-TR003675
S1-TR007102	S2-TR003709,S3-TR003676
S1-TR007103	S3-TR003677
S1-TR007104	S2-TR003710
S1-TR007105	S2-TR003711
S1-TR007106	S2-TR003712
S1-TR007107	S3-TR003678
S1-TR007108	S3-TR003679
S1-TR007109	S3-TR003680
S1-TR007110	S3-TR003681
S1-TR007111	S2-TR003713,S3-TR003682
S1-TR007112	S3-TR003683
S1-TR007113	
S1-TR007114	S3-TR003684
S1-TR007115	S3-TR003685
S1-TR007116	S2-TR003714
S1-TR007117	S3-TR003686
S1-TR007118	S2-TR003715
S1-TR007119	
S1-TR007120	S2-TR003716,S3-TR003687
S1-TR007121	
S1-TR007122	S2-TR003717
S1-TR007123	S3-TR003688
S1-TR007124	S2-TR003718
S1-TR007125	
S1-TR007126	
S1-TR007127	S3-TR003689
S1-TR007128	
S1-TR007129	S3-TR003690
S1-TR007130	S2-TR003719,S3-TR003691
S1-TR007131	S3-TR003692
S1-TR007132	S3-TR003693
S1-TR007133	S2-TR003720
S1-TR007134	S2-TR003721
S1-TR007135	S3-TR003694
S1-TR007136	S3-TR003695
S1-TR007137	
S1-TR007138	S3-TR003696
S1-TR007139	S2-TR003722,S3-TR003697
S1-TR007140	S2-TR003723
S1-TR007141	S3-TR003698
S1-TR007142	S2-TR003724
S1-TR007143	S3-TR003699
S1-TR007144	S2-TR003725
S1-TR007145	
S1-TR007146	S2-TR003726
S1-TR007147	S3-TR003700
S1-TR007148	S2-TR003727,S3-TR003701
S1-TR007149	S2-TR003728,S3-TR003702
S1-TR007150	S3-TR003703
S1-TR007151	S2-TR003729,S3-TR003704
S1-TR007152	S3-TR003705
S1-TR007153	
S1-TR007154	
S1-TR007155	
S1-TR007156	
S1-TR007157	S2-TR003730
S1-TR007158	
S1-TR007159	S2-TR003731
S1-TR007160	S2-TR003732,S3-TR003706
S1-TR007161	S3-TR003707
S1-TR007162	S2-TR003733
S1-TR007163	S2-TR003734
S1-TR007164	
S1-TR007165	S2-TR003735,S3-TR003708
S1-TR007166	S2-TR003736,S3-TR003709
S1-TR007167	S2-TR003737
S1-TR007168	
S1-TR007169	S3-TR003710
S1-TR007170	
S1-TR007171	
S1-TR007172	S2-TR003738,S3-TR003711
S1-TR007173	S2-TR003739
S1-TR007174	S2-TR003740
S1-TR007175	S3-TR003712
S1-TR007176	
S1-TR007177	S2-TR003741
S1-TR007178	S3-TR003713
S1-TR007179	S3-TR003714
S1-TR007180	S3-TR003715
S1-TR007181	
S1-TR007182	
S1-TR007183	
S1-TR007184	
S1-TR007185	
S1-TR007186	S3-TR003716
S1-TR007187	S2-TR003742
S1-TR007188	S3-TR003717
S1-TR007189	S2-TR003743,S3-TR003718
S1-TR007190	S2-TR003744,S3-TR003719
S1-TR007191	
S1-TR007192	S2-TR003745
S1-TR007193	S2-TR003746
S1-TR007194	S3-TR003720
S1-TR007195	S2-TR003747,S3-TR003721
S1-TR007196	S2-TR003748
S1-TR007197	S3-TR003722
S1-TR007198	
S1-TR007199	S3-TR003723
S1-TR007200	S3-TR003724
S1-TR007201	S3-TR003725
S1-TR007202	S2-TR003749
S1-TR007203	S2-TR003750,S3-TR003726
S1-TR007204	S2-TR003751
S1-TR007205	S3-TR003727
S1-TR007206	S3-TR003728
S1-TR007207	S2-TR003752,S3-TR003729
S1-TR007208	S3-TR003730
S1-TR007209	S3-TR003731
S1-TR007210	S2-TR003753
S1-TR007211	S2-TR003754
S1-TR007212	S3-TR003732
S1-TR007213	S3-TR003733
S1-TR007214	S3-TR003734
S1-TR007215	S3-TR003735
S1-TR007216	S2-TR003755
S1-TR007217	S2-TR003756,S3-TR003736
S1-TR007218	S3-TR003737
S1-TR007219	S3-TR003738
S1-TR007220	S3-TR003739
S1-TR007221	S2-TR003757,S3-TR003740
S1-TR007222	S2-TR003758
S1-TR007223	S2-TR003759
S1-TR007224	S3-TR003741
S1-TR007225	S2-TR003760,S3-TR003742
S1-TR007226	
S1-TR007227	
S1-TR007228	S3-TR003743
S1-TR007229	S2-TR003761
S1-TR007230	S2-TR003762
S1-TR007231	
S1-TR007232	S2-TR003763,S3-TR003744
S1-TR007233	S2-TR003764
S1-TR007234	S3-TR003745
S1-TR007235	S3-TR003746
S1-TR007236	
S1-TR007237	S2-TR003765
S1-TR007238	S2-TR003766,S3-TR003747
S1-TR007239	S2-TR003767,S3-TR003748
S1-TR007240	S3-TR003749
S1-TR007241	S3-TR003750
S1-TR007242	S2-TR003768
S1-TR007243	S3-TR003751
S1-TR007244	S3-TR003752
S1-TR007245	
S1-TR007246	S2-TR003769
S1-TR007247	S2-TR003770
S1-TR007248	S2-TR003771
S1-TR007249	
S1-TR007250	S2-TR003772
S1-TR007251	S2-TR003773,S3-TR003753
S1-TR007252	S2-TR003774,S3-TR003754
S1-TR007253	S3-TR003755
S1-TR007254	S2-TR003775,S3-TR003756
S1-TR007255	
S1-TR007256	S2-TR003776
S1-TR007257	S3-TR003757
S1-TR007258	S2-TR003777,S3-TR003758
S1-TR007259	S2-TR003778,S3-TR003759
S1-TR007260	S2-TR003779,S3-TR003760
S1-TR007261	S3-TR003761
S1-TR007262	S2-TR003780,S3-TR003762
S1-TR007263	S2-TR003781
S1-TR007264	
S1-TR007265	S2-TR003782,S3-TR003763
S1-TR007266	S3-TR003764
S1-TR007267	S2-TR003783,S3-TR003765
S1-TR007268	S2-TR003784,S3-TR003766
S1-TR007269	
S1-TR007270	S3-TR003767
S1-TR007271	S2-TR003785
S1-TR007272	S3-TR003768
S1-TR007273	S2-TR003786,S3-TR003769
S1-TR007274	S2-TR003787,S3-TR003770
S1-TR007275	
S1-TR007276	S2-TR003788,S3-TR003771
S1-TR007277	S2-TR003789
S1-TR007278	S2-TR003790
S1-TR007279	S2-TR003791
S1-TR007280	S2-TR003792,S3-TR003772
S1-TR007281	S2-TR003793
S1-TR007282	S3-TR003773
S1-TR007283	S3-TR003774
S1-TR007284	S3-TR003775
S1-TR007285	S3-TR003776
S1-TR007286	S2-TR003794
S1-TR007287	S2-TR003795,S3-TR003777
S1-TR007288	S2-TR003796,S3-TR003778
S1-TR007289	S2-TR003797,S3-TR003779
S1-TR007290	S2-TR003798
S1-TR007291	S3-TR003780
S1-TR007292	
S1-TR007293	S3-TR003781
S1-TR007294	S2-TR003799
S1-TR007295	S2-TR003800
S1-TR007296	S2-TR003801,S3-TR003782
S1-TR007297	S2-TR003802
S1-TR007298	S3-TR003783
S1-TR007299	S2-TR003803
S1-TR007300	S2-TR003804
S1-TR007301	
S1-TR007302	S2-TR003805,S3-TR003784
S1-TR007303	S2-TR003806
S1-TR007304	
S1-TR007305	S3-TR003785
S1-TR007306	S3-TR003786
S1-TR007307	S3-TR003787
S1-TR007308	S3-TR003788
S1-TR007309	S2-TR003807
S1-TR007310	
S1-TR007311	S2-TR003808
S1-TR007312	S3-TR003789
S1-TR007313	
S1-TR007314	
S1-TR007315	S2-TR003809
S1-TR007316	S2-TR003810,S3-TR003790
S1-TR007317	S2-TR003811,S3-TR003791
S1-TR007318	S2-TR003812
S1-TR007319	
S1-TR007320	S2-TR003813
S1-TR007321	
S1-TR007322	S2-TR003814,S3-TR003792
S1-TR007323	
S1-TR007324	S2-TR003815,S3-TR003793
S1-TR007325	S2-TR003816,S3-TR003794
S1-TR007326	S3-TR003795
S1-TR007327	S2-TR003817,S3-TR003796
S1-TR007328	S3-TR003797
S1-TR007329	S2-TR003818
S1-TR007330	S2-TR003819,S3-TR003798
S1-TR007331	S2-TR003820
S1-TR007332	S2-TR003821,S3-TR003799
S1-TR007333	
S1-TR007334	S2-TR003822,S3-TR003800
S1-TR007335	S2-TR003823,S3-TR003801
S1-TR007336	S2-TR003824
S1-TR007337	S2-TR003825,S3-TR003802
S1-TR007338	S2-TR003826
S1-TR007339	S2-TR003827,S3-TR003803
S1-TR007340	S3-TR003804
S1-TR007341	S3-TR003805
S1-TR007342	S2-TR003828,S3-TR003806
S1-TR007343	S2-TR003829
S1-TR007344	S3-TR003807
S1-TR007345	
S1-TR007346	
S1-TR007347	S2-TR003830
S1-TR007348	S2-TR003831
S1-TR007349	
S1-TR007350	S2-TR003832,S3-TR003808
S1-TR007351	S2-TR003833
S1-TR007352	S2-TR003834
S1-TR007353	S2-TR003835
S1-TR007354	S2-TR003836,S3-TR003809
S1-TR007355	S2-TR003837
S1-TR007356	S3-TR003810
S1-TR007357	S3-TR003811
S1-TR007358	S3-TR003812
S1-TR007359	S2-TR003838
S1-TR007360	S2-TR003839,S3-TR003813
S1-TR007361	S2-TR003840
S1-TR007362	S3-TR003814
S1-TR007363	
S1-TR007364	S3-TR003815
S1-TR007365	S2-TR003841
S1-TR007366	S2-TR003842,S3-TR003816
S1-TR007367	S3-TR003817
S1-TR007368	S3-TR003818
S1-TR007369	
S1-TR007370	S2-TR003843
S1-TR007371	
S1-TR007372	S3-TR003819
S1-TR007373	S2-TR003844,S3-TR003820
S1-TR007374	S2-TR003845
S1-TR007375	S2-TR003846,S3-TR003821
S1-TR007376	S2-TR003847,S3-TR003822
S1-TR007377	S3-TR003823
S1-TR007378	S2-TR003848,S3-TR003824
S1-TR007379	S2-TR003849,S3-TR003825
S1-TR007380	
S1-TR007381	
S1-TR007382	S2-TR003850
S1-TR007383	S2-TR003851
S1-TR007384	S3-TR003826
S1-TR007385	S3-TR003827
S1-TR007386	S3-TR003828
S1-TR007387	S2-TR003852
S1-TR007388	S2-TR003853,S3-TR003829
S1-TR007389	S2-TR003854
S1-TR007390	S2-TR003855
S1-TR007391	S3-TR003830
S1-TR007392	S2-TR003856,S3-TR003831
S1-TR007393	S2-TR003857
S1-TR007394	S2-TR003858,S3-TR003832
S1-TR007395	S3-TR003833
S1-TR007396	S2-TR003859
S1-TR007397	S2-TR003860,S3-TR003834
S1-TR007398	S3-TR003835
S1-TR007399	
S1-TR007400	S3-TR003836
S1-TR007401	S2-TR003861
S1-TR007402	
S1-TR007403	
S1-TR007404	S3-TR003837
S1-TR007405	S2-TR003862,S3-TR003838
S1-TR007406	S3-TR003839
S1-TR007407	S2-TR003863,S3-TR003840
S1-TR007408	S2-TR003864
S1-TR007409	S3-TR003841
S1-TR007410	S3-TR003842
S1-TR007411	S3-TR003843
S1-TR007412	
S1-TR007413	S2-TR003865,S3-TR003844
S1-TR007414	S2-TR003866,S3-TR003845
S1-TR007415	S2-TR003867,S3-TR003846
S1-TR007416	S3-TR003847
S1-TR007417	S2-TR003868
S1-TR007418	
S1-TR007419	S3-TR003848
S1-TR007420	S2-TR003869
S1-TR007421	S2-TR003870,S3-TR003849
S1-TR007422	
S1-TR007423	S3-TR003850
S1-TR007424	S2-TR003871,S3-TR003851
S1-TR007425	S2-TR003872,S3-TR003852
S1-TR007426	S2-TR003873,S3-TR003853
S1-TR007427	S3-TR003854
S1-TR007428	S3-TR003855
S1-TR007429	S2-TR003874,S3-TR003856
S1-TR007430	S2-TR003875
S1-TR007431	S2-TR003876
S1-TR007432	S2-TR003877
S1-TR007433	S2-TR003878
S1-TR007434	S3-TR003857
S1-TR007435	S3-TR003858
S1-TR007436	S2-TR003879,S3-TR003859
S1-TR007437	S3-TR003860
S1-TR007438	S2-TR003880,S3-TR003861
S1-TR007439	S3-TR003862
S1-TR007440	S3-TR003863
S1-TR007441	
S1-TR007442	S2-TR003881,S3-TR003864
S1-TR007443	
S1-TR007444	S3-TR003865
S1-TR007445	S2-TR003882
S1-TR007446	S3-TR003866
S1-TR007447	
S1-TR007448	S2-TR003883
S1-TR007449	S3-TR003867
S1-TR007450	
S1-TR007451	
S1-TR007452	S2-TR003884
S1-TR007453	
S1-TR007454	S3-TR003868
S1-TR007455	S2-TR003885
S1-TR007456	S2-TR003886
S1-TR007457	S3-TR003869
S1-TR007458	S3-TR003870
S1-TR007459	S2-TR003887,S3-TR003871
S1-TR007460	S2-TR003888,S3-TR003872
S1-TR007461	S2-TR003889
S1-TR007462	S2-TR003890,S3-TR003873
S1-TR007463	S2-TR003891,S3-TR003874
S1-TR007464	
S1-TR007465	S2-TR003892,S3-TR003875
S1-TR007466	S2-TR003893,S3-TR003876
S1-TR007467	S3-TR003877
S1-TR007468	S2-TR003894,S3-TR003878
S1-TR007469	S3-TR003879
S1-TR007470	
S1-TR007471	S3-TR003880
S1-TR007472	
S1-TR007473	S3-TR003881
S1-TR007474	S2-TR003895
S1-TR007475	
S1-TR007476	S2-TR003896
S1-TR007477	S3-TR003882
S1-TR007478	S3-TR003883
S1-TR007479	S2-TR003897
S1-TR007480	S3-TR003884
S1-TR007481	
S1-TR007482	S3-TR003885
S1-TR007483	S2-TR003898
S1-TR007484	S2-TR003899
S1-TR007485	
S1-TR007486	S2-TR003900
S1-TR007487	
S1-TR007488	S2-TR003901,S3-TR003886
S1-TR007489	
S1-TR007490	S3-TR003887
S1-TR007491	S2-TR003902,S3-TR003888
S1-TR007492	
S1-TR007493	S2-TR003903
S1-TR007494	S2-TR003904
S1-TR007495	
S1-TR007496	S2-TR003905
S1-TR007497	
S1-TR007498	
S1-TR007499	
S1-TR007500	S3-TR003889
S1-TR007501	S3-TR003890
S1-TR007502	S3-TR003891
S1-TR007503	
S1-TR007504	S2-TR003906,S3-TR003892
S1-TR007505	S2-TR003907
S1-TR007506	S3-TR003893
S1-TR007507	S3-TR003894
S1-TR007508	S2-TR003908
S1-TR007509	
S1-TR007510	S3-TR003895
S1-TR007511	
S1-TR007512	S2-TR003909
S1-TR007513	S2-TR003910,S3-TR003896
S1-TR007514	S2-TR003911
S1-TR007515	S3-TR003897
S1-TR007516	
S1-TR007517	S3-TR003898
S1-TR007518	S3-TR003899
S1-TR007519	
S1-TR007520	
S1-TR007521	S3-TR003900
S1-TR007522	
S1-TR007523	S2-TR003912,S3-TR003901
S1-TR007524	S2-TR003913,S3-TR003902
S1-TR007525	S2-TR003914,S3-TR003903
S1-TR007526	S2-TR003915,S3-TR003904
S1-TR007527	S2-TR003916,S3-TR003905
S1-TR007528	S2-TR003917
S1-TR007529	S3-TR003906
S1-TR007530	
S1-TR007531	S2-TR003918
S1-TR007532	S2-TR003919,S3-TR003907
S1-TR007533	S2-TR003920,S3-TR003908
S1-TR007534	S2-TR003921,S3-TR003909
S1-TR007535	S2-TR003922,S3-TR003910
S1-TR007536	
S1-TR007537	S2-TR003923,S3-TR003911
S1-TR007538	
S1-TR007539	S3-TR003912
S1-TR007540	S3-TR003913
S1-TR007541	S3-TR003914
S1-TR007542	S3-TR003915
S1-TR007543	
S1-TR007544	S2-TR003924,S3-TR003916
S1-TR007545	S2-TR003925
S1-TR007546	S3-TR003917
S1-TR007547	S2-TR003926
S1-TR007548	S3-TR003918
S1-TR007549	S2-TR003927,S3-TR003919
S1-TR007550	S3-TR003920
S1-TR007551	S3-TR003921
S1-TR007552	S3-TR003922
S1-TR007553	S2-TR003928,S3-TR003923
S1-TR007554	S2-TR003929
S1-TR007555	S2-TR003930,S3-TR003924
S1-TR007556	S2-TR003931
S1-TR007557	S3-TR003925
S1-TR007558	S3-TR003926
S1-TR007559	S2-TR003932
S1-TR007560	S2-TR003933
S1-TR007561	S2-TR003934
S1-TR007562	S2-TR003935
S1-TR007563	S2-TR003936,S3-TR003927
S1-TR007564	
S1-TR007565	S2-TR003937
S1-TR007566	S2-TR003938
S1-TR007567	S2-TR003939
S1-TR007568	
S1-TR007569	S3-TR003928
S1-TR007570	S2-TR003940,S3-TR003929
S1-TR007571	S3-TR003930
S1-TR007572	
S1-TR007573	S2-TR003941,S3-TR003931
S1-TR007574	
S1-TR007575	S3-TR003932
S1-TR007576	
S1-TR007577	S2-TR003942
S1-TR007578	
S1-TR007579	
S1-TR007580	S2-TR003943
S1-TR007581	S3-TR003933
S1-TR007582	S2-TR003944
S1-TR007583	S2-TR003945,S3-TR003934
S1-TR007584	
S1-TR007585	S2-TR003946
S1-TR007586	S2-TR003947,S3-TR003935
S1-TR007587	S3-TR003936
S1-TR007588	
S1-TR007589	S3-TR003937
S1-TR007590	S2-TR003948
S1-TR007591	
S1-TR007592	
S1-TR007593	S2-TR003949,S3-TR003938
S1-TR007594	S2-TR003950
S1-TR007595	S3-TR003939
S1-TR007596	S2-TR003951,S3-TR003940
S1-TR007597	
S1-TR007598	S2-TR003952,S3-TR003941
S1-TR007599	S3-TR003942
S1-TR007600	S2-TR003953
S1-TR007601	
S1-TR007602	S2-TR003954
S1-TR007603	S3-TR003943
S1-TR007604	S2-TR003955,S3-TR003944
S1-TR007605	
S1-TR007606	S2-TR003956
S1-TR007607	
S1-TR007608	S2-TR003957,S3-TR003945
S1-TR007609	S2-TR003958,S3-TR003946
S1-TR007610	S2-TR003959
S1-TR007611	S2-TR003960,S3-TR003947
S1-TR007612	S2-TR003961,S3-TR003948
S1-TR007613	S2-TR003962
S1-TR007614	
S1-TR007615	
S1-TR007616	S2-TR003963
S1-TR007617	
S1-TR007618	
S1-TR007619	S3-TR003949
S1-TR007620	S3-TR003950
S1-TR007621	S2-TR003964,S3-TR003951
S1-TR007622	S3-TR003952
S1-TR007623	
S1-TR007624	
S1-TR007625	
S1-TR007626	S3-TR003953
S1-TR007627	S2-TR003965,S3-TR003954
S1-TR007628	S2-TR003966,S3-TR003955
S1-TR007629	S3-TR003956
S1-TR007630	
S1-TR007631	S3-TR003957
S1-TR007632	S2-TR003967,S3-TR003958
S1-TR007633	
S1-TR007634	S2-TR003968
S1-TR007635	S3-TR003959
S1-TR007636	
S1-TR007637	S3-TR003960
S1-TR007638	S3-TR003961
S1-TR007639	
S1-TR007640	S2-TR003969,S3-TR003962
S1-TR007641	S2-TR003970
S1-TR007642	S2-TR003971,S3-TR003963
S1-TR007643	
S1-TR007644	S3-TR003964
S1-TR007645	S2-TR003972,S3-TR003965
S1-TR007646	S2-TR003973,S3-TR003966
S1-TR007647	S2-TR003974
S1-TR007648	
S1-TR007649	S2-TR003975
S1-TR007650	S2-TR003976,S3-TR003967
S1-TR007651	S2-TR003977,S3-TR003968
S1-TR007652	
S1-TR007653	S3-TR003969
S1-TR007654	
S1-TR007655	S3-TR003970
S1-TR007656	S2-TR003978,S3-TR003971
S1-TR007657	S2-TR003979
S1-TR007658	S2-TR003980
S1-TR007659	S2-TR003981
S1-TR007660	S2-TR003982,S3-TR003972
S1-TR007661	
S1-TR007662	S2-TR003983,S3-TR003973
S1-TR007663	
S1-TR007664	
S1-TR007665	S2-TR003984
S1-TR007666	S3-TR003974
S1-TR007667	S2-TR003985
S1-TR007668	S3-TR003975
S1-TR007669	S2-TR003986
S1-TR007670	S2-TR003987,S3-TR003976
S1-TR007671	S2-TR003988,S3-TR003977
S1-TR007672	S3-TR003978
S1-TR007673	S2-TR003989
S1-TR007674	S2-TR003990,S3-TR003979
S1-TR007675	S2-TR003991,S3-TR003980
S1-TR007676	S2-TR003992,S3-TR003981
S1-TR007677	S2-TR003993,S3-TR003982
S1-TR007678	S2-TR003994,S3-TR003983
S1-TR007679	S2-TR003995,S3-TR003984
S1-TR007680	S2-TR003996
S1-TR007681	S3-TR003985
S1-TR007682	S2-TR003997,S3-TR003986
S1-TR007683	S3-TR003987
S1-TR007684	S3-TR003988
S1-TR007685	
S1-TR007686	S2-TR003998
S1-TR007687	S2-TR003999
S1-TR007688	S2-TR004000,S3-TR003989
S1-TR007689	S3-TR003990
S1-TR007690	S2-TR004001
S1-TR007691	S2-TR004002,S3-TR003991
S1-TR007692	S3-TR003992
S1-TR007693	S2-TR004003,S3-TR003993
S1-TR007694	S2-TR004004
S1-TR007695	S3-TR003994
S1-TR007696	S2-TR004005
S1-TR007697	S2-TR004006,S3-TR003995
S1-TR007698	S2-TR004007,S3-TR003996
S1-TR007699	S2-TR004008
S1-TR007700	S2-TR004009
S1-TR007701	S2-TR004010
S1-TR007702	S2-TR004011
S1-TR007703	S2-TR004012
S1-TR007704	
S1-TR007705	S2-TR004013,S3-TR003997
S1-TR007706	S3-TR003998
S1-TR007707	S2-TR004014
S1-TR007708	S2-TR004015,S3-TR003999
S1-TR007709	S2-TR004016,S3-TR004000
S1-TR007710	S2-TR004017,S3-TR004001
S1-TR007711	S2-TR004018
S1-TR007712	S2-TR004019
S1-TR007713	S2-TR004020,S3-TR004002
S1-TR007714	S3-TR004003
S1-TR007715	S3-TR004004
S1-TR007716	
S1-TR007717	S2-TR004021,S3-TR004005
S1-TR007718	S2-TR004022
S1-TR007719	S2-TR004023,S3-TR004006
S1-TR007720	S2-TR004024
S1-TR007721	S2-TR004025
S1-TR007722	S2-TR004026,S3-TR004007
S1-TR007723	S2-TR004027,S3-TR004008
S1-TR007724	S3-TR004009
S1-TR007725	S2-TR004028,S3-TR004010
S1-TR007726	S3-TR004011
S1-TR007727	S2-TR004029,S3-TR004012
S1-TR007728	S2-TR004030
S1-TR007729	S2-TR004031
S1-TR007730	S2-TR004032
S1-TR007731	S3-TR004013
S1-TR007732	
S1-TR007733	S2-TR004033,S3-TR004014
S1-TR007734	S2-TR004034,S3-TR004015
S1-TR007735	
S1-TR007736	S2-TR004035
S1-TR007737	S2-TR004036
S1-TR007738	S3-TR004016
S1-TR007739	S3-TR004017
S1-TR007740	S2-TR004037
S1-TR007741	S2-TR004038
S1-TR007742	S3-TR004018
S1-TR007743	
S1-TR007744	S2-TR004039,S3-TR004019
S1-TR007745	
S1-TR007746	S2-TR004040
S1-TR007747	
S1-TR007748	S3-TR004020
S1-TR007749	S2-TR004041
S1-TR007750	
S1-TR007751	S3-TR004021
S1-TR007752	S2-TR004042,S3-TR004022
S1-TR007753	S2-TR004043
S1-TR007754	S2-TR004044,S3-TR004023
S1-TR007755	
S1-TR007756	S2-TR004045
S1-TR007757	S3-TR004024
S1-TR007758	
S1-TR007759	S3-TR004025
S1-TR007760	S2-TR004046
S1-TR007761	S2-TR004047
S1-TR007762	S2-TR004048,S3-TR004026
S1-TR007763	S2-TR004049
S1-TR007764	S3-TR004027
S1-TR007765	S3-TR004028
S1-TR007766	S3-TR004029
S1-TR007767	
S1-TR007768	S2-TR004050,S3-TR004030
S1-TR007769	S2-TR004051
S1-TR007770	S2-TR004052,S3-TR004031
S1-TR007771	S2-TR004053
S1-TR007772	
S1-TR007773	S2-TR004054,S3-TR004032
S1-TR007774	S3-TR004033
S1-TR007775	S2-TR004055
S1-TR007776	S2-TR004056
S1-TR007777	S3-TR004034
S1-TR007778	S2-TR004057
S1-TR007779	S2-TR004058,S3-TR004035
S1-TR007780	S3-TR004036
S1-TR007781	S2-TR004059,S3-TR004037
S1-TR007782	S2-TR004060
S1-TR007783	S2-TR004061
S1-TR007784	S3-TR004038
S1-TR007785	S2-TR004062,S3-TR004039
S1-TR007786	S3-TR004040
S1-TR007787	S2-TR004063
S1-TR007788	
S1-TR007789	S3-TR004041
S1-TR007790	
S1-TR007791	S2-TR004064
S1-TR007792	S2-TR004065,S3-TR004042
S1-TR007793	S2-TR004066
S1-TR007794	S2-TR004067,S3-TR004043
S1-TR007795	S2-TR004068,S3-TR004044
S1-TR007796	S2-TR004069,S3-TR004045
S1-TR007797	S2-TR004070
S1-TR007798	S2-TR004071,S3-TR004046
S1-TR007799	S3-TR004047
S1-TR007800	
S1-TR007801	S3-TR004048
S1-TR007802	S2-TR004072,S3-TR004049
S1-TR007803	S2-TR004073
S1-TR007804	S3-TR004050
S1-TR007805	S3-TR004051
S1-TR007806	
S1-TR007807	S2-TR004074,S3-TR004052
S1-TR007808	
S1-TR007809	S2-TR004075
S1-TR007810	S3-TR004053
S1-TR007811	
S1-TR007812	S2-TR004076,S3-TR004054
S1-TR007813	
S1-TR007814	S3-TR004055
S1-TR007815	S2-TR004077,S3-TR004056
S1-TR007816	S2-TR004078
S1-TR007817	S3-TR004057
S1-TR007818	
S1-TR007819	S2-TR004079
S1-TR007820	S2-TR004080,S3-TR004058
S1-TR007821	
S1-TR007822	S2-TR004081
S1-TR007823	
S1-TR007824	S3-TR004059
S1-TR007825	S3-TR004060
S1-TR007826	S3-TR004061
S1-TR007827	S2-TR004082
S1-TR007828	S2-TR004083,S3-TR004062
S1-TR007829	
S1-TR007830	S2-TR004084
S1-TR007831	
S1-TR007832	S2-TR004085,S3-TR004063
S1-TR007833	
S1-TR007834	S3-TR004064
S1-TR007835	S2-TR004086,S3-TR004065
S1-TR007836	S3-TR004066
S1-TR007837	S2-TR004087,S3-TR004067
S1-TR007838	S2-TR004088
S1-TR007839	S2-TR004089,S3-TR004068
S1-TR007840	S3-TR004069
S1-TR007841	S2-TR004090,S3-TR004070
S1-TR007842	S3-TR004071
S1-TR007843	S3-TR004072
S1-TR007844	S3-TR004073
S1-TR007845	S3-TR004074
S1-TR007846	S2-TR004091,S3-TR004075
S1-TR007847	S2-TR004092,S3-TR004076
S1-TR007848	
S1-TR007849	S2-TR004093
S1-TR007850	S3-TR004077
S1-TR007851	S3-TR004078
S1-TR007852	S2-TR004094
S1-TR007853	S2-TR004095
S1-TR007854	S2-TR004096,S3-TR004079
S1-TR007855	
S1-TR007856	S3-TR004080
S1-TR007857	S3-TR004081
S1-TR007858	S3-TR004082
S1-TR007859	S3-TR004083
S1-TR007860	
S1-TR007861	S2-TR004097,S3-TR004084
S1-TR007862	
S1-TR007863	S3-TR004085
S1-TR007864	S3-TR004086
S1-TR007865	S2-TR004098,S3-TR004087
S1-TR007866	S2-TR004099
S1-TR007867	S3-TR004088
S1-TR007868	
S1-TR007869	S2-TR004100,S3-TR004089
S1-TR007870	
S1-TR007871	S2-TR004101
S1-TR007872	S3-TR004090
S1-TR007873	S3-TR004091
S1-TR007874	S3-TR004092
S1-TR007875	S2-TR004102
S1-TR007876	S2-TR004103
S1-TR007877	S3-TR004093
S1-TR007878	S3-TR004094
S1-TR007879	S3-TR004095
S1-TR007880	S2-TR004104
S1-TR007881	
S1-TR007882	S3-TR004096
S1-TR007883	
S1-TR007884	S2-TR004105
S1-TR007885	S3-TR004097
S1-TR007886	S2-TR004106,S3-TR004098
S1-TR007887	S3-TR004099
S1-TR007888	S3-TR004100
S1-TR007889	S3-TR004101
S1-TR007890	S2-TR004107,S3-TR004102
S1-TR007891	S2-TR004108
S1-TR007892	S2-TR004109
S1-TR007893	S2-TR004110,S3-TR004103
S1-TR007894	
S1-TR007895	S2-TR004111,S3-TR004104
S1-TR007896	S3-TR004105
S1-TR007897	S3-TR004106
S1-TR007898	S3-TR004107
S1-TR007899	S3-TR004108
S1-TR007900	
S1-TR007901	
S1-TR007902	S2-TR004112,S3-TR004109
S1-TR007903	S2-TR004113
S1-TR007904	
S1-TR007905	S2-TR004114
S1-TR007906	S3-TR004110
S1-TR007907	S2-TR004115,S3-TR004111
S1-TR007908	S3-TR004112
S1-TR007909	
S1-TR007910	S3-TR004113
S1-TR007911	S2-TR004116
S1-TR007912	S3-TR004114
S1-TR007913	S3-TR004115
S1-TR007914	S2-TR004117
S1-TR007915	S2-TR004118,S3-TR004116
S1-TR007916	S2-TR004119
S1-TR007917	S3-TR004117
S1-TR007918	S3-TR004118
S1-TR007919	
S1-TR007920	
S1-TR007921	S3-TR004119
S1-TR007922	S3-TR004120
S1-TR007923	S2-TR004120
S1-TR007924	S2-TR004121
S1-TR007925	S3-TR004121
S1-TR007926	S3-TR004122
S1-TR007927	S3-TR004123
S1-TR007928	S2-TR004122,S3-TR004124
S1-TR007929	S3-TR004125
S1-TR007930	S2-TR004123
S1-TR007931	S2-TR004124,S3-TR004126
S1-TR007932	S2-TR004125,S3-TR004127
S1-TR007933	S2-TR004126,S3-TR004128
S1-TR007934	
S1-TR007935	S2-TR004127
S1-TR007936	S3-TR004129
S1-TR007937	
S1-TR007938	S2-TR004128
S1-TR007939	S2-TR004129,S3-TR004130
S1-TR007940	S2-TR004130,S3-TR004131
S1-TR007941	S3-TR004132
S1-TR007942	
S1-TR007943	S3-TR004133
S1-TR007944	S2-TR004131
S1-TR007945	S3-TR004134
S1-TR007946	
S1-TR007947	
S1-TR007948	S3-TR004135
S1-TR007949	S2-TR004132
S1-TR007950	S2-TR004133,S3-TR004136
S1-TR007951	S2-TR004134
S1-TR007952	S2-TR004135,S3-TR004137
S1-TR007953	
S1-TR007954	S3-TR004138
S1-TR007955	S3-TR004139
S1-TR007956	S3-TR004140
S1-TR007957	S2-TR004136,S3-TR004141
S1-TR007958	S2-TR004137,S3-TR004142
S1-TR007959	S3-TR004143
S1-TR007960	S2-TR004138
S1-TR007961	S2-TR004139
S1-TR007962	S2-TR004140,S3-TR004144
S1-TR007963	S2-TR004141
S1-TR007964	S2-TR004142
S1-TR007965	S3-TR004145
S1-TR007966	S2-TR004143,S3-TR004146
S1-TR007967	
S1-TR007968	
S1-TR007969	S2-TR004144,S3-TR004147
S1-TR007970	S3-TR004148
S1-TR007971	S2-TR004145,S3-TR004149
S1-TR007972	S3-TR004150
S1-TR007973	S3-TR004151
S1-TR007974	S2-TR004146
S1-TR007975	
S1-TR007976	
S1-TR007977	S3-TR004152
S1-TR007978	S3-TR004153
S1-TR007979	S2-TR004147
S1-TR007980	S3-TR004154
S1-TR007981	
S1-TR007982	S2-TR004148
S1-TR007983	S2-TR004149
S1-TR007984	S3-TR004155
S1-TR007985	S2-TR004150
S1-TR007986	
S1-TR007987	S2-TR004151,S3-TR004156
S1-TR007988	
S1-TR007989	S2-TR004152
S1-TR007990	S2-TR004153,S3-TR004157
S1-TR007991	S3-TR004158
S1-TR007992	
S1-TR007993	S3-TR004159
S1-TR007994	S3-TR004160
S1-TR007995	S2-TR004154,S3-TR004161
S1-TR007996	
S1-TR007997	S3-TR004162
S1-TR007998	S2-TR004155,S3-TR004163
S1-TR007999	S3-TR004164
S1-TR008000	S3-TR004165
S1-TR008001	S2-TR004156,S3-TR004166
S1-TR008002	S3-TR004167
S1-TR008003	S2-TR004157
S1-TR008004	
S1-TR008005	S2-TR004158,S3-TR004168
S1-TR008006	S2-TR004159
S1-TR008007	S2-TR004160,S3-TR004169
S1-TR008008	S3-TR004170
S1-TR008009	S2-TR004161
S1-TR008010	
S1-TR008011	S2-TR004162
S1-TR008012	S2-TR004163,S3-TR004171
S1-TR008013	S2-TR004164
S1-TR008014	S3-TR004172
S1-TR008015	S2-TR004165,S3-TR004173
S1-TR008016	S2-TR004166,S3-TR004174
S1-TR008017	S3-TR004175
S1-TR008018	
S1-TR008019	S2-TR004167
S1-TR008020	S2-TR004168
S1-TR008021	S2-TR004169,S3-TR004176
S1-TR008022	S2-TR004170
S1-TR008023	S3-TR004177
S1-TR008024	S3-TR004178
S1-TR008025	S2-TR004171,S3-TR004179
S1-TR008026	S2-TR004172
S1-TR008027	S3-TR004180
S1-TR008028	S2-TR004173
S1-TR008029	S3-TR004181
S1-TR008030	
S1-TR008031	S2-TR004174
S1-TR008032	S3-TR004182
S1-TR008033	S2-TR004175,S3-TR004183
S1-TR008034	S2-TR004176
S1-TR008035	S2-TR004177
S1-TR008036	S3-TR004184
S1-TR008037	S3-TR004185
S1-TR008038	S2-TR004178,S3-TR004186
S1-TR008039	S2-TR004179
S1-TR008040	
S1-TR008041	S3-TR004187
S1-TR008042	S3-TR004188
S1-TR008043	S2-TR004180,S3-TR004189
S1-TR008044	S2-TR004181,S3-TR004190
S1-TR008045	S2-TR004182,S3-TR004191
S1-TR008046	S2-TR004183,S3-TR004192
S1-TR008047	S2-TR004184,S3-TR004193
S1-TR008048	S2-TR004185
S1-TR008049	S2-TR004186,S3-TR004194
S1-TR008050	S2-TR004187
S1-TR008051	S2-TR004188
S1-TR008052	
S1-TR008053	
S1-TR008054	S2-TR004189,S3-TR004195
S1-TR008055	S3-TR004196
S1-TR008056	S2-TR004190,S3-TR004197
S1-TR008057	S2-TR004191
S1-TR008058	S2-TR004192
S1-TR008059	
S1-TR008060	S2-TR004193
S1-TR008061	S2-TR004194
S1-TR008062	S2-TR004195
S1-TR008063	S2-TR004196
S1-TR008064	S3-TR004198
S1-TR008065	
S1-TR008066	S2-TR004197,S3-TR004199
S1-TR008067	S3-TR004200
S1-TR008068	S3-TR004201
S1-TR008069	S3-TR004202
S1-TR008070	
S1-TR008071	S2-TR004198
S1-TR008072	
S1-TR008073	S3-TR004203
S1-TR008074	S2-TR004199
S1-TR008075	S3-TR004204
S1-TR008076	S2-TR004200,S3-TR004205
S1-TR008077	
S1-TR008078	
S1-TR008079	S2-TR004201
S1-TR008080	S2-TR004202,S3-TR004206
S1-TR008081	S3-TR004207
S1-TR008082	S2-TR004203,S3-TR004208
S1-TR008083	S3-TR004209
S1-TR008084	S2-TR004204,S3-TR004210
S1-TR008085	S2-TR004205,S3-TR004211
S1-TR008086	S3-TR004212
S1-TR008087	S2-TR004206,S3-TR004213
S1-TR008088	
S1-TR008089	S2-TR004207,S3-TR004214
S1-TR008090	S2-TR004208,S3-TR004215
S1-TR008091	S2-TR004209,S3-TR004216
S1-TR008092	
S1-TR008093	S2-TR004210,S3-TR004217
S1-TR008094	S2-TR004211,S3-TR004218
S1-TR008095	S2-TR004212
S1-TR008096	S3-TR004219
S1-TR008097	
S1-TR008098	S2-TR004213,S3-TR004220
S1-TR008099	
S1-TR008100	S2-TR004214
S1-TR008101	S2-TR004215
S1-TR008102	S3-TR004221
S1-TR008103	S2-TR004216,S3-TR004222
S1-TR008104	
S1-TR008105	
S1-TR008106	S3-TR004223
S1-TR008107	
S1-TR008108	S2-TR004217,S3-TR004224
S1-TR008109	S3-TR004225
S1-TR008110	S2-TR004218,S3-TR004226
S1-TR008111	S3-TR004227
S1-TR008112	S2-TR004219
S1-TR008113	S2-TR004220,S3-TR004228
S1-TR008114	S2-TR004221,S3-TR004229
S1-TR008115	
S1-TR008116	S2-TR004222
S1-TR008117	S3-TR004230
S1-TR008118	S2-TR004223
S1-TR008119	
S1-TR008120	S3-TR004231
S1-TR008121	S2-TR004224,S3-TR004232
S1-TR008122	S2-TR004225,S3-TR004233
S1-TR008123	S3-TR004234
S1-TR008124	
S1-TR008125	S3-TR004235
S1-TR008126	
S1-TR008127	S2-TR004226
S1-TR008128	S2-TR004227,S3-TR004236
S1-TR008129	S2-TR004228,S3-TR004237
S1-TR008130	S2-TR004229,S3-TR004238
S1-TR008131	
S1-TR008132	S2-TR004230,S3-TR004239
S1-TR008133	
S1-TR008134	S2-TR004231,S3-TR004240
S1-TR008135	
S1-TR008136	S2-TR004232,S3-TR004241
S1-TR008137	
S1-TR008138	S2-TR004233,S3-TR004242
S1-TR008139	S2-TR004234,S3-TR004243
S1-TR008140	S2-TR004235,S3-TR004244
S1-TR008141	S2-TR004236
S1-TR008142	S2-TR004237,S3-TR004245
S1-TR008143	S2-TR004238,S3-TR004246
S1-TR008144	
S1-TR008145	
S1-TR008146	
S1-TR008147	S2-TR004239
S1-TR008148	
S1-TR008149	S3-TR004247
S1-TR008150	S3-TR004248
S1-TR008151	S3-TR004249
S1-TR008152	S3-TR004250
S1-TR008153	
S1-TR008154	
S1-TR008155	S3-TR004251
S1-TR008156	S3-TR004252
S1-TR008157	S2-TR004240
S1-TR008158	S2-TR004241
S1-TR008159	S2-TR004242,S3-TR004253
S1-TR008160	
S1-TR008161	S2-TR004243,S3-TR004254
S1-TR008162	S2-TR004244,S3-TR004255
S1-TR008163	S2-TR004245,S3-TR004256
S1-TR008164	S2-TR004246,S3-TR004257
S1-TR008165	S3-TR004258
S1-TR008166	S3-TR004259
S1-TR008167	S3-TR004260
S1-TR008168	S2-TR004247,S3-TR004261
S1-TR008169	S2-TR004248,S3-TR004262
S1-TR008170	S2-TR004249
S1-TR008171	S3-TR004263
S1-TR008172	S3-TR004264
S1-TR008173	S3-TR004265
S1-TR008174	S2-TR004250
S1-TR008175	S2-TR004251,S3-TR004266
S1-TR008176	S2-TR004252
S1-TR008177	S2-TR004253
S1-TR008178	S2-TR004254
S1-TR008179	S3-TR004267
S1-TR008180	S3-TR004268
S1-TR008181	
S1-TR008182	S2-TR004255
S1-TR008183	S2-TR004256
S1-TR008184	
S1-TR008185	S2-TR004257,S3-TR004269
S1-TR008186	S2-TR004258
S1-TR008187	S2-TR004259,S3-TR004270
S1-TR008188	S2-TR004260,S3-TR004271
S1-TR008189	S2-TR004261,S3-TR004272
S1-TR008190	S2-TR004262
S1-TR008191	S2-TR004263
S1-TR008192	S2-TR004264
S1-TR008193	S2-TR004265,S3-TR004273
S1-TR008194	
S1-TR008195	S2-TR004266,S3-TR004274
S1-TR008196	S3-TR004275
S1-TR008197	S3-TR004276
S1-TR008198	
S1-TR008199	S3-TR004277
S1-TR008200	
S1-TR008201	S3-TR004278
S1-TR008202	S3-TR004279
S1-TR008203	S2-TR004267
S1-TR008204	
S1-TR008205	S2-TR004268,S3-TR004280
S1-TR008206	
S1-TR008207	
S1-TR008208	S2-TR004269,S3-TR004281
S1-TR008209	S2-TR004270
S1-TR008210	
S1-TR008211	S3-TR004282
S1-TR008212	S2-TR004271
S1-TR008213	S3-TR004283
S1-TR008214	
S1-TR008215	S2-TR004272
S1-TR008216	
S1-TR008217	S2-TR004273,S3-TR004284
S1-TR008218	S2-TR004274,S3-TR004285
S1-TR008219	S2-TR004275,S3-TR004286
S1-TR008220	S2-TR004276,S3-TR004287
S1-TR008221	S3-TR004288
S1-TR008222	S3-TR004289
S1-TR008223	S2-TR004277,S3-TR004290
S1-TR008224	S3-TR004291
S1-TR008225	S2-TR004278,S3-TR004292
S1-TR008226	
S1-TR008227	S2-TR004279
S1-TR008228	
S1-TR008229	S2-TR004280
S1-TR008230	S2-TR004281
S1-TR008231	S3-TR004293
S1-TR008232	S3-TR004294
S1-TR008233	S2-TR004282
S1-TR008234	S2-TR004283
S1-TR008235	S2-TR004284
S1-TR008236	S3-TR004295
S1-TR008237	S3-TR004296
S1-TR008238	S2-TR004285
S1-TR008239	S2-TR004286
S1-TR008240	S3-TR004297
S1-TR008241	
S1-TR008242	S3-TR004298
S1-TR008243	S3-TR004299
S1-TR008244	S2-TR004287,S3-TR004300
S1-TR008245	S3-TR004301
S1-TR008246	S2-TR004288
S1-TR008247	
S1-TR008248	S3-TR004302
S1-TR008249	S2-TR004289
S1-TR008250	
S1-TR008251	
S1-TR008252	S2-TR004290,S3-TR004303
S1-TR008253	S2-TR004291
S1-TR008254	S2-TR004292,S3-TR004304
S1-TR008255	S3-TR004305
S1-TR008256	S2-TR004293
S1-TR008257	S2-TR004294
S1-TR008258	S2-TR004295
S1-TR008259	S2-TR004296,S3-TR004306
S1-TR008260	
S1-TR008261	S3-TR004307
S1-TR008262	S2-TR004297,S3-TR004308
S1-TR008263	S3-TR004309
S1-TR008264	S2-TR004298,S3-TR004310
S1-TR008265	S2-TR004299
S1-TR008266	S3-TR004311
S1-TR008267	
S1-TR008268	S2-TR004300,S3-TR004312
S1-TR008269	S2-TR004301,S3-TR004313
S1-TR008270	S3-TR004314
S1-TR008271	S3-TR004315
S1-TR008272	S2-TR004302,S3-TR004316
S1-TR008273	
S1-TR008274	S2-TR004303
S1-TR008275	S3-TR004317
S1-TR008276	S2-TR004304,S3-TR004318
S1-TR008277	S2-TR004305
S1-TR008278	S2-TR004306
S1-TR008279	S2-TR004307
S1-TR008280	
S1-TR008281	S2-TR004308
S1-TR008282	S3-TR004319
S1-TR008283	S3-TR004320
S1-TR008284	S2-TR004309,S3-TR004321
S1-TR008285	S3-TR004322
S1-TR008286	S2-TR004310
S1-TR008287	S3-TR004323
S1-TR008288	
S1-TR008289	S2-TR004311
S1-TR008290	S3-TR004324
S1-TR008291	S3-TR004325
S1-TR008292	S3-TR004326
S1-TR008293	
S1-TR008294	S2-TR004312,S3-TR004327
S1-TR008295	
S1-TR008296	
S1-TR008297	S2-TR004313,S3-TR004328
S1-TR008298	S2-TR004314,S3-TR004329
S1-TR008299	S2-TR004315,S3-TR004330
S1-TR008300	S2-TR004316
S1-TR008301	S2-TR004317,S3-TR004331
S1-TR008302	
S1-TR008303	S3-TR004332
S1-TR008304	S2-TR004318,S3-TR004333
S1-TR008305	S2-TR004319
S1-TR008306	
S1-TR008307	S3-TR004334
S1-TR008308	S2-TR004320
S1-TR008309	S2-TR004321,S3-TR004335
S1-TR008310	S3-TR004336
S1-TR008311	S3-TR004337
S1-TR008312	S2-TR004322,S3-TR004338
S1-TR008313	S2-TR004323,S3-TR004339
S1-TR008314	S2-TR004324
S1-TR008315	S2-TR004325
S1-TR008316	
S1-TR008317	S2-TR004326,S3-TR004340
S1-TR008318	
S1-TR008319	S2-TR004327
S1-TR008320	S2-TR004328,S3-TR004341
S1-TR008321	S3-TR004342
S1-TR008322	S2-TR004329,S3-TR004343
S1-TR008323	S3-TR004344
S1-TR008324	S2-TR004330,S3-TR004345
S1-TR008325	S3-TR004346
S1-TR008326	S2-TR004331
S1-TR008327	S3-TR004347
S1-TR008328	S3-TR004348
S1-TR008329	S3-TR004349
S1-TR008330	S3-TR004350
S1-TR008331	
S1-TR008332	S3-TR004351
S1-TR008333	S2-TR004332,S3-TR004352
S1-TR008334	S3-TR004353
S1-TR008335	S2-TR004333,S3-TR004354
S1-TR008336	
S1-TR008337	
S1-TR008338	S2-TR004334
S1-TR008339	S2-TR004335,S3-TR004355
S1-TR008340	S2-TR004336
S1-TR008341	
S1-TR008342	S2-TR004337,S3-TR004356
S1-TR008343	
S1-TR008344	S3-TR004357
S1-TR008345	S2-TR004338,S3-TR004358
S1-TR008346	
S1-TR008347	S3-TR004359
S1-TR008348	S2-TR004339,S3-TR004360
S1-TR008349	S2-TR004340,S3-TR004361
S1-TR008350	
S1-TR008351	S2-TR004341,S3-TR004362
S1-TR008352	
S1-TR008353	S2-TR004342,S3-TR004363
S1-TR008354	
S1-TR008355	S2-TR004343,S3-TR004364
S1-TR008356	
S1-TR008357	S3-TR004365
S1-TR008358	S2-TR004344
S1-TR008359	S2-TR004345,S3-TR004366
S1-TR008360	S2-TR004346,S3-TR004367
S1-TR008361	S2-TR004347
S1-TR008362	
S1-TR008363	
S1-TR008364	S3-TR004368
S1-TR008365	S2-TR004348,S3-TR004369
S1-TR008366	
S1-TR008367	S3-TR004370
S1-TR008368	S3-TR004371
S1-TR008369	S2-TR004349,S3-TR004372
S1-TR008370	
S1-TR008371	S3-TR004373
S1-TR008372	S3-TR004374
S1-TR008373	
S1-TR008374	S2-TR004350
S1-TR008375	S2-TR004351,S3-TR004375
S1-TR008376	S3-TR004376
S1-TR008377	S3-TR004377
S1-TR008378	S2-TR004352,S3-TR004378
S1-TR008379	
S1-TR008380	
S1-TR008381	S2-TR004353,S3-TR004379
S1-TR008382	S3-TR004380
S1-TR008383	S3-TR004381
S1-TR008384	S3-TR004382
S1-TR008385	S2-TR004354
S1-TR008386	S2-TR004355,S3-TR004383
S1-TR008387	S2-TR004356,S3-TR004384
S1-TR008388	S2-TR004357
S1-TR008389	S2-TR004358
S1-TR008390	S2-TR004359
S1-TR008391	S2-TR004360
S1-TR008392	S2-TR004361,S3-TR004385
S1-TR008393	S3-TR004386
S1-TR008394	
S1-TR008395	S2-TR004362
S1-TR008396	S2-TR004363,S3-TR004387
S1-TR008397	
S1-TR008398	S2-TR004364,S3-TR004388
S1-TR008399	S2-TR004365
S1-TR008400	S2-TR004366
S1-TR008401	
S1-TR008402	
S1-TR008403	S2-TR004367,S3-TR004389
S1-TR008404	S2-TR004368,S3-TR004390
S1-TR008405	S2-TR004369,S3-TR004391
S1-TR008406	S2-TR004370,S3-TR004392
S1-TR008407	S2-TR004371
S1-TR008408	S3-TR004393
S1-TR008409	S2-TR004372
S1-TR008410	S3-TR004394
S1-TR008411	S3-TR004395
S1-TR008412	S3-TR004396
S1-TR008413	S3-TR004397
S1-TR008414	
S1-TR008415	
S1-TR008416	S2-TR004373
S1-TR008417	S2-TR004374
S1-TR008418	S2-TR004375
S1-TR008419	S2-TR004376
S1-TR008420	S3-TR004398
S1-TR008421	S3-TR004399
S1-TR008422	
S1-TR008423	S2-TR004377,S3-TR004400
S1-TR008424	S2-TR004378,S3-TR004401
S1-TR008425	S3-TR004402
S1-TR008426	
S1-TR008427	S2-TR004379,S3-TR004403
S1-TR008428	S2-TR004380,S3-TR004404
S1-TR008429	
S1-TR008430	S2-TR004381
S1-TR008431	S2-TR004382
S1-TR008432	
S1-TR008433	S2-TR004383
S1-TR008434	S2-TR004384
S1-TR008435	
S1-TR008436	S2-TR004385,S3-TR004405
S1-TR008437	S2-TR004386
S1-TR008438	S2-TR004387
S1-TR008439	S2-TR004388
S1-TR008440	S3-TR004406
S1-TR008441	S2-TR004389,S3-TR004407
S1-TR008442	
S1-TR008443	S2-TR004390,S3-TR004408
S1-TR008444	S2-TR004391,S3-TR004409
S1-TR008445	S3-TR004410
S1-TR008446	S2-TR004392,S3-TR004411
S1-TR008447	S3-TR004412
S1-TR008448	S2-TR004393
S1-TR008449	S2-TR004394,S3-TR004413
S1-TR008450	S3-TR004414
S1-TR008451	S3-TR004415
S1-TR008452	S3-TR004416
S1-TR008453	S3-TR004417
S1-TR008454	S3-TR004418
S1-TR008455	S2-TR004395
S1-TR008456	S2-TR004396,S3-TR004419
S1-TR008457	S2-TR004397
S1-TR008458	
S1-TR008459	S2-TR004398
S1-TR008460	S2-TR004399,S3-TR004420
S1-TR008461	
S1-TR008462	S2-TR004400
S1-TR008463	S3-TR004421
S1-TR008464	S2-TR004401,S3-TR004422
S1-TR008465	S3-TR004423
S1-TR008466	
S1-TR008467	S2-TR004402
S1-TR008468	S3-TR004424
S1-TR008469	S3-TR004425
S1-TR008470	S3-TR004426
S1-TR008471	
S1-TR008472	S2-TR004403
S1-TR008473	S2-TR004404
S1-TR008474	S2-TR004405
S1-TR008475	S3-TR004427
S1-TR008476	S3-TR004428
S1-TR008477	
S1-TR008478	S2-TR004406,S3-TR004429
S1-TR008479	S3-TR004430
S1-TR008480	S2-TR004407,S3-TR004431
S1-TR008481	S3-TR004432
S1-TR008482	S2-TR004408
S1-TR008483	
S1-TR008484	S2-TR004409,S3-TR004433
S1-TR008485	S3-TR004434
S1-TR008486	
S1-TR008487	S2-TR004410,S3-TR004435
S1-TR008488	
S1-TR008489	S3-TR004436
S1-TR008490	S2-TR004411
S1-TR008491	
S1-TR008492	S2-TR004412
S1-TR008493	S2-TR004413,S3-TR004437
S1-TR008494	S3-TR004438
S1-TR008495	S3-TR004439
S1-TR008496	S2-TR004414
S1-TR008497	S2-TR004415,S3-TR004440
S1-TR008498	S2-TR004416
S1-TR008499	
S1-TR008500	S3-TR004441
S1-TR008501	S2-TR004417,S3-TR004442
S1-TR008502	S2-TR004418,S3-TR004443
S1-TR008503	S3-TR004444
S1-TR008504	
S1-TR008505	S2-TR004419,S3-TR004445
S1-TR008506	S2-TR004420
S1-TR008507	S2-TR004421
S1-TR008508	S2-TR004422
S1-TR008509	S3-TR004446
S1-TR008510	
S1-TR008511	
S1-TR008512	S2-TR004423,S3-TR004447
S1-TR008513	
S1-TR008514	S2-TR004424
S1-TR008515	S2-TR004425
S1-TR008516	S3-TR004448
S1-TR008517	S3-TR004449
S1-TR008518	S2-TR004426
S1-TR008519	S2-TR004427
S1-TR008520	S2-TR004428,S3-TR004450
S1-TR008521	
S1-TR008522	S2-TR004429,S3-TR004451
S1-TR008523	S2-TR004430,S3-TR004452
S1-TR008524	S2-TR004431
S1-TR008525	S2-TR004432
S1-TR008526	S2-TR004433,S3-TR004453
S1-TR008527	
S1-TR008528	
S1-TR008529	S2-TR004434
S1-TR008530	S3-TR004454
S1-TR008531	S2-TR004435
S1-TR008532	
S1-TR008533	S3-TR004455
S1-TR008534	S3-TR004456
S1-TR008535	S2-TR004436,S3-TR004457
S1-TR008536	S2-TR004437,S3-TR004458
S1-TR008537	S2-TR004438,S3-TR004459
S1-TR008538	
S1-TR008539	
S1-TR008540	S3-TR004460
S1-TR008541	S3-TR004461
S1-TR008542	
S1-TR008543	
S1-TR008544	S2-TR004439,S3-TR004462
S1-TR008545	S3-TR004463
S1-TR008546	
S1-TR008547	S2-TR004440,S3-TR004464
S1-TR008548	
S1-TR008549	S3-TR004465
S1-TR008550	S2-TR004441
S1-TR008551	S2-TR004442
S1-TR008552	S3-TR004466
S1-TR008553	S3-TR004467
S1-TR008554	S2-TR004443,S3-TR004468
S1-TR008555	S2-TR004444
S1-TR008556	S3-TR004469
S1-TR008557	S3-TR004470
S1-TR008558	S2-TR004445,S3-TR004471
S1-TR008559	S2-TR004446,S3-TR004472
S1-TR008560	S2-TR004447,S3-TR004473
S1-TR008561	S2-TR004448,S3-TR004474
S1-TR008562	S2-TR004449
S1-TR008563	S3-TR004475
S1-TR008564	
S1-TR008565	S3-TR004476
S1-TR008566	
S1-TR008567	S2-TR004450
S1-TR008568	S2-TR004451
S1-TR008569	S2-TR004452
S1-TR008570	S2-TR004453
S1-TR008571	
S1-TR008572	
S1-TR008573	S3-TR004477
S1-TR008574	S2-TR004454
S1-TR008575	S3-TR004478
S1-TR008576	S3-TR004479
S1-TR008577	S3-TR004480
S1-TR008578	S2-TR004455
S1-TR008579	S2-TR004456,S3-TR004481
S1-TR008580	S2-TR004457
S1-TR008581	
S1-TR008582	S2-TR004458
S1-TR008583	S2-TR004459
S1-TR008584	
S1-TR008585	S3-TR004482
S1-TR008586	S2-TR004460
S1-TR008587	S2-TR004461,S3-TR004483
S1-TR008588	S2-TR004462
S1-TR008589	S2-TR004463,S3-TR004484
S1-TR008590	S3-TR004485
S1-TR008591	S2-TR004464
S1-TR008592	S2-TR004465
S1-TR008593	S2-TR004466
S1-TR008594	S3-TR004486
S1-TR008595	S3-TR004487
S1-TR008596	S3-TR004488
S1-TR008597	
S1-TR008598	S3-TR004489
S1-TR008599	S3-TR004490
S1-TR008600	S2-TR004467,S3-TR004491
S1-TR008601	S2-TR004468
S1-TR008602	S2-TR004469,S3-TR004492
S1-TR008603	S3-TR004493
S1-TR008604	S2-TR004470,S3-TR004494
S1-TR008605	S3-TR004495
S1-TR008606	S3-TR004496
S1-TR008607	S2-TR004471,S3-TR004497
S1-TR008608	S2-TR004472,S3-TR004498
S1-TR008609	S2-TR004473,S3-TR004499
S1-TR008610	S3-TR004500
S1-TR008611	
S1-TR008612	S2-TR004474
S1-TR008613	S2-TR004475
S1-TR008614	S2-TR004476,S3-TR004501
S1-TR008615	S2-TR004477,S3-TR004502
S1-TR008616	S2-TR004478,S3-TR004503
S1-TR008617	S3-TR004504
S1-TR008618	S3-TR004505
S1-TR008619	S2-TR004479,S3-TR004506
S1-TR008620	S3-TR004507
S1-TR008621	S2-TR004480
S1-TR008622	
S1-TR008623	S2-TR004481,S3-TR004508
S1-TR008624	S2-TR004482
S1-TR008625	S3-TR004509
S1-TR008626	
S1-TR008627	
S1-TR008628	S2-TR004483
S1-TR008629	S2-TR004484
S1-TR008630	S3-TR004510
S1-TR008631	S2-TR004485
S1-TR008632	S3-TR004511
S1-TR008633	S2-TR004486,S3-TR004512
S1-TR008634	S3-TR004513
S1-TR008635	S2-TR004487
S1-TR008636	
S1-TR008637	S2-TR004488,S3-TR004514
S1-TR008638	S2-TR004489,S3-TR004515
S1-TR008639	S3-TR004516
S1-TR008640	
S1-TR008641	
S1-TR008642	
S1-TR008643	S2-TR004490,S3-TR004517
S1-TR008644	S2-TR004491
S1-TR008645	S2-TR004492,S3-TR004518
S1-TR008646	
S1-TR008647	
S1-TR008648	S2-TR004493,S3-TR004519
S1-TR008649	S2-TR004494,S3-TR004520
S1-TR008650	S3-TR004521
S1-TR008651	
S1-TR008652	S2-TR004495,S3-TR004522
S1-TR008653	S2-TR004496
S1-TR008654	S3-TR004523
S1-TR008655	
S1-TR008656	
S1-TR008657	S3-TR004524
S1-TR008658	S2-TR004497,S3-TR004525
S1-TR008659	S2-TR004498,S3-TR004526
S1-TR008660	S3-TR004527
S1-TR008661	
S1-TR008662	S3-TR004528
S1-TR008663	S2-TR004499,S3-TR004529
S1-TR008664	S2-TR004500,S3-TR004530
S1-TR008665	S2-TR004501
S1-TR008666	S2-TR004502
S1-TR008667	S2-TR004503,S3-TR004531
S1-TR008668	S3-TR004532
S1-TR008669	S3-TR004533
S1-TR008670	
S1-TR008671	S2-TR004504
S1-TR008672	S2-TR004505
S1-TR008673	S2-TR004506
S1-TR008674	S2-TR004507,S3-TR004534
S1-TR008675	S2-TR004508
S1-TR008676	S3-TR004535
S1-TR008677	
S1-TR008678	S2-TR004509,S3-TR004536
S1-TR008679	S2-TR004510
S1-TR008680	S2-TR004511,S3-TR004537
S1-TR008681	S2-TR004512
S1-TR008682	S2-TR004513,S3-TR004538
S1-TR008683	S2-TR004514,S3-TR004539
S1-TR008684	S3-TR004540
S1-TR008685	S3-TR004541
S1-TR008686	
S1-TR008687	
S1-TR008688	S3-TR004542
S1-TR008689	
S1-TR008690	S3-TR004543
S1-TR008691	
S1-TR008692	S2-TR004515
S1-TR008693	S3-TR004544
S1-TR008694	S2-TR004516,S3-TR004545
S1-TR008695	S2-TR004517,S3-TR004546
S1-TR008696	S2-TR004518,S3-TR004547
S1-TR008697	S2-TR004519
S1-TR008698	S2-TR004520,S3-TR004548
S1-TR008699	
S1-TR008700	
S1-TR008701	S2-TR004521
S1-TR008702	S3-TR004549
S1-TR008703	S3-TR004550
S1-TR008704	S2-TR004522
S1-TR008705	S2-TR004523,S3-TR004551
S1-TR008706	S2-TR004524,S3-TR004552
S1-TR008707	S2-TR004525,S3-TR004553
S1-TR008708	
S1-TR008709	S2-TR004526,S3-TR004554
S1-TR008710	
S1-TR008711	S2-TR004527,S3-TR004555
S1-TR008712	
S1-TR008713	
S1-TR008714	
S1-TR008715	S2-TR004528,S3-TR004556
S1-TR008716	S3-TR004557
S1-TR008717	
S1-TR008718	S2-TR004529,S3-TR004558
S1-TR008719	S3-TR004559
S1-TR008720	
S1-TR008721	S3-TR004560
S1-TR008722	S2-TR004530,S3-TR004561
S1-TR008723	S2-TR004531,S3-TR004562
S1-TR008724	S3-TR004563
S1-TR008725	
S1-TR008726	S2-TR004532
S1-TR008727	
S1-TR008728	
S1-TR008729	
S1-TR008730	
S1-TR008731	
S1-TR008732	S3-TR004564
S1-TR008733	S3-TR004565
S1-TR008734	S3-TR004566
S1-TR008735	S2-TR004533,S3-TR004567
S1-TR008736	S2-TR004534
S1-TR008737	S2-TR004535
S1-TR008738	S2-TR004536
S1-TR008739	S2-TR004537,S3-TR004568
S1-TR008740	
S1-TR008741	S2-TR004538
S1-TR008742	S2-TR004539
S1-TR008743	S2-TR004540
S1-TR008744	S2-TR004541,S3-TR004569
S1-TR008745	
S1-TR008746	S3-TR004570
S1-TR008747	S3-TR004571
S1-TR008748	S2-TR004542
S1-TR008749	S2-TR004543
S1-TR008750	S3-TR004572
S1-TR008751	S3-TR004573
S1-TR008752	
S1-TR008753	S3-TR004574
S1-TR008754	S3-TR004575
S1-TR008755	S2-TR004544,S3-TR004576
S1-TR008756	S2-TR004545,S3-TR004577
S1-TR008757	S3-TR004578
S1-TR008758	S2-TR004546
S1-TR008759	S3-TR004579
S1-TR008760	S2-TR004547
S1-TR008761	
S1-TR008762	S2-TR004548,S3-TR004580
S1-TR008763	
S1-TR008764	
S1-TR008765	S2-TR004549
S1-TR008766	S2-TR004550,S3-TR004581
S1-TR008767	S2-TR004551,S3-TR004582
S1-TR008768	S2-TR004552
S1-TR008769	S3-TR004583
S1-TR008770	S2-TR004553
S1-TR008771	S2-TR004554,S3-TR004584
S1-TR008772	S2-TR004555,S3-TR004585
S1-TR008773	S2-TR004556,S3-TR004586
S1-TR008774	S2-TR004557
S1-TR008775	S3-TR004587
S1-TR008776	S2-TR004558,S3-TR004588
S1-TR008777	S3-TR004589
S1-TR008778	S3-TR004590
S1-TR008779	S2-TR004559,S3-TR004591
S1-TR008780	S2-TR004560
S1-TR008781	
S1-TR008782	S3-TR004592
S1-TR008783	S2-TR004561
S1-TR008784	
S1-TR008785	S3-TR004593
S1-TR008786	
S1-TR008787	S2-TR004562
S1-TR008788	S2-TR004563,S3-TR004594
S1-TR008789	S2-TR004564,S3-TR004595
S1-TR008790	S3-TR004596
S1-TR008791	S3-TR004597
S1-TR008792	S3-TR004598
S1-TR008793	S2-TR004565
S1-TR008794	S2-TR004566,S3-TR004599
S1-TR008795	S2-TR004567,S3-TR004600
S1-TR008796	S2-TR004568,S3-TR004601
S1-TR008797	S2-TR004569,S3-TR004602
S1-TR008798	S2-TR004570,S3-TR004603
S1-TR008799	S3-TR004604
S1-TR008800	S2-TR004571,S3-TR004605
S1-TR008801	
S1-TR008802	S2-TR004572,S3-TR004606
S1-TR008803	
S1-TR008804	S2-TR004573
S1-TR008805	
S1-TR008806	
S1-TR008807	S3-TR004607
S1-TR008808	
S1-TR008809	
S1-TR008810	
S1-TR008811	S3-TR004608
S1-TR008812	S2-TR004574,S3-TR004609
S1-TR008813	S2-TR004575
S1-TR008814	S2-TR004576
S1-TR008815	S2-TR004577
S1-TR008816	S2-TR004578,S3-TR004610
S1-TR008817	S2-TR004579
S1-TR008818	S2-TR004580,S3-TR004611
S1-TR008819	S3-TR004612
S1-TR008820	S2-TR004581
S1-TR008821	S2-TR004582
S1-TR008822	
S1-TR008823	
S1-TR008824	
S1-TR008825	S3-TR004613
S1-TR008826	S3-TR004614
S1-TR008827	S2-TR004583,S3-TR004615
S1-TR008828	
S1-TR008829	S2-TR004584,S3-TR004616
S1-TR008830	
S1-TR008831	S3-TR004617
S1-TR008832	S3-TR004618
S1-TR008833	
S1-TR008834	S2-TR004585
S1-TR008835	S3-TR004619
S1-TR008836	S2-TR004586,S3-TR004620
S1-TR008837	S2-TR004587,S3-TR004621
S1-TR008838	S3-TR004622
S1-TR008839	S2-TR004588
S1-TR008840	S2-TR004589
S1-TR008841	S2-TR004590
S1-TR008842	
S1-TR008843	S2-TR004591,S3-TR004623
S1-TR008844	S3-TR004624
S1-TR008845	S2-TR004592
S1-TR008846	S2-TR004593,S3-TR004625
S1-TR008847	
S1-TR008848	S2-TR004594
S1-TR008849	S3-TR004626
S1-TR008850	S2-TR004595
S1-TR008851	S2-TR004596
S1-TR008852	S2-TR004597,S3-TR004627
S1-TR008853	S3-TR004628
S1-TR008854	S2-TR004598,S3-TR004629
S1-TR008855	S2-TR004599,S3-TR004630
S1-TR008856	S2-TR004600,S3-TR004631
S1-TR008857	S3-TR004632
S1-TR008858	S2-TR004601,S3-TR004633
S1-TR008859	S3-TR004634
S1-TR008860	S2-TR004602
S1-TR008861	S2-TR004603,S3-TR004635
S1-TR008862	S3-TR004636
S1-TR008863	S2-TR004604
S1-TR008864	S3-TR004637
S1-TR008865	S2-TR004605
S1-TR008866	S3-TR004638
S1-TR008867	S3-TR004639
S1-TR008868	S3-TR004640
S1-TR008869	S2-TR004606
S1-TR008870	S2-TR004607,S3-TR004641
S1-TR008871	S2-TR004608,S3-TR004642
S1-TR008872	S2-TR004609
S1-TR008873	S2-TR004610,S3-TR004643
S1-TR008874	S2-TR004611,S3-TR004644
S1-TR008875	S2-TR004612,S3-TR004645
S1-TR008876	S2-TR004613
S1-TR008877	S3-TR004646
S1-TR008878	S2-TR004614,S3-TR004647
S1-TR008879	S2-TR004615,S3-TR004648
S1-TR008880	S2-TR004616
S1-TR008881	
S1-TR008882	S2-TR004617,S3-TR004649
S1-TR008883	S3-TR004650
S1-TR008884	S2-TR004618,S3-TR004651
S1-TR008885	S2-TR004619
S1-TR008886	S3-TR004652
S1-TR008887	
S1-TR008888	S2-TR004620
S1-TR008889	
S1-TR008890	
S1-TR008891	
S1-TR008892	S2-TR004621
S1-TR008893	S3-TR004653
S1-TR008894	S3-TR004654
S1-TR008895	S2-TR004622
S1-TR008896	
S1-TR008897	S3-TR004655
S1-TR008898	
S1-TR008899	S3-TR004656
S1-TR008900	S2-TR004623,S3-TR004657
S1-TR008901	S2-TR004624
S1-TR008902	S2-TR004625,S3-TR004658
S1-TR008903	
S1-TR008904	S3-TR004659
S1-TR008905	S3-TR004660
S1-TR008906	S3-TR004661
S1-TR008907	S2-TR004626
S1-TR008908	S3-TR004662
S1-TR008909	S3-TR004663
S1-TR008910	S3-TR004664
S1-TR008911	S2-TR004627,S3-TR004665
S1-TR008912	S3-TR004666
S1-TR008913	S2-TR004628,S3-TR004667
S1-TR008914	S3-TR004668
S1-TR008915	
S1-TR008916	S2-TR004629,S3-TR004669
S1-TR008917	S3-TR004670
S1-TR008918	S3-TR004671
S1-TR008919	S2-TR004630
S1-TR008920	
S1-TR008921	S3-TR004672
S1-TR008922	S2-TR004631,S3-TR004673
S1-TR008923	S2-TR004632
S1-TR008924	S2-TR004633
S1-TR008925	S3-TR004674
S1-TR008926	S3-TR004675
S1-TR008927	S2-TR004634,S3-TR004676
S1-TR008928	S2-TR004635
S1-TR008929	S3-TR004677
S1-TR008930	S2-TR004636,S3-TR004678
S1-TR008931	S2-TR004637,S3-TR004679
S1-TR008932	S2-TR004638,S3-TR004680
S1-TR008933	S2-TR004639
S1-TR008934	
S1-TR008935	S2-TR004640
S1-TR008936	S3-TR004681
S1-TR008937	S3-TR004682
S1-TR008938	S2-TR004641,S3-TR004683
S1-TR008939	S2-TR004642,S3-TR004684
S1-TR008940	S2-TR004643
S1-TR008941	S3-TR004685
S1-TR008942	S2-TR004644,S3-TR004686
S1-TR008943	S2-TR004645
S1-TR008944	S3-TR004687
S1-TR008945	S2-TR004646,S3-TR004688
S1-TR008946	S2-TR004647
S1-TR008947	S2-TR004648,S3-TR004689
S1-TR008948	S3-TR004690
S1-TR008949	S2-TR004649
S1-TR008950	S3-TR004691
S1-TR008951	S2-TR004650,S3-TR004692
S1-TR008952	S2-TR004651
S1-TR008953	S3-TR004693
S1-TR008954	S2-TR004652
S1-TR008955	S3-TR004694
S1-TR008956	
S1-TR008957	S3-TR004695
S1-TR008958	S2-TR004653
S1-TR008959	S2-TR004654
S1-TR008960	S2-TR004655,S3-TR004696
S1-TR008961	
S1-TR008962	S3-TR004697
S1-TR008963	S2-TR004656
S1-TR008964	S3-TR004698
S1-TR008965	S2-TR004657,S3-TR004699
S1-TR008966	S2-TR004658
S1-TR008967	
S1-TR008968	S3-TR004700
S1-TR008969	
S1-TR008970	
S1-TR008971	S3-TR004701
S1-TR008972	S3-TR004702
S1-TR008973	S2-TR004659,S3-TR004703
S1-TR008974	S2-TR004660,S3-TR004704
S1-TR008975	S3-TR004705
S1-TR008976	S2-TR004661
S1-TR008977	S2-TR004662
S1-TR008978	
S1-TR008979	S2-TR004663
S1-TR008980	S3-TR004706
S1-TR008981	
S1-TR008982	
S1-TR008983	S2-TR004664
S1-TR008984	S3-TR004707
S1-TR008985	S3-TR004708
S1-TR008986	S2-TR004665
S1-TR008987	S2-TR004666,S3-TR004709
S1-TR008988	
S1-TR008989	S2-TR004667
S1-TR008990	S2-TR004668
S1-TR008991	S2-TR004669,S3-TR004710
S1-TR008992	S2-TR004670
S1-TR008993	
S1-TR008994	S2-TR004671
S1-TR008995	
S1-TR008996	
S1-TR008997	S3-TR004711
S1-TR008998	S2-TR004672,S3-TR004712
S1-TR008999	S2-TR004673,S3-TR004713
S1-TR009000	S2-TR004674,S3-TR004714
S1-TR009001	S2-TR004675,S3-TR004715
S1-TR009002	S2-TR004676,S3-TR004716
S1-TR009003	
S1-TR009004	S2-TR004677,S3-TR004717
S1-TR009005	
S1-TR009006	S2-TR004678,S3-TR004718
S1-TR009007	S2-TR004679
S1-TR009008	
S1-TR009009	S2-TR004680
S1-TR009010	
S1-TR009011	S3-TR004719
S1-TR009012	S2-TR004681,S3-TR004720
S1-TR009013	S3-TR004721
S1-TR009014	
S1-TR009015	S3-TR004722
S1-TR009016	S2-TR004682,S3-TR004723
S1-TR009017	
S1-TR009018	S2-TR004683
S1-TR009019	S2-TR004684,S3-TR004724
S1-TR009020	
S1-TR009021	S2-TR004685
S1-TR009022	S3-TR004725
S1-TR009023	
S1-TR009024	
S1-TR009025	
S1-TR009026	
S1-TR009027	S3-TR004726
S1-TR009028	
S1-TR009029	S2-TR004686
S1-TR009030	S3-TR004727
S1-TR009031	S3-TR004728
S1-TR009032	S2-TR004687
S1-TR009033	S3-TR004729
S1-TR009034	S3-TR004730
S1-TR009035	
S1-TR009036	S2-TR004688
S1-TR009037	
S1-TR009038	S2-TR004689
S1-TR009039	
S1-TR009040	S3-TR004731
S1-TR009041	S2-TR004690,S3-TR004732
S1-TR009042	S2-TR004691
S1-TR009043	S2-TR004692
S1-TR009044	S2-TR004693,S3-TR004733
S1-TR009045	S2-TR004694
S1-TR009046	S3-TR004734
S1-TR009047	
S1-TR009048	S3-TR004735
S1-TR009049	
S1-TR009050	S2-TR004695,S3-TR004736
S1-TR009051	
S1-TR009052	
S1-TR009053	S3-TR004737
S1-TR009054	
S1-TR009055	S2-TR004696
S1-TR009056	S3-TR004738
S1-TR009057	S3-TR004739
S1-TR009058	S2-TR004697
S1-TR009059	S3-TR004740
S1-TR009060	S2-TR004698,S3-TR004741
S1-TR009061	S2-TR004699,S3-TR004742
S1-TR009062	S3-TR004743
S1-TR009063	
S1-TR009064	S3-TR004744
S1-TR009065	S2-TR004700
S1-TR009066	S2-TR004701
S1-TR009067	
S1-TR009068	
S1-TR009069	S3-TR004745
S1-TR009070	
S1-TR009071	S2-TR004702
S1-TR009072	S2-TR004703
S1-TR009073	S3-TR004746
S1-TR009074	S2-TR004704
S1-TR009075	S2-TR004705
S1-TR009076	S2-TR004706,S3-TR004747
S1-TR009077	S3-TR004748
S1-TR009078	S2-TR004707,S3-TR004749
S1-TR009079	S3-TR004750
S1-TR009080	
S1-TR009081	S3-TR004751
S1-TR009082	
S1-TR009083	S2-TR004708
S1-TR009084	S2-TR004709,S3-TR004752
S1-TR009085	S2-TR004710
S1-TR009086	S3-TR004753
S1-TR009087	S2-TR004711
S1-TR009088	S3-TR004754
S1-TR009089	S2-TR004712,S3-TR004755
S1-TR009090	S2-TR004713,S3-TR004756
S1-TR009091	
S1-TR009092	S2-TR004714,S3-TR004757
S1-TR009093	
S1-TR009094	
S1-TR009095	S2-TR004715,S3-TR004758
S1-TR009096	S2-TR004716
S1-TR009097	S2-TR004717,S3-TR004759
S1-TR009098	S2-TR004718
S1-TR009099	
S1-TR009100	S2-TR004719
S1-TR009101	S2-TR004720,S3-TR004760
S1-TR009102	
S1-TR009103	S2-TR004721
S1-TR009104	S3-TR004761
S1-TR009105	S2-TR004722,S3-TR004762
S1-TR009106	
S1-TR009107	S2-TR004723
S1-TR009108	S3-TR004763
S1-TR009109	S2-TR004724,S3-TR004764
S1-TR009110	S2-TR004725,S3-TR004765
S1-TR009111	S3-TR004766
S1-TR009112	S2-TR004726,S3-TR004767
S1-TR009113	S2-TR004727
S1-TR009114	S2-TR004728
S1-TR009115	S2-TR004729,S3-TR004768
S1-TR009116	S3-TR004769
S1-TR009117	S2-TR004730
S1-TR009118	S2-TR004731,S3-TR004770
S1-TR009119	S3-TR004771
S1-TR009120	S2-TR004732,S3-TR004772
S1-TR009121	S3-TR004773
S1-TR009122	S2-TR004733,S3-TR004774
S1-TR009123	S2-TR004734
S1-TR009124	S3-TR004775
S1-TR009125	
S1-TR009126	S3-TR004776
S1-TR009127	S2-TR004735
S1-TR009128	S2-TR004736,S3-TR004777
S1-TR009129	S3-TR004778
S1-TR009130	S2-TR004737,S3-TR004779
S1-TR009131	S2-TR004738,S3-TR004780
S1-TR009132	S3-TR004781
S1-TR009133	S2-TR004739
S1-TR009134	S3-TR004782
S1-TR009135	
S1-TR009136	S2-TR004740
S1-TR009137	S2-TR004741,S3-TR004783
S1-TR009138	S2-TR004742,S3-TR004784
S1-TR009139	S2-TR004743,S3-TR004785
S1-TR009140	S2-TR004744
S1-TR009141	S2-TR004745
S1-TR009142	S2-TR004746,S3-TR004786
S1-TR009143	S2-TR004747
S1-TR009144	
S1-TR009145	
S1-TR009146	
S1-TR009147	S3-TR004787
S1-TR009148	
S1-TR009149	
S1-TR009150	S3-TR004788
S1-TR009151	S2-TR004748
S1-TR009152	S2-TR004749,S3-TR004789
S1-TR009153	
S1-TR009154	S3-TR004790
S1-TR009155	S3-TR004791
S1-TR009156	S2-TR004750,S3-TR004792
S1-TR009157	S2-TR004751,S3-TR004793
S1-TR009158	S3-TR004794
S1-TR009159	S2-TR004752,S3-TR004795
S1-TR009160	
S1-TR009161	S2-TR004753,S3-TR004796
S1-TR009162	S2-TR004754,S3-TR004797
S1-TR009163	S3-TR004798
S1-TR009164	
S1-TR009165	S2-TR004755
S1-TR009166	S2-TR004756
S1-TR009167	S3-TR004799
S1-TR009168	S2-TR004757
S1-TR009169	S2-TR004758,S3-TR004800
S1-TR009170	
S1-TR009171	S2-TR004759
S1-TR009172	S2-TR004760,S3-TR004801
S1-TR009173	
S1-TR009174	S2-TR004761,S3-TR004802
S1-TR009175	S2-TR004762,S3-TR004803
S1-TR009176	S2-TR004763
S1-TR009177	S2-TR004764,S3-TR004804
S1-TR009178	
S1-TR009179	
S1-TR009180	S2-TR004765
S1-TR009181	S3-TR004805
S1-TR009182	S2-TR004766,S3-TR004806
S1-TR009183	S2-TR004767
S1-TR009184	S3-TR004807
S1-TR009185	S3-TR004808
S1-TR009186	S2-TR004768,S3-TR004809
S1-TR009187	
S1-TR009188	
S1-TR009189	S2-TR004769
S1-TR009190	S3-TR004810
S1-TR009191	S3-TR004811
S1-TR009192	S2-TR004770
S1-TR009193	S2-TR004771,S3-TR004812
S1-TR009194	
S1-TR009195	S2-TR004772,S3-TR004813
S1-TR009196	
S1-TR009197	S2-TR004773,S3-TR004814
S1-TR009198	S2-TR004774
S1-TR009199	
S1-TR009200	S2-TR004775
S1-TR009201	S2-TR004776
S1-TR009202	S3-TR004815
S1-TR009203	S2-TR004777,S3-TR004816
S1-TR009204	S2-TR004778
S1-TR009205	S3-TR004817
S1-TR009206	S3-TR004818
S1-TR009207	S3-TR004819
S1-TR009208	S2-TR004779,S3-TR004820
S1-TR009209	S2-TR004780
S1-TR009210	S2-TR004781
S1-TR009211	S3-TR004821
S1-TR009212	
S1-TR009213	S2-TR004782,S3-TR004822
S1-TR009214	S2-TR004783
S1-TR009215	S2-TR004784,S3-TR004823
S1-TR009216	S3-TR004824
S1-TR009217	
S1-TR009218	S2-TR004785
S1-TR009219	S3-TR004825
S1-TR009220	S3-TR004826
S1-TR009221	S2-TR004786,S3-TR004827
S1-TR009222	S3-TR004828
S1-TR009223	S2-TR004787
S1-TR009224	S2-TR004788
S1-TR009225	S2-TR004789,S3-TR004829
S1-TR009226	S3-TR004830
S1-TR009227	S2-TR004790
S1-TR009228	S3-TR004831
S1-TR009229	S2-TR004791
S1-TR009230	S3-TR004832
S1-TR009231	S2-TR004792,S3-TR004833
S1-TR009232	S2-TR004793,S3-TR004834
S1-TR009233	S2-TR004794,S3-TR004835
S1-TR009234	S3-TR004836
S1-TR009235	S2-TR004795
S1-TR009236	S2-TR004796,S3-TR004837
S1-TR009237	S2-TR004797
S1-TR009238	S2-TR004798,S3-TR004838
S1-TR009239	
S1-TR009240	
S1-TR009241	S3-TR004839
S1-TR009242	S3-TR004840
S1-TR009243	S3-TR004841
S1-TR009244	S2-TR004799
S1-TR009245	
S1-TR009246	S2-TR004800
S1-TR009247	S2-TR004801
S1-TR009248	S2-TR004802
S1-TR009249	
S1-TR009250	S2-TR004803
S1-TR009251	S2-TR004804,S3-TR004842
S1-TR009252	S3-TR004843
S1-TR009253	S3-TR004844
S1-TR009254	
S1-TR009255	S3-TR004845
S1-TR009256	S2-TR004805,S3-TR004846
S1-TR009257	S2-TR004806,S3-TR004847
S1-TR009258	
S1-TR009259	S2-TR004807
S1-TR009260	S3-TR004848
S1-TR009261	S2-TR004808,S3-TR004849
S1-TR009262	S3-TR004850
S1-TR009263	S3-TR004851
S1-TR009264	S2-TR004809
S1-TR009265	S2-TR004810
S1-TR009266	S2-TR004811,S3-TR004852
S1-TR009267	S2-TR004812
S1-TR009268	S2-TR004813
S1-TR009269	
S1-TR009270	
S1-TR009271	
S1-TR009272	S2-TR004814
S1-TR009273	S2-TR004815,S3-TR004853
S1-TR009274	S2-TR004816,S3-TR004854
S1-TR009275	
S1-TR009276	S2-TR004817,S3-TR004855
S1-TR009277	S2-TR004818
S1-TR009278	S3-TR004856
S1-TR009279	S2-TR004819
S1-TR009280	S2-TR004820
S1-TR009281	S2-TR004821
S1-TR009282	
S1-TR009283	S3-TR004857
S1-TR009284	S2-TR004822
S1-TR009285	S3-TR004858
S1-TR009286	S2-TR004823,S3-TR004859
S1-TR009287	S3-TR004860
S1-TR009288	S2-TR004824
S1-TR009289	S3-TR004861
S1-TR009290	S2-TR004825
S1-TR009291	S2-TR004826
S1-TR009292	S3-TR004862
S1-TR009293	
S1-TR009294	S3-TR004863
S1-TR009295	S3-TR004864
S1-TR009296	S2-TR004827
S1-TR009297	S2-TR004828
S1-TR009298	
S1-TR009299	S3-TR004865
S1-TR009300	
S1-TR009301	S2-TR004829
S1-TR009302	
S1-TR009303	S3-TR004866
S1-TR009304	S2-TR004830,S3-TR004867
S1-TR009305	
S1-TR009306	S3-TR004868
S1-TR009307	S2-TR004831
S1-TR009308	S2-TR004832
S1-TR009309	
S1-TR009310	S3-TR004869
S1-TR009311	S2-TR004833
S1-TR009312	S3-TR004870
S1-TR009313	S2-TR004834
S1-TR009314	S2-TR004835
S1-TR009315	
S1-TR009316	S2-TR004836
S1-TR009317	S2-TR004837,S3-TR004871
S1-TR009318	S2-TR004838,S3-TR004872
S1-TR009319	S3-TR004873
S1-TR009320	
S1-TR009321	S3-TR004874
S1-TR009322	
S1-TR009323	S3-TR004875
S1-TR009324	
S1-TR009325	
S1-TR009326	
S1-TR009327	S2-TR004839
S1-TR009328	S2-TR004840
S1-TR009329	S2-TR004841
S1-TR009330	S2-TR004842
S1-TR009331	S2-TR004843
S1-TR009332	S2-TR004844
S1-TR009333	S2-TR004845
S1-TR009334	S2-TR004846
S1-TR009335	S3-TR004876
S1-TR009336	S3-TR004877
S1-TR009337	S2-TR004847,S3-TR004878
S1-TR009338	S3-TR004879
S1-TR009339	S2-TR004848
S1-TR009340	S2-TR004849
S1-TR009341	
S1-TR009342	
S1-TR009343	
S1-TR009344	S2-TR004850
S1-TR009345	S2-TR004851,S3-TR004880
S1-TR009346	S2-TR004852,S3-TR004881
S1-TR009347	S2-TR004853
S1-TR009348	S2-TR004854,S3-TR004882
S1-TR009349	S3-TR004883
S1-TR009350	S3-TR004884
S1-TR009351	S3-TR004885
S1-TR009352	S2-TR004855
S1-TR009353	S2-TR004856
S1-TR009354	
S1-TR009355	S3-TR004886
S1-TR009356	S2-TR004857,S3-TR004887
S1-TR009357	
S1-TR009358	S2-TR004858
S1-TR009359	
S1-TR009360	S3-TR004888
S1-TR009361	S2-TR004859,S3-TR004889
S1-TR009362	S2-TR004860,S3-TR004890
S1-TR009363	S3-TR004891
S1-TR009364	
S1-TR009365	S2-TR004861
S1-TR009366	S2-TR004862,S3-TR004892
S1-TR009367	S2-TR004863,S3-TR004893
S1-TR009368	S2-TR004864
S1-TR009369	S3-TR004894
S1-TR009370	S3-TR004895
S1-TR009371	S2-TR004865
S1-TR009372	S3-TR004896
S1-TR009373	S2-TR004866,S3-TR004897
S1-TR009374	
S1-TR009375	S2-TR004867,S3-TR004898
S1-TR009376	S2-TR004868,S3-TR004899
S1-TR009377	S3-TR004900
S1-TR009378	S2-TR004869
S1-TR009379	
S1-TR009380	S2-TR004870,S3-TR004901
S1-TR009381	S3-TR004902
S1-TR009382	S2-TR004871,S3-TR004903
S1-TR009383	S2-TR004872
S1-TR009384	
S1-TR009385	S3-TR004904
S1-TR009386	S3-TR004905
S1-TR009387	
S1-TR009388	
S1-TR009389	S2-TR004873
S1-TR009390	S2-TR004874,S3-TR004906
S1-TR009391	S3-TR004907
S1-TR009392	S3-TR004908
S1-TR009393	S2-TR004875,S3-TR004909
S1-TR009394	S2-TR004876,S3-TR004910
S1-TR009395	S3-TR004911
S1-TR009396	S2-TR004877
S1-TR009397	S3-TR004912
S1-TR009398	S3-TR004913
S1-TR009399	S3-TR004914
S1-TR009400	S3-TR004915
S1-TR009401	
S1-TR009402	S2-TR004878
S1-TR009403	
S1-TR009404	S2-TR004879,S3-TR004916
S1-TR009405	S3-TR004917
S1-TR009406	S2-TR004880
S1-TR009407	S3-TR004918
S1-TR009408	S3-TR004919
S1-TR009409	
S1-TR009410	S3-TR004920
S1-TR009411	
S1-TR009412	S2-TR004881
S1-TR009413	S2-TR004882,S3-TR004921
S1-TR009414	
S1-TR009415	
S1-TR009416	S2-TR004883
S1-TR009417	S2-TR004884
S1-TR009418	
S1-TR009419	S2-TR004885,S3-TR004922
S1-TR009420	S2-TR004886
S1-TR009421	S2-TR004887,S3-TR004923
S1-TR009422	S3-TR004924
S1-TR009423	S3-TR004925
S1-TR009424	S2-TR004888
S1-TR009425	
S1-TR009426	S2-TR004889,S3-TR004926
S1-TR009427	S2-TR004890
S1-TR009428	S3-TR004927
S1-TR009429	
S1-TR009430	S3-TR004928
S1-TR009431	S3-TR004929
S1-TR009432	S2-TR004891,S3-TR004930
S1-TR009433	S3-TR004931
S1-TR009434	
S1-TR009435	S3-TR004932
S1-TR009436	
S1-TR009437	S2-TR004892,S3-TR004933
S1-TR009438	S2-TR004893,S3-TR004934
S1-TR009439	S2-TR004894
S1-TR009440	S3-TR004935
S1-TR009441	S3-TR004936
S1-TR009442	
S1-TR009443	S3-TR004937
S1-TR009444	
S1-TR009445	S2-TR004895
S1-TR009446	S2-TR004896
S1-TR009447	S2-TR004897
S1-TR009448	S2-TR004898,S3-TR004938
S1-TR009449	
S1-TR009450	S2-TR004899,S3-TR004939
S1-TR009451	S2-TR004900
S1-TR009452	S2-TR004901
S1-TR009453	S2-TR004902
S1-TR009454	S3-TR004940
S1-TR009455	S2-TR004903,S3-TR004941
S1-TR009456	S3-TR004942
S1-TR009457	S2-TR004904
S1-TR009458	S2-TR004905,S3-TR004943
S1-TR009459	S3-TR004944
S1-TR009460	S3-TR004945
S1-TR009461	S3-TR004946
S1-TR009462	S3-TR004947
S1-TR009463	S2-TR004906,S3-TR004948
S1-TR009464	S2-TR004907,S3-TR004949
S1-TR009465	S2-TR004908
S1-TR009466	S2-TR004909,S3-TR004950
S1-TR009467	S3-TR004951
S1-TR009468	
S1-TR009469	S2-TR004910,S3-TR004952
S1-TR009470	S2-TR004911,S3-TR004953
S1-TR009471	S2-TR004912
S1-TR009472	S2-TR004913
S1-TR009473	
S1-TR009474	S2-TR004914,S3-TR004954
S1-TR009475	S2-TR004915,S3-TR004955
S1-TR009476	S2-TR004916,S3-TR004956
S1-TR009477	S2-TR004917,S3-TR004957
S1-TR009478	S3-TR004958
S1-TR009479	S2-TR004918
S1-TR009480	S2-TR004919,S3-TR004959
S1-TR009481	S3-TR004960
S1-TR009482	S3-TR004961
S1-TR009483	S2-TR004920,S3-TR004962
S1-TR009484	
S1-TR009485	S3-TR004963
S1-TR009486	S2-TR004921
S1-TR009487	S2-TR004922
S1-TR009488	S2-TR004923
S1-TR009489	S3-TR004964
S1-TR009490	
S1-TR009491	
S1-TR009492	S2-TR004924
S1-TR009493	S2-TR004925,S3-TR004965
S1-TR009494	S2-TR004926
S1-TR009495	S2-TR004927
S1-TR009496	S3-TR004966
S1-TR009497	
S1-TR009498	
S1-TR009499	S2-TR004928
S1-TR009500	S2-TR004929,S3-TR004967
S1-TR009501	S2-TR004930
S1-TR009502	S2-TR004931,S3-TR004968
S1-TR009503	
S1-TR009504	
S1-TR009505	S3-TR004969
S1-TR009506	S2-TR004932
S1-TR009507	S2-TR004933
S1-TR009508	S3-TR004970
S1-TR009509	
S1-TR009510	S2-TR004934,S3-TR004971
S1-TR009511	S2-TR004935,S3-TR004972
S1-TR009512	
S1-TR009513	
S1-TR009514	S3-TR004973
S1-TR009515	S2-TR004936
S1-TR009516	S3-TR004974
S1-TR009517	S3-TR004975
S1-TR009518	S2-TR004937
S1-TR009519	S2-TR004938,S3-TR004976
S1-TR009520	S3-TR004977
S1-TR009521	S3-TR004978
S1-TR009522	S3-TR004979
S1-TR009523	S3-TR004980
S1-TR009524	S2-TR004939,S3-TR004981
S1-TR009525	S3-TR004982
S1-TR009526	S2-TR004940,S3-TR004983
S1-TR009527	
S1-TR009528	S2-TR004941,S3-TR004984
S1-TR009529	S3-TR004985
S1-TR009530	S2-TR004942,S3-TR004986
S1-TR009531	
S1-TR009532	
S1-TR009533	S2-TR004943,S3-TR004987
S1-TR009534	S3-TR004988
S1-TR009535	S2-TR004944
S1-TR009536	S3-TR004989
S1-TR009537	S2-TR004945
S1-TR009538	S2-TR004946,S3-TR004990
S1-TR009539	S2-TR004947,S3-TR004991
S1-TR009540	S2-TR004948
S1-TR009541	S2-TR004949
S1-TR009542	S2-TR004950
S1-TR009543	
S1-TR009544	S2-TR004951,S3-TR004992
S1-TR009545	S2-TR004952,S3-TR004993
S1-TR009546	S2-TR004953,S3-TR004994
S1-TR009547	S2-TR004954,S3-TR004995
S1-TR009548	S2-TR004955
S1-TR009549	S2-TR004956
S1-TR009550	S2-TR004957,S3-TR004996
S1-TR009551	S2-TR004958
S1-TR009552	S2-TR004959,S3-TR004997
S1-TR009553	S3-TR004998
S1-TR009554	S2-TR004960,S3-TR004999
S1-TR009555	S3-TR005000
S1-TR009556	S2-TR004961,S3-TR005001
S1-TR009557	S2-TR004962
S1-TR009558	
S1-TR009559	S3-TR005002
S1-TR009560	S2-TR004963,S3-TR005003
S1-TR009561	
S1-TR009562	S3-TR005004
S1-TR009563	S2-TR004964,S3-TR005005
S1-TR009564	S2-TR004965
S1-TR009565	S2-TR004966
S1-TR009566	S3-TR005006
S1-TR009567	S3-TR005007
S1-TR009568	S2-TR004967,S3-TR005008
S1-TR009569	
S1-TR009570	S2-TR004968,S3-TR005009
S1-TR009571	S3-TR005010
S1-TR009572	S3-TR005011
S1-TR009573	S2-TR004969
S1-TR009574	S2-TR004970,S3-TR005012
S1-TR009575	
S1-TR009576	S2-TR004971,S3-TR005013
S1-TR009577	
S1-TR009578	S2-TR004972,S3-TR005014
S1-TR009579	S2-TR004973
S1-TR009580	S2-TR004974
S1-TR009581	S2-TR004975
S1-TR009582	S2-TR004976
S1-TR009583	
S1-TR009584	S3-TR005015
S1-TR009585	S3-TR005016
S1-TR009586	
S1-TR009587	S3-TR005017
S1-TR009588	
S1-TR009589	
S1-TR009590	S2-TR004977
S1-TR009591	S3-TR005018
S1-TR009592	S2-TR004978
S1-TR009593	S2-TR004979,S3-TR005019
S1-TR009594	S2-TR004980,S3-TR005020
S1-TR009595	S2-TR004981,S3-TR005021
S1-TR009596	S2-TR004982
S1-TR009597	S3-TR005022
S1-TR009598	
S1-TR009599	S2-TR004983,S3-TR005023
S1-TR009600	S3-TR005024
S1-TR009601	S2-TR004984
S1-TR009602	S2-TR004985
S1-TR009603	S3-TR005025
S1-TR009604	S2-TR004986,S3-TR005026
S1-TR009605	S3-TR005027
S1-TR009606	S2-TR004987,S3-TR005028
S1-TR009607	S2-TR004988,S3-TR005029
S1-TR009608	S3-TR005030
S1-TR009609	S2-TR004989,S3-TR005031
S1-TR009610	S2-TR004990,S3-TR005032
S1-TR009611	S2-TR004991
S1-TR009612	S2-TR004992,S3-TR005033
S1-TR009613	
S1-TR009614	S3-TR005034
S1-TR009615	S2-TR004993
S1-TR009616	S2-TR004994
S1-TR009617	S2-TR004995
S1-TR009618	S3-TR005035
S1-TR009619	
S1-TR009620	S2-TR004996
S1-TR009621	
S1-TR009622	
S1-TR009623	S2-TR004997,S3-TR005036
S1-TR009624	S2-TR004998
S1-TR009625	S2-TR004999,S3-TR005037
S1-TR009626	
S1-TR009627	S2-TR005000,S3-TR005038
S1-TR009628	S3-TR005039
S1-TR009629	
S1-TR009630	S2-TR005001
S1-TR009631	S2-TR005002
S1-TR009632	S2-TR005003
S1-TR009633	S2-TR005004
S1-TR009634	S2-TR005005,S3-TR005040
S1-TR009635	S2-TR005006,S3-TR005041
S1-TR009636	S2-TR005007
S1-TR009637	S3-TR005042
S1-TR009638	S2-TR005008,S3-TR005043
S1-TR009639	S3-TR005044
S1-TR009640	S2-TR005009,S3-TR005045
S1-TR009641	S2-TR005010
S1-TR009642	S2-TR005011,S3-TR005046
S1-TR009643	
S1-TR009644	S3-TR005047
S1-TR009645	S2-TR005012,S3-TR005048
S1-TR009646	S3-TR005049
S1-TR009647	S2-TR005013,S3-TR005050
S1-TR009648	S2-TR005014
S1-TR009649	S3-TR005051
S1-TR009650	S2-TR005015,S3-TR005052
S1-TR009651	S2-TR005016
S1-TR009652	S2-TR005017,S3-TR005053
S1-TR009653	S3-TR005054
S1-TR009654	S2-TR005018
S1-TR009655	S3-TR005055
S1-TR009656	
S1-TR009657	
S1-TR009658	
S1-TR009659	
S1-TR009660	S3-TR005056
S1-TR009661	S2-TR005019,S3-TR005057
S1-TR009662	
S1-TR009663	S2-TR005020
S1-TR009664	
S1-TR009665	S3-TR005058
S1-TR009666	S3-TR005059
S1-TR009667	S2-TR005021,S3-TR005060
S1-TR009668	S2-TR005022
S1-TR009669	S2-TR005023,S3-TR005061
S1-TR009670	S2-TR005024
S1-TR009671	S2-TR005025
S1-TR009672	S2-TR005026
S1-TR009673	
S1-TR009674	S3-TR005062
S1-TR009675	S3-TR005063
S1-TR009676	S2-TR005027
S1-TR009677	S3-TR005064
S1-TR009678	S2-TR005028
S1-TR009679	S2-TR005029
S1-TR009680	S2-TR005030,S3-TR005065
S1-TR009681	S2-TR005031
S1-TR009682	
S1-TR009683	S2-TR005032,S3-TR005066
S1-TR009684	S2-TR005033
S1-TR009685	
S1-TR009686	
S1-TR009687	S2-TR005034,S3-TR005067
S1-TR009688	S2-TR005035,S3-TR005068
S1-TR009689	S3-TR005069
S1-TR009690	S2-TR005036,S3-TR005070
S1-TR009691	S2-TR005037
S1-TR009692	S2-TR005038
S1-TR009693	S3-TR005071
S1-TR009694	S3-TR005072
S1-TR009695	S2-TR005039,S3-TR005073
S1-TR009696	S3-TR005074
S1-TR009697	
S1-TR009698	S2-TR005040,S3-TR005075
S1-TR009699	S3-TR005076
S1-TR009700	
S1-TR009701	S2-TR005041
S1-TR009702	S2-TR005042,S3-TR005077
S1-TR009703	
S1-TR009704	S2-TR005043,S3-TR005078
S1-TR009705	S2-TR005044
S1-TR009706	S2-TR005045
S1-TR009707	S3-TR005079
S1-TR009708	
S1-TR009709	S2-TR005046
S1-TR009710	
S1-TR009711	S3-TR005080
S1-TR009712	S2-TR005047,S3-TR005081
S1-TR009713	S2-TR005048
S1-TR009714	S2-TR005049
S1-TR009715	S3-TR005082
S1-TR009716	
S1-TR009717	S2-TR005050,S3-TR005083
S1-TR009718	S3-TR005084
S1-TR009719	S2-TR005051,S3-TR005085
S1-TR009720	S3-TR005086
S1-TR009721	S3-TR005087
S1-TR009722	S3-TR005088
S1-TR009723	S3-TR005089
S1-TR009724	S3-TR005090
S1-TR009725	
S1-TR009726	S2-TR005052
S1-TR009727	S3-TR005091
S1-TR009728	S3-TR005092
S1-TR009729	
S1-TR009730	S3-TR005093
S1-TR009731	S3-TR005094
S1-TR009732	S2-TR005053,S3-TR005095
S1-TR009733	S2-TR005054
S1-TR009734	
S1-TR009735	S2-TR005055
S1-TR009736	S2-TR005056
S1-TR009737	S3-TR005096
S1-TR009738	S2-TR005057,S3-TR005097
S1-TR009739	S2-TR005058
S1-TR009740	S2-TR005059
S1-TR009741	S2-TR005060,S3-TR005098
S1-TR009742	S2-TR005061
S1-TR009743	S2-TR005062
S1-TR009744	S3-TR005099
S1-TR009745	S2-TR005063,S3-TR005100
S1-TR009746	S3-TR005101
S1-TR009747	S2-TR005064,S3-TR005102
S1-TR009748	S2-TR005065
S1-TR009749	
S1-TR009750	S3-TR005103
S1-TR009751	S2-TR005066,S3-TR005104
S1-TR009752	S2-TR005067
S1-TR009753	S3-TR005105
S1-TR009754	S2-TR005068
S1-TR009755	S2-TR005069
S1-TR009756	S2-TR005070,S3-TR005106
S1-TR009757	S2-TR005071
S1-TR009758	
S1-TR009759	S3-TR005107
S1-TR009760	
S1-TR009761	S2-TR005072,S3-TR005108
S1-TR009762	S2-TR005073
S1-TR009763	
S1-TR009764	
S1-TR009765	S2-TR005074,S3-TR005109
S1-TR009766	S2-TR005075,S3-TR005110
S1-TR009767	S2-TR005076
S1-TR009768	S2-TR005077
S1-TR009769	S3-TR005111
S1-TR009770	S2-TR005078,S3-TR005112
S1-TR009771	S2-TR005079,S3-TR005113
S1-TR009772	S2-TR005080,S3-TR005114
S1-TR009773	S2-TR005081,S3-TR005115
S1-TR009774	
S1-TR009775	S2-TR005082,S3-TR005116
S1-TR009776	S2-TR005083,S3-TR005117
S1-TR009777	S2-TR005084,S3-TR005118
S1-TR009778	
S1-TR009779	S2-TR005085
S1-TR009780	
S1-TR009781	S2-TR005086,S3-TR005119
S1-TR009782	S2-TR005087
S1-TR009783	S2-TR005088,S3-TR005120
S1-TR009784	S2-TR005089,S3-TR005121
S1-TR009785	S2-TR005090,S3-TR005122
S1-TR009786	S3-TR005123
S1-TR009787	S3-TR005124
S1-TR009788	S2-TR005091
S1-TR009789	S3-TR005125
S1-TR009790	S2-TR005092,S3-TR005126
S1-TR009791	S2-TR005093
S1-TR009792	S2-TR005094,S3-TR005127
S1-TR009793	S2-TR005095,S3-TR005128
S1-TR009794	
S1-TR009795	
S1-TR009796	S2-TR005096
S1-TR009797	S2-TR005097,S3-TR005129
S1-TR009798	S3-TR005130
S1-TR009799	S2-TR005098,S3-TR005131
S1-TR009800	S2-TR005099,S3-TR005132
S1-TR009801	S3-TR005133
S1-TR009802	S2-TR005100
S1-TR009803	S3-TR005134
S1-TR009804	S2-TR005101,S3-TR005135
S1-TR009805	
S1-TR009806	S2-TR005102,S3-TR005136
S1-TR009807	S3-TR005137
S1-TR009808	S2-TR005103
S1-TR009809	S2-TR005104,S3-TR005138
S1-TR009810	
S1-TR009811	S2-TR005105,S3-TR005139
S1-TR009812	S2-TR005106,S3-TR005140
S1-TR009813	S2-TR005107,S3-TR005141
S1-TR009814	
S1-TR009815	S3-TR005142
S1-TR009816	S3-TR005143
S1-TR009817	S3-TR005144
S1-TR009818	S3-TR005145
S1-TR009819	S2-TR005108,S3-TR005146
S1-TR009820	S2-TR005109
S1-TR009821	S2-TR005110,S3-TR005147
S1-TR009822	S2-TR005111
S1-TR009823	S3-TR005148
S1-TR009824	S3-TR005149
S1-TR009825	S2-TR005112,S3-TR005150
S1-TR009826	
S1-TR009827	S2-TR005113,S3-TR005151
S1-TR009828	S3-TR005152
S1-TR009829	S3-TR005153
S1-TR009830	S2-TR005114
S1-TR009831	
S1-TR009832	S2-TR005115,S3-TR005154
S1-TR009833	
S1-TR009834	S3-TR005155
S1-TR009835	S3-TR005156
S1-TR009836	S2-TR005116,S3-TR005157
S1-TR009837	S2-TR005117,S3-TR005158
S1-TR009838	
S1-TR009839	S2-TR005118
S1-TR009840	S2-TR005119
S1-TR009841	S3-TR005159
S1-TR009842	
S1-TR009843	S2-TR005120,S3-TR005160
S1-TR009844	S3-TR005161
S1-TR009845	
S1-TR009846	S2-TR005121,S3-TR005162
S1-TR009847	S2-TR005122
S1-TR009848	
S1-TR009849	
S1-TR009850	S2-TR005123,S3-TR005163
S1-TR009851	S2-TR005124
S1-TR009852	S3-TR005164
S1-TR009853	S3-TR005165
S1-TR009854	S2-TR005125,S3-TR005166
S1-TR009855	S2-TR005126,S3-TR005167
S1-TR009856	S3-TR005168
S1-TR009857	S2-TR005127,S3-TR005169
S1-TR009858	
S1-TR009859	S2-TR005128
S1-TR009860	
S1-TR009861	S3-TR005170
S1-TR009862	S2-TR005129,S3-TR005171
S1-TR009863	S3-TR005172
S1-TR009864	S3-TR005173
S1-TR009865	S2-TR005130,S3-TR005174
S1-TR009866	S3-TR005175
S1-TR009867	S2-TR005131
S1-TR009868	S2-TR005132
S1-TR009869	S3-TR005176
S1-TR009870	S3-TR005177
S1-TR009871	S3-TR005178
S1-TR009872	S2-TR005133,S3-TR005179
S1-TR009873	S3-TR005180
S1-TR009874	
S1-TR009875	S2-TR005134
S1-TR009876	S2-TR005135
S1-TR009877	S2-TR005136
S1-TR009878	S2-TR005137
S1-TR009879	S3-TR005181
S1-TR009880	S2-TR005138
S1-TR009881	S2-TR005139,S3-TR005182
S1-TR009882	
S1-TR009883	
S1-TR009884	S2-TR005140,S3-TR005183
S1-TR009885	S3-TR005184
S1-TR009886	S3-TR005185
S1-TR009887	S2-TR005141
S1-TR009888	S2-TR005142
S1-TR009889	S2-TR005143,S3-TR005186
S1-TR009890	S3-TR005187
S1-TR009891	S2-TR005144
S1-TR009892	S3-TR005188
S1-TR009893	S2-TR005145
S1-TR009894	
S1-TR009895	S3-TR005189
S1-TR009896	S2-TR005146
S1-TR009897	S2-TR005147,S3-TR005190
S1-TR009898	S2-TR005148
S1-TR009899	S2-TR005149,S3-TR005191
S1-TR009900	S3-TR005192
S1-TR009901	S2-TR005150,S3-TR005193
S1-TR009902	S2-TR005151,S3-TR005194
S1-TR009903	S2-TR005152,S3-TR005195
S1-TR009904	S3-TR005196
S1-TR009905	S2-TR005153
S1-TR009906	
S1-TR009907	S3-TR005197
S1-TR009908	S3-TR005198
S1-TR009909	S3-TR005199
S1-TR009910	S3-TR005200
S1-TR009911	S3-TR005201
S1-TR009912	S3-TR005202
S1-TR009913	S2-TR005154
S1-TR009914	
S1-TR009915	S2-TR005155
S1-TR009916	
S1-TR009917	S2-TR005156
S1-TR009918	S2-TR005157
S1-TR009919	S3-TR005203
S1-TR009920	S2-TR005158,S3-TR005204
S1-TR009921	S3-TR005205
S1-TR009922	S3-TR005206
S1-TR009923	S2-TR005159
S1-TR009924	S3-TR005207
S1-TR009925	S2-TR005160
S1-TR009926	S3-TR005208
S1-TR009927	S3-TR005209
S1-TR009928	S3-TR005210
S1-TR009929	
S1-TR009930	S3-TR005211
S1-TR009931	S2-TR005161,S3-TR005212
S1-TR009932	S2-TR005162
S1-TR009933	S2-TR005163,S3-TR005213
S1-TR009934	
S1-TR009935	
S1-TR009936	S2-TR005164
S1-TR009937	S2-TR005165
S1-TR009938	S2-TR005166,S3-TR005214
S1-TR009939	
S1-TR009940	S2-TR005167
S1-TR009941	S2-TR005168
S1-TR009942	S2-TR005169,S3-TR005215
S1-TR009943	
S1-TR009944	S2-TR005170,S3-TR005216
S1-TR009945	S2-TR005171
S1-TR009946	
S1-TR009947	S2-TR005172
S1-TR009948	S3-TR005217
S1-TR009949	S2-TR005173,S3-TR005218
S1-TR009950	
S1-TR009951	S3-TR005219
S1-TR009952	S2-TR005174,S3-TR005220
S1-TR009953	S3-TR005221
S1-TR009954	S3-TR005222
S1-TR009955	S3-TR005223
S1-TR009956	S2-TR005175
S1-TR009957	S3-TR005224
S1-TR009958	S3-TR005225
S1-TR009959	S3-TR005226
S1-TR009960	
S1-TR009961	S3-TR005227
S1-TR009962	S2-TR005176
S1-TR009963	S3-TR005228
S1-TR009964	S2-TR005177,S3-TR005229
S1-TR009965	S3-TR005230
S1-TR009966	S2-TR005178
S1-TR009967	S3-TR005231
S1-TR009968	S2-TR005179,S3-TR005232
S1-TR009969	S3-TR005233
S1-TR009970	S2-TR005180,S3-TR005234
S1-TR009971	S2-TR005181
S1-TR009972	S3-TR005235
S1-TR009973	S2-TR005182,S3-TR005236
S1-TR009974	S2-TR005183
S1-TR009975	S2-TR005184
S1-TR009976	S2-TR005185
S1-TR009977	S3-TR005237
S1-TR009978	
S1-TR009979	
S1-TR009980	S3-TR005238
S1-TR009981	S3-TR005239
S1-TR009982	S3-TR005240
S1-TR009983	S2-TR005186
S1-TR009984	S2-TR005187
S1-TR009985	S3-TR005241
S1-TR009986	S2-TR005188,S3-TR005242
S1-TR009987	S2-TR005189,S3-TR005243
S1-TR009988	S2-TR005190,S3-TR005244
S1-TR009989	S3-TR005245
S1-TR009990	S2-TR005191
S1-TR009991	
S1-TR009992	S2-TR005192
S1-TR009993	S3-TR005246
S1-TR009994	S2-TR005193
S1-TR009995	
S1-TR009996	
S1-TR009997	S2-TR005194
S1-TR009998	S2-TR005195,S3-TR005247
S1-TR009999	S3-TR005248
S1-TR010000	S3-TR005249
S1-TR010001	
S1-TR010002	S3-TR005250
S1-TR010003	S3-TR005251
S1-TR010004	S3-TR005252
S1-TR010005	S3-TR005253
S1-TR010006	S2-TR005196
S1-TR010007	S3-TR005254
S1-TR010008	S2-TR005197,S3-TR005255
S1-TR010009	S2-TR005198
S1-TR010010	S2-TR005199,S3-TR005256
S1-TR010011	S2-TR005200
S1-TR010012	S3-TR005257
S1-TR010013	S2-TR005201
S1-TR010014	S3-TR005258
S1-TR010015	S2-TR005202
S1-TR010016	S2-TR005203
S1-TR010017	S3-TR005259
S1-TR010018	
S1-TR010019	S2-TR005204
S1-TR010020	
S1-TR010021	S2-TR005205,S3-TR005260
S1-TR010022	S3-TR005261
S1-TR010023	S2-TR005206
S1-TR010024	S3-TR005262
S1-TR010025	S3-TR005263
S1-TR010026	S3-TR005264
S1-TR010027	S3-TR005265
S1-TR010028	S2-TR005207,S3-TR005266
S1-TR010029	S2-TR005208,S3-TR005267
S1-TR010030	S3-TR005268
S1-TR010031	S2-TR005209,S3-TR005269
S1-TR010032	
S1-TR010033	S2-TR005210,S3-TR005270
S1-TR010034	S3-TR005271
S1-TR010035	S3-TR005272
S1-TR010036	S2-TR005211
S1-TR010037	S2-TR005212,S3-TR005273
S1-TR010038	
S1-TR010039	S2-TR005213
S1-TR010040	S2-TR005214
S1-TR010041	S2-TR005215
S1-TR010042	S2-TR005216,S3-TR005274
S1-TR010043	S2-TR005217,S3-TR005275
S1-TR010044	S3-TR005276
S1-TR010045	S2-TR005218
S1-TR010046	S3-TR005277
S1-TR010047	
S1-TR010048	S2-TR005219
S1-TR010049	S3-TR005278
S1-TR010050	S2-TR005220,S3-TR005279
S1-TR010051	S2-TR005221
S1-TR010052	S2-TR005222
S1-TR010053	S2-TR005223
S1-TR010054	S3-TR005280
S1-TR010055	
S1-TR010056	S2-TR005224,S3-TR005281
S1-TR010057	S2-TR005225
S1-TR010058	S3-TR005282
S1-TR010059	S2-TR005226,S3-TR005283
S1-TR010060	S2-TR005227
S1-TR010061	S2-TR005228,S3-TR005284
S1-TR010062	S2-TR005229
S1-TR010063	S2-TR005230
S1-TR010064	
S1-TR010065	S2-TR005231
S1-TR010066	S2-TR005232,S3-TR005285
S1-TR010067	
S1-TR010068	S3-TR005286
S1-TR010069	S3-TR005287
S1-TR010070	S2-TR005233
S1-TR010071	S2-TR005234,S3-TR005288
S1-TR010072	S2-TR005235,S3-TR005289
S1-TR010073	
S1-TR010074	S2-TR005236
S1-TR010075	S2-TR005237
S1-TR010076	S3-TR005290
S1-TR010077	
S1-TR010078	S2-TR005238,S3-TR005291
S1-TR010079	S3-TR005292
S1-TR010080	
S1-TR010081	S2-TR005239
S1-TR010082	S2-TR005240
S1-TR010083	S2-TR005241
S1-TR010084	S2-TR005242
S1-TR010085	S2-TR005243
S1-TR010086	S2-TR005244
S1-TR010087	
S1-TR010088	S2-TR005245,S3-TR005293
S1-TR010089	S2-TR005246,S3-TR005294
S1-TR010090	S2-TR005247,S3-TR005295
S1-TR010091	S2-TR005248,S3-TR005296
S1-TR010092	
S1-TR010093	
S1-TR010094	S3-TR005297
S1-TR010095	S3-TR005298
S1-TR010096	S3-TR005299
S1-TR010097	S2-TR005249,S3-TR005300
S1-TR010098	S2-TR005250,S3-TR005301
S1-TR010099	S3-TR005302
S1-TR010100	S2-TR005251,S3-TR005303
S1-TR010101	S3-TR005304
S1-TR010102	S2-TR005252,S3-TR005305
S1-TR010103	S2-TR005253
S1-TR010104	
S1-TR010105	S2-TR005254
S1-TR010106	S2-TR005255,S3-TR005306
S1-TR010107	S2-TR005256,S3-TR005307
S1-TR010108	S2-TR005257,S3-TR005308
S1-TR010109	S2-TR005258,S3-TR005309
S1-TR010110	S3-TR005310
S1-TR010111	S2-TR005259
S1-TR010112	S2-TR005260
S1-TR010113	
S1-TR010114	S3-TR005311
S1-TR010115	S2-TR005261
S1-TR010116	S2-TR005262
S1-TR010117	S2-TR005263
S1-TR010118	S3-TR005312
S1-TR010119	S2-TR005264,S3-TR005313
S1-TR010120	S2-TR005265
S1-TR010121	S2-TR005266,S3-TR005314
S1-TR010122	S3-TR005315
S1-TR010123	S3-TR005316
S1-TR010124	S2-TR005267
S1-TR010125	S2-TR005268
S1-TR010126	S2-TR005269
S1-TR010127	S3-TR005317
S1-TR010128	S3-TR005318
S1-TR010129	
S1-TR010130	S3-TR005319
S1-TR010131	
S1-TR010132	S3-TR005320
S1-TR010133	S2-TR005270
S1-TR010134	
S1-TR010135	S3-TR005321
S1-TR010136	S3-TR005322
S1-TR010137	S2-TR005271,S3-TR005323
S1-TR010138	S2-TR005272
S1-TR010139	S2-TR005273,S3-TR005324
S1-TR010140	S3-TR005325
S1-TR010141	S2-TR005274
S1-TR010142	S2-TR005275,S3-TR005326
S1-TR010143	S2-TR005276
S1-TR010144	S2-TR005277,S3-TR005327
S1-TR010145	S3-TR005328
S1-TR010146	
S1-TR010147	S2-TR005278
S1-TR010148	S3-TR005329
S1-TR010149	S3-TR005330
S1-TR010150	S2-TR005279,S3-TR005331
S1-TR010151	S2-TR005280,S3-TR005332
S1-TR010152	S3-TR005333
S1-TR010153	S2-TR005281
S1-TR010154	S2-TR005282,S3-TR005334
S1-TR010155	S2-TR005283,S3-TR005335
S1-TR010156	S2-TR005284,S3-TR005336
S1-TR010157	S2-TR005285
S1-TR010158	S2-TR005286,S3-TR005337
S1-TR010159	S3-TR005338
S1-TR010160	S2-TR005287
S1-TR010161	S2-TR005288,S3-TR005339
S1-TR010162	S3-TR005340
S1-TR010163	S2-TR005289
S1-TR010164	S3-TR005341
S1-TR010165	S2-TR005290,S3-TR005342
S1-TR010166	S2-TR005291
S1-TR010167	S2-TR005292
S1-TR010168	S2-TR005293
S1-TR010169	S3-TR005343
S1-TR010170	S2-TR005294,S3-TR005344
S1-TR010171	S3-TR005345
S1-TR010172	S2-TR005295,S3-TR005346
S1-TR010173	
S1-TR010174	
S1-TR010175	S2-TR005296
S1-TR010176	S2-TR005297,S3-TR005347
S1-TR010177	
S1-TR010178	S3-TR005348
S1-TR010179	S2-TR005298
S1-TR010180	
S1-TR010181	S2-TR005299
S1-TR010182	
S1-TR010183	S2-TR005300,S3-TR005349
S1-TR010184	S3-TR005350
S1-TR010185	S2-TR005301,S3-TR005351
S1-TR010186	S2-TR005302,S3-TR005352
S1-TR010187	S2-TR005303
S1-TR010188	S3-TR005353
S1-TR010189	S3-TR005354
S1-TR010190	S3-TR005355
S1-TR010191	S2-TR005304,S3-TR005356
S1-TR010192	
S1-TR010193	S2-TR005305
S1-TR010194	S2-TR005306
S1-TR010195	
S1-TR010196	S2-TR005307
S1-TR010197	S2-TR005308,S3-TR005357
S1-TR010198	S2-TR005309
S1-TR010199	S2-TR005310,S3-TR005358
S1-TR010200	S3-TR005359
S1-TR010201	S2-TR005311
S1-TR010202	S2-TR005312,S3-TR005360
S1-TR010203	S2-TR005313
S1-TR010204	S3-TR005361
S1-TR010205	S2-TR005314
S1-TR010206	S2-TR005315
S1-TR010207	S2-TR005316,S3-TR005362
S1-TR010208	S2-TR005317,S3-TR005363
S1-TR010209	S3-TR005364
S1-TR010210	S3-TR005365
S1-TR010211	S2-TR005318
S1-TR010212	S3-TR005366
S1-TR010213	
S1-TR010214	S2-TR005319,S3-TR005367
S1-TR010215	
S1-TR010216	
S1-TR010217	S2-TR005320
S1-TR010218	S3-TR005368
S1-TR010219	S3-TR005369
S1-TR010220	S2-TR005321
S1-TR010221	S2-TR005322,S3-TR005370
S1-TR010222	S2-TR005323,S3-TR005371
S1-TR010223	S2-TR005324
S1-TR010224	S2-TR005325,S3-TR005372
S1-TR010225	S2-TR005326,S3-TR005373
S1-TR010226	S2-TR005327,S3-TR005374
S1-TR010227	
S1-TR010228	S2-TR005328,S3-TR005375
S1-TR010229	S3-TR005376
S1-TR010230	
S1-TR010231	
S1-TR010232	S2-TR005329,S3-TR005377
S1-TR010233	S2-TR005330,S3-TR005378
S1-TR010234	S3-TR005379
S1-TR010235	
S1-TR010236	S2-TR005331,S3-TR005380
S1-TR010237	S2-TR005332,S3-TR005381
S1-TR010238	S2-TR005333
S1-TR010239	S2-TR005334
S1-TR010240	S3-TR005382
S1-TR010241	S3-TR005383
S1-TR010242	S2-TR005335,S3-TR005384
S1-TR010243	
S1-TR010244	S3-TR005385
S1-TR010245	S2-TR005336
S1-TR010246	S2-TR005337
S1-TR010247	S2-TR005338,S3-TR005386
S1-TR010248	S2-TR005339,S3-TR005387
S1-TR010249	S3-TR005388
S1-TR010250	S3-TR005389
S1-TR010251	S3-TR005390
S1-TR010252	S2-TR005340,S3-TR005391
S1-TR010253	S2-TR005341,S3-TR005392
S1-TR010254	S2-TR005342
S1-TR010255	S2-TR005343
S1-TR010256	S3-TR005393
S1-TR010257	
S1-TR010258	S3-TR005394
S1-TR010259	S3-TR005395
S1-TR010260	
S1-TR010261	S3-TR005396
S1-TR010262	S2-TR005344
S1-TR010263	S2-TR005345
S1-TR010264	S3-TR005397
S1-TR010265	S3-TR005398
S1-TR010266	
S1-TR010267	S3-TR005399
S1-TR010268	S3-TR005400
S1-TR010269	
S1-TR010270	S2-TR005346
S1-TR010271	S2-TR005347,S3-TR005401
S1-TR010272	S2-TR005348,S3-TR005402
S1-TR010273	
S1-TR010274	
S1-TR010275	S3-TR005403
S1-TR010276	
S1-TR010277	
S1-TR010278	S2-TR005349
S1-TR010279	S2-TR005350
S1-TR010280	
S1-TR010281	S2-TR005351
S1-TR010282	S3-TR005404
S1-TR010283	S2-TR005352
S1-TR010284	
S1-TR010285	S3-TR005405
S1-TR010286	S2-TR005353
S1-TR010287	S3-TR005406
S1-TR010288	S3-TR005407
S1-TR010289	S2-TR005354,S3-TR005408
S1-TR010290	S3-TR005409
S1-TR010291	S3-TR005410
S1-TR010292	S3-TR005411
S1-TR010293	S2-TR005355
S1-TR010294	S2-TR005356
S1-TR010295	
S1-TR010296	
S1-TR010297	S2-TR005357
S1-TR010298	S2-TR005358
S1-TR010299	S3-TR005412
S1-TR010300	S2-TR005359,S3-TR005413
S1-TR010301	S3-TR005414
S1-TR010302	S2-TR005360
S1-TR010303	S2-TR005361,S3-TR005415
S1-TR010304	S3-TR005416
S1-TR010305	S2-TR005362
S1-TR010306	S2-TR005363
S1-TR010307	S3-TR005417
S1-TR010308	S2-TR005364
S1-TR010309	S2-TR005365,S3-TR005418
S1-TR010310	
S1-TR010311	S3-TR005419
S1-TR010312	S3-TR005420
S1-TR010313	
S1-TR010314	S2-TR005366
S1-TR010315	S2-TR005367
S1-TR010316	S3-TR005421
S1-TR010317	
S1-TR010318	S2-TR005368,S3-TR005422
S1-TR010319	
S1-TR010320	S2-TR005369,S3-TR005423
S1-TR010321	S2-TR005370,S3-TR005424
S1-TR010322	S2-TR005371,S3-TR005425
S1-TR010323	S2-TR005372
S1-TR010324	S2-TR005373,S3-TR005426
S1-TR010325	S2-TR005374,S3-TR005427
S1-TR010326	S3-TR005428
S1-TR010327	S3-TR005429
S1-TR010328	S2-TR005375
S1-TR010329	S2-TR005376,S3-TR005430
S1-TR010330	S2-TR005377,S3-TR005431
S1-TR010331	S2-TR005378,S3-TR005432
S1-TR010332	S2-TR005379,S3-TR005433
S1-TR010333	S2-TR005380
S1-TR010334	
S1-TR010335	S2-TR005381
S1-TR010336	
S1-TR010337	S2-TR005382,S3-TR005434
S1-TR010338	S3-TR005435
S1-TR010339	S2-TR005383
S1-TR010340	S3-TR005436
S1-TR010341	S3-TR005437
S1-TR010342	S3-TR005438
S1-TR010343	S2-TR005384
S1-TR010344	S2-TR005385
S1-TR010345	S2-TR005386,S3-TR005439
S1-TR010346	S2-TR005387,S3-TR005440
S1-TR010347	S3-TR005441
S1-TR010348	S3-TR005442
S1-TR010349	
S1-TR010350	S3-TR005443
S1-TR010351	S2-TR005388
S1-TR010352	S2-TR005389,S3-TR005444
S1-TR010353	S2-TR005390
S1-TR010354	S2-TR005391,S3-TR005445
S1-TR010355	S2-TR005392,S3-TR005446
S1-TR010356	S2-TR005393
S1-TR010357	S3-TR005447
S1-TR010358	S2-TR005394,S3-TR005448
S1-TR010359	S2-TR005395,S3-TR005449
S1-TR010360	
S1-TR010361	
S1-TR010362	S3-TR005450
S1-TR010363	S2-TR005396
S1-TR010364	
S1-TR010365	S2-TR005397
S1-TR010366	S3-TR005451
S1-TR010367	S3-TR005452
S1-TR010368	S2-TR005398
S1-TR010369	S2-TR005399,S3-TR005453
S1-TR010370	
S1-TR010371	S2-TR005400,S3-TR005454
S1-TR010372	S2-TR005401
S1-TR010373	S2-TR005402
S1-TR010374	S2-TR005403
S1-TR010375	S2-TR005404
S1-TR010376	S2-TR005405,S3-TR005455
S1-TR010377	S2-TR005406
S1-TR010378	S2-TR005407,S3-TR005456
S1-TR010379	S2-TR005408,S3-TR005457
S1-TR010380	S2-TR005409
S1-TR010381	
S1-TR010382	S3-TR005458
S1-TR010383	S2-TR005410
S1-TR010384	S2-TR005411
S1-TR010385	S3-TR005459
S1-TR010386	S2-TR005412,S3-TR005460
S1-TR010387	S3-TR005461
S1-TR010388	S3-TR005462
S1-TR010389	S2-TR005413
S1-TR010390	S2-TR005414,S3-TR005463
S1-TR010391	S3-TR005464
S1-TR010392	S3-TR005465
S1-TR010393	S3-TR005466
S1-TR010394	
S1-TR010395	S2-TR005415,S3-TR005467
S1-TR010396	S2-TR005416
S1-TR010397	S2-TR005417
S1-TR010398	S2-TR005418,S3-TR005468
S1-TR010399	S2-TR005419
S1-TR010400	S2-TR005420
S1-TR010401	S2-TR005421
S1-TR010402	
S1-TR010403	
S1-TR010404	
S1-TR010405	S2-TR005422
S1-TR010406	S3-TR005469
S1-TR010407	S3-TR005470
S1-TR010408	S3-TR005471
S1-TR010409	
S1-TR010410	S3-TR005472
S1-TR010411	S3-TR005473
S1-TR010412	S2-TR005423,S3-TR005474
S1-TR010413	
S1-TR010414	S3-TR005475
S1-TR010415	S3-TR005476
S1-TR010416	
S1-TR010417	S2-TR005424,S3-TR005477
S1-TR010418	S3-TR005478
S1-TR010419	S2-TR005425,S3-TR005479
S1-TR010420	S2-TR005426
S1-TR010421	S2-TR005427
S1-TR010422	S3-TR005480
S1-TR010423	S2-TR005428,S3-TR005481
S1-TR010424	S3-TR005482
S1-TR010425	S3-TR005483
S1-TR010426	S2-TR005429
S1-TR010427	S2-TR005430,S3-TR005484
S1-TR010428	S2-TR005431,S3-TR005485
S1-TR010429	S2-TR005432,S3-TR005486
S1-TR010430	S3-TR005487
S1-TR010431	S2-TR005433
S1-TR010432	S2-TR005434
S1-TR010433	S2-TR005435
S1-TR010434	S2-TR005436
S1-TR010435	S3-TR005488
S1-TR010436	
S1-TR010437	S2-TR005437,S3-TR005489
S1-TR010438	
S1-TR010439	S2-TR005438
S1-TR010440	S3-TR005490
S1-TR010441	S2-TR005439
S1-TR010442	S3-TR005491
S1-TR010443	
S1-TR010444	S2-TR005440,S3-TR005492
S1-TR010445	S3-TR005493
S1-TR010446	
S1-TR010447	
S1-TR010448	S3-TR005494
S1-TR010449	S2-TR005441
S1-TR010450	S2-TR005442
S1-TR010451	S2-TR005443,S3-TR005495
S1-TR010452	S3-TR005496
S1-TR010453	S2-TR005444,S3-TR005497
S1-TR010454	S2-TR005445,S3-TR005498
S1-TR010455	S2-TR005446
S1-TR010456	S2-TR005447
S1-TR010457	S2-TR005448,S3-TR005499
S1-TR010458	S2-TR005449
S1-TR010459	S2-TR005450,S3-TR005500
S1-TR010460	S2-TR005451
S1-TR010461	
S1-TR010462	S3-TR005501
S1-TR010463	S3-TR005502
S1-TR010464	S3-TR005503
S1-TR010465	
S1-TR010466	S2-TR005452,S3-TR005504
S1-TR010467	
S1-TR010468	S2-TR005453,S3-TR005505
S1-TR010469	
S1-TR010470	S2-TR005454,S3-TR005506
S1-TR010471	S2-TR005455,S3-TR005507
S1-TR010472	
S1-TR010473	
S1-TR010474	S2-TR005456
S1-TR010475	S2-TR005457
S1-TR010476	
S1-TR010477	S2-TR005458
S1-TR010478	S3-TR005508
S1-TR010479	S2-TR005459,S3-TR005509
S1-TR010480	
S1-TR010481	S2-TR005460
S1-TR010482	
S1-TR010483	S2-TR005461,S3-TR005510
S1-TR010484	S3-TR005511
S1-TR010485	S2-TR005462
S1-TR010486	S2-TR005463,S3-TR005512
S1-TR010487	S2-TR005464
S1-TR010488	S2-TR005465
S1-TR010489	S2-TR005466,S3-TR005513
S1-TR010490	S3-TR005514
S1-TR010491	S2-TR005467
S1-TR010492	S2-TR005468,S3-TR005515
S1-TR010493	S3-TR005516
S1-TR010494	S3-TR005517
S1-TR010495	
S1-TR010496	S2-TR005469,S3-TR005518
S1-TR010497	S2-TR005470
S1-TR010498	S2-TR005471,S3-TR005519
S1-TR010499	S2-TR005472
S1-TR010500	
S1-TR010501	S2-TR005473,S3-TR005520
S1-TR010502	S2-TR005474
S1-TR010503	
S1-TR010504	S3-TR005521
S1-TR010505	S2-TR005475
S1-TR010506	S3-TR005522
S1-TR010507	S2-TR005476
S1-TR010508	S3-TR005523
S1-TR010509	S2-TR005477,S3-TR005524
S1-TR010510	S3-TR005525
S1-TR010511	S2-TR005478
S1-TR010512	S3-TR005526
S1-TR010513	S3-TR005527
S1-TR010514	S2-TR005479
S1-TR010515	
S1-TR010516	S2-TR005480,S3-TR005528
S1-TR010517	S2-TR005481,S3-TR005529
S1-TR010518	S3-TR005530
S1-TR010519	
S1-TR010520	
S1-TR010521	S3-TR005531
S1-TR010522	S2-TR005482
S1-TR010523	
S1-TR010524	S2-TR005483,S3-TR005532
S1-TR010525	S2-TR005484
S1-TR010526	S2-TR005485
S1-TR010527	S2-TR005486,S3-TR005533
S1-TR010528	
S1-TR010529	
S1-TR010530	
S1-TR010531	S3-TR005534
S1-TR010532	S2-TR005487,S3-TR005535
S1-TR010533	S2-TR005488
S1-TR010534	S2-TR005489
S1-TR010535	S3-TR005536
S1-TR010536	S3-TR005537
S1-TR010537	S2-TR005490
S1-TR010538	S3-TR005538
S1-TR010539	
S1-TR010540	S2-TR005491
S1-TR010541	S2-TR005492
S1-TR010542	S2-TR005493
S1-TR010543	S2-TR005494
S1-TR010544	S3-TR005539
S1-TR010545	S2-TR005495,S3-TR005540
S1-TR010546	S3-TR005541
S1-TR010547	
S1-TR010548	S2-TR005496
S1-TR010549	S3-TR005542
S1-TR010550	S2-TR005497
S1-TR010551	S3-TR005543
S1-TR010552	S2-TR005498,S3-TR005544
S1-TR010553	
S1-TR010554	S2-TR005499,S3-TR005545
S1-TR010555	S2-TR005500
S1-TR010556	S2-TR005501
S1-TR010557	S3-TR005546
S1-TR010558	S2-TR005502
S1-TR010559	
S1-TR010560	S2-TR005503,S3-TR005547
S1-TR010561	
S1-TR010562	S2-TR005504
S1-TR010563	S2-TR005505,S3-TR005548
S1-TR010564	S2-TR005506,S3-TR005549
S1-TR010565	
S1-TR010566	
S1-TR010567	
S1-TR010568	
S1-TR010569	S2-TR005507
S1-TR010570	S2-TR005508,S3-TR005550
S1-TR010571	S2-TR005509,S3-TR005551
S1-TR010572	S2-TR005510
S1-TR010573	S2-TR005511,S3-TR005552
S1-TR010574	S3-TR005553
S1-TR010575	S2-TR005512
S1-TR010576	S2-TR005513
S1-TR010577	S2-TR005514
S1-TR010578	S2-TR005515,S3-TR005554
S1-TR010579	S2-TR005516
S1-TR010580	S2-TR005517,S3-TR005555
S1-TR010581	S2-TR005518
S1-TR010582	
S1-TR010583	S2-TR005519
S1-TR010584	
S1-TR010585	S2-TR005520,S3-TR005556
S1-TR010586	
S1-TR010587	S3-TR005557
S1-TR010588	S2-TR005521
S1-TR010589	S2-TR005522
S1-TR010590	S3-TR005558
S1-TR010591	S2-TR005523
S1-TR010592	S2-TR005524
S1-TR010593	
S1-TR010594	
S1-TR010595	S2-TR005525
S1-TR010596	S3-TR005559
S1-TR010597	S2-TR005526
S1-TR010598	S2-TR005527,S3-TR005560
S1-TR010599	S3-TR005561
S1-TR010600	S2-TR005528,S3-TR005562
S1-TR010601	S2-TR005529
S1-TR010602	S3-TR005563
S1-TR010603	S3-TR005564
S1-TR010604	S3-TR005565
S1-TR010605	S2-TR005530
S1-TR010606	S2-TR005531
S1-TR010607	S2-TR005532
S1-TR010608	S2-TR005533,S3-TR005566
S1-TR010609	S3-TR005567
S1-TR010610	
S1-TR010611	S3-TR005568
S1-TR010612	S2-TR005534,S3-TR005569
S1-TR010613	S3-TR005570
S1-TR010614	S3-TR005571
S1-TR010615	S3-TR005572
S1-TR010616	
S1-TR010617	S2-TR005535
S1-TR010618	S2-TR005536
S1-TR010619	S3-TR005573
S1-TR010620	S2-TR005537,S3-TR005574
S1-TR010621	
S1-TR010622	S2-TR005538,S3-TR005575
S1-TR010623	
S1-TR010624	S2-TR005539
S1-TR010625	
S1-TR010626	S3-TR005576
S1-TR010627	
S1-TR010628	S2-TR005540,S3-TR005577
S1-TR010629	S2-TR005541
S1-TR010630	S3-TR005578
S1-TR010631	S3-TR005579
S1-TR010632	S2-TR005542
S1-TR010633	S2-TR005543,S3-TR005580
S1-TR010634	S2-TR005544
S1-TR010635	S2-TR005545
S1-TR010636	
S1-TR010637	S2-TR005546
S1-TR010638	S3-TR005581
S1-TR010639	S3-TR005582
S1-TR010640	S2-TR005547
S1-TR010641	
S1-TR010642	S2-TR005548,S3-TR005583
S1-TR010643	
S1-TR010644	S2-TR005549
S1-TR010645	
S1-TR010646	S2-TR005550
S1-TR010647	S2-TR005551
S1-TR010648	
S1-TR010649	S3-TR005584
S1-TR010650	
S1-TR010651	
S1-TR010652	S3-TR005585
S1-TR010653	
S1-TR010654	S3-TR005586
S1-TR010655	S2-TR005552,S3-TR005587
S1-TR010656	
S1-TR010657	S3-TR005588
S1-TR010658	S2-TR005553,S3-TR005589
S1-TR010659	S3-TR005590
S1-TR010660	S2-TR005554
S1-TR010661	S3-TR005591
S1-TR010662	
S1-TR010663	S3-TR005592
S1-TR010664	S3-TR005593
S1-TR010665	S2-TR005555
S1-TR010666	S2-TR005556
S1-TR010667	S3-TR005594
S1-TR010668	S2-TR005557
S1-TR010669	S2-TR005558,S3-TR005595
S1-TR010670	S3-TR005596
S1-TR010671	S2-TR005559
S1-TR010672	S3-TR005597
S1-TR010673	S2-TR005560
S1-TR010674	S2-TR005561,S3-TR005598
S1-TR010675	S2-TR005562,S3-TR005599
S1-TR010676	
S1-TR010677	S2-TR005563
S1-TR010678	S3-TR005600
S1-TR010679	S2-TR005564,S3-TR005601
S1-TR010680	S2-TR005565
S1-TR010681	S2-TR005566,S3-TR005602
S1-TR010682	S2-TR005567
S1-TR010683	S3-TR005603
S1-TR010684	S3-TR005604
S1-TR010685	S2-TR005568,S3-TR005605
S1-TR010686	
S1-TR010687	S3-TR005606
S1-TR010688	
S1-TR010689	S2-TR005569
S1-TR010690	S2-TR005570
S1-TR010691	S2-TR005571,S3-TR005607
S1-TR010692	S2-TR005572,S3-TR005608
S1-TR010693	S2-TR005573
S1-TR010694	
S1-TR010695	
S1-TR010696	S2-TR005574,S3-TR005609
S1-TR010697	S2-TR005575
S1-TR010698	
S1-TR010699	S2-TR005576,S3-TR005610
S1-TR010700	S2-TR005577,S3-TR005611
S1-TR010701	S2-TR005578
S1-TR010702	S2-TR005579,S3-TR005612
S1-TR010703	S2-TR005580,S3-TR005613
S1-TR010704	S2-TR005581,S3-TR005614
S1-TR010705	S2-TR005582,S3-TR005615
S1-TR010706	
S1-TR010707	S2-TR005583
S1-TR010708	
S1-TR010709	S3-TR005616
S1-TR010710	S2-TR005584,S3-TR005617
S1-TR010711	S2-TR005585
S1-TR010712	S2-TR005586,S3-TR005618
S1-TR010713	S3-TR005619
S1-TR010714	S3-TR005620
S1-TR010715	S2-TR005587,S3-TR005621
S1-TR010716	
S1-TR010717	S2-TR005588
S1-TR010718	
S1-TR010719	S2-TR005589,S3-TR005622
S1-TR010720	S2-TR005590,S3-TR005623
S1-TR010721	S2-TR005591
S1-TR010722	S2-TR005592,S3-TR005624
S1-TR010723	S2-TR005593
S1-TR010724	S2-TR005594,S3-TR005625
S1-TR010725	S3-TR005626
S1-TR010726	S2-TR005595,S3-TR005627
S1-TR010727	S3-TR005628
S1-TR010728	S3-TR005629
S1-TR010729	S3-TR005630
S1-TR010730	S2-TR005596,S3-TR005631
S1-TR010731	S2-TR005597,S3-TR005632
S1-TR010732	S2-TR005598,S3-TR005633
S1-TR010733	S2-TR005599,S3-TR005634
S1-TR010734	S2-TR005600
S1-TR010735	S2-TR005601
S1-TR010736	S2-TR005602,S3-TR005635
S1-TR010737	S2-TR005603
S1-TR010738	S3-TR005636
S1-TR010739	S3-TR005637
S1-TR010740	S3-TR005638
S1-TR010741	S2-TR005604
S1-TR010742	S2-TR005605
S1-TR010743	
S1-TR010744	S3-TR005639
S1-TR010745	S3-TR005640
S1-TR010746	S2-TR005606,S3-TR005641
S1-TR010747	
S1-TR010748	
S1-TR010749	S3-TR005642
S1-TR010750	S2-TR005607
S1-TR010751	S3-TR005643
S1-TR010752	S2-TR005608,S3-TR005644
S1-TR010753	S2-TR005609,S3-TR005645
S1-TR010754	S2-TR005610,S3-TR005646
S1-TR010755	S2-TR005611,S3-TR005647
S1-TR010756	S2-TR005612
S1-TR010757	S2-TR005613
S1-TR010758	S3-TR005648
S1-TR010759	
S1-TR010760	S2-TR005614,S3-TR005649
S1-TR010761	S3-TR005650
S1-TR010762	S2-TR005615
S1-TR010763	S3-TR005651
S1-TR010764	S2-TR005616,S3-TR005652
S1-TR010765	S2-TR005617,S3-TR005653
S1-TR010766	
S1-TR010767	S3-TR005654
S1-TR010768	S2-TR005618,S3-TR005655
S1-TR010769	S3-TR005656
S1-TR010770	S3-TR005657
S1-TR010771	S2-TR005619,S3-TR005658
S1-TR010772	S2-TR005620,S3-TR005659
S1-TR010773	S2-TR005621,S3-TR005660
S1-TR010774	S2-TR005622,S3-TR005661
S1-TR010775	S2-TR005623
S1-TR010776	S2-TR005624,S3-TR005662
S1-TR010777	S3-TR005663
S1-TR010778	S2-TR005625,S3-TR005664
S1-TR010779	S2-TR005626
S1-TR010780	S2-TR005627,S3-TR005665
S1-TR010781	S3-TR005666
S1-TR010782	S2-TR005628,S3-TR005667
S1-TR010783	S3-TR005668
S1-TR010784	
S1-TR010785	
S1-TR010786	S2-TR005629,S3-TR005669
S1-TR010787	S3-TR005670
S1-TR010788	
S1-TR010789	
S1-TR010790	S2-TR005630,S3-TR005671
S1-TR010791	S3-TR005672
S1-TR010792	S2-TR005631,S3-TR005673
S1-TR010793	S2-TR005632
S1-TR010794	S3-TR005674
S1-TR010795	S2-TR005633,S3-TR005675
S1-TR010796	S2-TR005634
S1-TR010797	
S1-TR010798	
S1-TR010799	S2-TR005635,S3-TR005676
S1-TR010800	S2-TR005636
S1-TR010801	S3-TR005677
S1-TR010802	S2-TR005637,S3-TR005678
S1-TR010803	S3-TR005679
S1-TR010804	
S1-TR010805	S2-TR005638
S1-TR010806	
S1-TR010807	
S1-TR010808	S2-TR005639
S1-TR010809	S3-TR005680
S1-TR010810	S2-TR005640,S3-TR005681
S1-TR010811	S2-TR005641,S3-TR005682
S1-TR010812	S3-TR005683
S1-TR010813	S3-TR005684
S1-TR010814	S2-TR005642
S1-TR010815	
S1-TR010816	S2-TR005643
S1-TR010817	S3-TR005685
S1-TR010818	S3-TR005686
S1-TR010819	S3-TR005687
S1-TR010820	
S1-TR010821	S3-TR005688
S1-TR010822	S2-TR005644
S1-TR010823	
S1-TR010824	S2-TR005645
S1-TR010825	S2-TR005646
S1-TR010826	S3-TR005689
S1-TR010827	S3-TR005690
S1-TR010828	S3-TR005691
S1-TR010829	S3-TR005692
S1-TR010830	S3-TR005693
S1-TR010831	
S1-TR010832	S2-TR005647,S3-TR005694
S1-TR010833	S3-TR005695
S1-TR010834	S2-TR005648,S3-TR005696
S1-TR010835	S2-TR005649
S1-TR010836	S2-TR005650,S3-TR005697
S1-TR010837	S2-TR005651,S3-TR005698
S1-TR010838	S3-TR005699
S1-TR010839	
S1-TR010840	S2-TR005652,S3-TR005700
S1-TR010841	S2-TR005653,S3-TR005701
S1-TR010842	S2-TR005654,S3-TR005702
S1-TR010843	S2-TR005655,S3-TR005703
S1-TR010844	S2-TR005656
S1-TR010845	S3-TR005704
S1-TR010846	S2-TR005657,S3-TR005705
S1-TR010847	S2-TR005658
S1-TR010848	
S1-TR010849	S3-TR005706
S1-TR010850	S3-TR005707
S1-TR010851	
S1-TR010852	S2-TR005659,S3-TR005708
S1-TR010853	S2-TR005660
S1-TR010854	S3-TR005709
S1-TR010855	S2-TR005661
S1-TR010856	S2-TR005662,S3-TR005710
S1-TR010857	S3-TR005711
S1-TR010858	S3-TR005712
S1-TR010859	S2-TR005663,S3-TR005713
S1-TR010860	S2-TR005664,S3-TR005714
S1-TR010861	
S1-TR010862	S2-TR005665
S1-TR010863	
S1-TR010864	S2-TR005666,S3-TR005715
S1-TR010865	S3-TR005716
S1-TR010866	S3-TR005717
S1-TR010867	S2-TR005667
S1-TR010868	
S1-TR010869	
S1-TR010870	S2-TR005668,S3-TR005718
S1-TR010871	S2-TR005669
S1-TR010872	S2-TR005670
S1-TR010873	S2-TR005671
S1-TR010874	S3-TR005719
S1-TR010875	S2-TR005672,S3-TR005720
S1-TR010876	S2-TR005673,S3-TR005721
S1-TR010877	
S1-TR010878	
S1-TR010879	S2-TR005674,S3-TR005722
S1-TR010880	S3-TR005723
S1-TR010881	S3-TR005724
S1-TR010882	
S1-TR010883	S3-TR005725
S1-TR010884	S3-TR005726
S1-TR010885	S2-TR005675
S1-TR010886	S2-TR005676,S3-TR005727
S1-TR010887	S2-TR005677,S3-TR005728
S1-TR010888	S2-TR005678
S1-TR010889	S3-TR005729
S1-TR010890	S2-TR005679,S3-TR005730
S1-TR010891	S2-TR005680
S1-TR010892	S3-TR005731
S1-TR010893	S2-TR005681,S3-TR005732
S1-TR010894	S2-TR005682
S1-TR010895	S3-TR005733
S1-TR010896	S2-TR005683,S3-TR005734
S1-TR010897	S2-TR005684,S3-TR005735
S1-TR010898	S3-TR005736
S1-TR010899	
S1-TR010900	S2-TR005685
S1-TR010901	S2-TR005686,S3-TR005737
S1-TR010902	S3-TR005738
S1-TR010903	
S1-TR010904	S3-TR005739
S1-TR010905	S2-TR005687,S3-TR005740
S1-TR010906	S2-TR005688
S1-TR010907	S2-TR005689
S1-TR010908	S2-TR005690,S3-TR005741
S1-TR010909	S3-TR005742
S1-TR010910	
S1-TR010911	S2-TR005691,S3-TR005743
S1-TR010912	S2-TR005692,S3-TR005744
S1-TR010913	
S1-TR010914	S2-TR005693,S3-TR005745
S1-TR010915	S2-TR005694,S3-TR005746
S1-TR010916	S3-TR005747
S1-TR010917	S2-TR005695,S3-TR005748
S1-TR010918	S3-TR005749
S1-TR010919	
S1-TR010920	S3-TR005750
S1-TR010921	S2-TR005696,S3-TR005751
S1-TR010922	S3-TR005752
S1-TR010923	
S1-TR010924	S3-TR005753
S1-TR010925	S3-TR005754
S1-TR010926	S2-TR005697
S1-TR010927	S3-TR005755
S1-TR010928	
S1-TR010929	
S1-TR010930	S3-TR005756
S1-TR010931	S2-TR005698
S1-TR010932	S2-TR005699,S3-TR005757
S1-TR010933	S2-TR005700
S1-TR010934	S2-TR005701,S3-TR005758
S1-TR010935	S3-TR005759
S1-TR010936	S3-TR005760
S1-TR010937	S3-TR005761
S1-TR010938	S2-TR005702
S1-TR010939	S3-TR005762
S1-TR010940	S2-TR005703
S1-TR010941	S2-TR005704
S1-TR010942	S3-TR005763
S1-TR010943	
S1-TR010944	
S1-TR010945	
S1-TR010946	S3-TR005764
S1-TR010947	S2-TR005705
S1-TR010948	S2-TR005706
S1-TR010949	S3-TR005765
S1-TR010950	S2-TR005707,S3-TR005766
S1-TR010951	S2-TR005708
S1-TR010952	S3-TR005767
S1-TR010953	S2-TR005709,S3-TR005768
S1-TR010954	
S1-TR010955	S2-TR005710,S3-TR005769
S1-TR010956	S2-TR005711
S1-TR010957	
S1-TR010958	S2-TR005712
S1-TR010959	S2-TR005713,S3-TR005770
S1-TR010960	S2-TR005714,S3-TR005771
S1-TR010961	S2-TR005715
S1-TR010962	S2-TR005716,S3-TR005772
S1-TR010963	
S1-TR010964	S2-TR005717,S3-TR005773
S1-TR010965	
S1-TR010966	S2-TR005718,S3-TR005774
S1-TR010967	
S1-TR010968	S3-TR005775
S1-TR010969	S2-TR005719
S1-TR010970	S2-TR005720,S3-TR005776
S1-TR010971	S2-TR005721,S3-TR005777
S1-TR010972	S3-TR005778
S1-TR010973	
S1-TR010974	S2-TR005722
S1-TR010975	S2-TR005723
S1-TR010976	S3-TR005779
S1-TR010977	S3-TR005780
S1-TR010978	S2-TR005724,S3-TR005781
S1-TR010979	S2-TR005725
S1-TR010980	S2-TR005726
S1-TR010981	S2-TR005727,S3-TR005782
S1-TR010982	S3-TR005783
S1-TR010983	S2-TR005728
S1-TR010984	S2-TR005729,S3-TR005784
S1-TR010985	S3-TR005785
S1-TR010986	S2-TR005730
S1-TR010987	S2-TR005731,S3-TR005786
S1-TR010988	S3-TR005787
S1-TR010989	
S1-TR010990	S2-TR005732
S1-TR010991	S2-TR005733
S1-TR010992	S2-TR005734
S1-TR010993	S2-TR005735,S3-TR005788
S1-TR010994	S2-TR005736,S3-TR005789
S1-TR010995	S3-TR005790
S1-TR010996	
S1-TR010997	
S1-TR010998	S3-TR005791
S1-TR010999	
S1-TR011000	
S1-TR011001	S2-TR005737,S3-TR005792
S1-TR011002	S2-TR005738
S1-TR011003	S2-TR005739,S3-TR005793
S1-TR011004	S3-TR005794
S1-TR011005	S2-TR005740
S1-TR011006	S3-TR005795
S1-TR011007	S3-TR005796
S1-TR011008	S2-TR005741,S3-TR005797
S1-TR011009	
S1-TR011010	
S1-TR011011	S2-TR005742,S3-TR005798
S1-TR011012	S3-TR005799
S1-TR011013	S3-TR005800
S1-TR011014	S3-TR005801
S1-TR011015	S3-TR005802
S1-TR011016	S3-TR005803
S1-TR011017	S3-TR005804
S1-TR011018	S2-TR005743,S3-TR005805
S1-TR011019	S2-TR005744,S3-TR005806
S1-TR011020	S3-TR005807
S1-TR011021	S2-TR005745
S1-TR011022	S2-TR005746
S1-TR011023	S3-TR005808
S1-TR011024	S2-TR005747,S3-TR005809
S1-TR011025	
S1-TR011026	S2-TR005748
S1-TR011027	S3-TR005810
S1-TR011028	S2-TR005749
S1-TR011029	S3-TR005811
S1-TR011030	S2-TR005750
S1-TR011031	S2-TR005751,S3-TR005812
S1-TR011032	S2-TR005752
S1-TR011033	S2-TR005753,S3-TR005813
S1-TR011034	
S1-TR011035	S2-TR005754,S3-TR005814
S1-TR011036	S2-TR005755
S1-TR011037	S2-TR005756,S3-TR005815
S1-TR011038	S2-TR005757,S3-TR005816
S1-TR011039	S2-TR005758
S1-TR011040	S2-TR005759,S3-TR005817
S1-TR011041	S2-TR005760,S3-TR005818
S1-TR011042	S2-TR005761
S1-TR011043	S2-TR005762
S1-TR011044	S2-TR005763,S3-TR005819
S1-TR011045	S2-TR005764
S1-TR011046	S2-TR005765,S3-TR005820
S1-TR011047	S3-TR005821
S1-TR011048	
S1-TR011049	S2-TR005766,S3-TR005822
S1-TR011050	S2-TR005767,S3-TR005823
S1-TR011051	S2-TR005768,S3-TR005824
S1-TR011052	
S1-TR011053	S2-TR005769
S1-TR011054	S3-TR005825
S1-TR011055	
S1-TR011056	
S1-TR011057	S2-TR005770
S1-TR011058	S2-TR005771,S3-TR005826
S1-TR011059	S2-TR005772,S3-TR005827
S1-TR011060	S2-TR005773
S1-TR011061	S2-TR005774
S1-TR011062	S2-TR005775
S1-TR011063	S2-TR005776
S1-TR011064	S3-TR005828
S1-TR011065	S2-TR005777
S1-TR011066	S2-TR005778,S3-TR005829
S1-TR011067	S2-TR005779
S1-TR011068	
S1-TR011069	S2-TR005780
S1-TR011070	
S1-TR011071	S3-TR005830
S1-TR011072	
S1-TR011073	S2-TR005781
S1-TR011074	
S1-TR011075	S2-TR005782,S3-TR005831
S1-TR011076	S2-TR005783
S1-TR011077	S2-TR005784
S1-TR011078	S2-TR005785
S1-TR011079	S3-TR005832
S1-TR011080	
S1-TR011081	S3-TR005833
S1-TR011082	
S1-TR011083	S2-TR005786,S3-TR005834
S1-TR011084	S3-TR005835
S1-TR011085	S2-TR005787
S1-TR011086	S2-TR005788,S3-TR005836
S1-TR011087	S2-TR005789,S3-TR005837
S1-TR011088	S2-TR005790
S1-TR011089	S3-TR005838
S1-TR011090	S2-TR005791
S1-TR011091	S3-TR005839
S1-TR011092	
S1-TR011093	S2-TR005792
S1-TR011094	S2-TR005793,S3-TR005840
S1-TR011095	S2-TR005794
S1-TR011096	S3-TR005841
S1-TR011097	S3-TR005842
S1-TR011098	S2-TR005795,S3-TR005843
S1-TR011099	S2-TR005796
S1-TR011100	
S1-TR011101	S2-TR005797,S3-TR005844
S1-TR011102	S2-TR005798
S1-TR011103	S3-TR005845
S1-TR011104	S2-TR005799
S1-TR011105	S2-TR005800
S1-TR011106	S2-TR005801
S1-TR011107	S3-TR005846
S1-TR011108	S2-TR005802,S3-TR005847
S1-TR011109	S2-TR005803
S1-TR011110	
S1-TR011111	
S1-TR011112	S2-TR005804
S1-TR011113	S2-TR005805
S1-TR011114	S2-TR005806
S1-TR011115	S3-TR005848
S1-TR011116	S2-TR005807,S3-TR005849
S1-TR011117	S2-TR005808
S1-TR011118	S2-TR005809
S1-TR011119	S2-TR005810
S1-TR011120	S2-TR005811,S3-TR005850
S1-TR011121	S2-TR005812,S3-TR005851
S1-TR011122	S2-TR005813
S1-TR011123	S2-TR005814,S3-TR005852
S1-TR011124	
S1-TR011125	
S1-TR011126	S3-TR005853
S1-TR011127	
S1-TR011128	S3-TR005854
S1-TR011129	S2-TR005815,S3-TR005855
S1-TR011130	S2-TR005816
S1-TR011131	S3-TR005856
S1-TR011132	S2-TR005817,S3-TR005857
S1-TR011133	S2-TR005818,S3-TR005858
S1-TR011134	S2-TR005819
S1-TR011135	S2-TR005820
S1-TR011136	S2-TR005821
S1-TR011137	S2-TR005822,S3-TR005859
S1-TR011138	S2-TR005823,S3-TR005860
S1-TR011139	S3-TR005861
S1-TR011140	S2-TR005824
S1-TR011141	S2-TR005825
S1-TR011142	S3-TR005862
S1-TR011143	S3-TR005863
S1-TR011144	S2-TR005826
S1-TR011145	S2-TR005827,S3-TR005864
S1-TR011146	S2-TR005828
S1-TR011147	S2-TR005829
S1-TR011148	S2-TR005830,S3-TR005865
S1-TR011149	S2-TR005831
S1-TR011150	S2-TR005832
S1-TR011151	S2-TR005833,S3-TR005866
S1-TR011152	S3-TR005867
S1-TR011153	S2-TR005834,S3-TR005868
S1-TR011154	S2-TR005835,S3-TR005869
S1-TR011155	S3-TR005870
S1-TR011156	S2-TR005836
S1-TR011157	S3-TR005871
S1-TR011158	S3-TR005872
S1-TR011159	S2-TR005837,S3-TR005873
S1-TR011160	
S1-TR011161	S2-TR005838
S1-TR011162	S2-TR005839
S1-TR011163	S2-TR005840
S1-TR011164	S2-TR005841
S1-TR011165	
S1-TR011166	
S1-TR011167	S2-TR005842,S3-TR005874
S1-TR011168	S2-TR005843,S3-TR005875
S1-TR011169	S3-TR005876
S1-TR011170	S2-TR005844
S1-TR011171	S2-TR005845,S3-TR005877
S1-TR011172	
S1-TR011173	
S1-TR011174	S2-TR005846
S1-TR011175	
S1-TR011176	S2-TR005847
S1-TR011177	S2-TR005848
S1-TR011178	S2-TR005849,S3-TR005878
S1-TR011179	S2-TR005850
S1-TR011180	S2-TR005851,S3-TR005879
S1-TR011181	S2-TR005852
S1-TR011182	S3-TR005880
S1-TR011183	S3-TR005881
S1-TR011184	S3-TR005882
S1-TR011185	
S1-TR011186	S2-TR005853
S1-TR011187	S2-TR005854
S1-TR011188	
S1-TR011189	S2-TR005855
S1-TR011190	S2-TR005856,S3-TR005883
S1-TR011191	S3-TR005884
S1-TR011192	S2-TR005857
S1-TR011193	S2-TR005858,S3-TR005885
S1-TR011194	
S1-TR011195	
S1-TR011196	
S1-TR011197	S3-TR005886
S1-TR011198	S2-TR005859,S3-TR005887
S1-TR011199	S2-TR005860,S3-TR005888
S1-TR011200	S2-TR005861
S1-TR011201	S2-TR005862
S1-TR011202	S2-TR005863,S3-TR005889
S1-TR011203	S2-TR005864,S3-TR005890
S1-TR011204	
S1-TR011205	S2-TR005865
S1-TR011206	
S1-TR011207	S2-TR005866
S1-TR011208	
S1-TR011209	S3-TR005891
S1-TR011210	S3-TR005892
S1-TR011211	S2-TR005867,S3-TR005893
S1-TR011212	S3-TR005894
S1-TR011213	S3-TR005895
S1-TR011214	S2-TR005868
S1-TR011215	S3-TR005896
S1-TR011216	S3-TR005897
S1-TR011217	S3-TR005898
S1-TR011218	
S1-TR011219	
S1-TR011220	
S1-TR011221	S2-TR005869
S1-TR011222	S2-TR005870
S1-TR011223	S3-TR005899
S1-TR011224	S2-TR005871,S3-TR005900
S1-TR011225	S2-TR005872,S3-TR005901
S1-TR011226	S3-TR005902
S1-TR011227	S2-TR005873,S3-TR005903
S1-TR011228	S2-TR005874
S1-TR011229	S2-TR005875
S1-TR011230	S3-TR005904
S1-TR011231	S3-TR005905
S1-TR011232	S2-TR005876,S3-TR005906
S1-TR011233	S2-TR005877
S1-TR011234	S3-TR005907
S1-TR011235	S2-TR005878
S1-TR011236	S2-TR005879,S3-TR005908
S1-TR011237	S2-TR005880,S3-TR005909
S1-TR011238	S3-TR005910
S1-TR011239	S2-TR005881
S1-TR011240	S2-TR005882
S1-TR011241	S3-TR005911
S1-TR011242	S2-TR005883,S3-TR005912
S1-TR011243	S2-TR005884
S1-TR011244	S3-TR005913
S1-TR011245	S2-TR005885
S1-TR011246	S3-TR005914
S1-TR011247	S3-TR005915
S1-TR011248	S2-TR005886
S1-TR011249	S2-TR005887
S1-TR011250	S2-TR005888,S3-TR005916
S1-TR011251	S3-TR005917
S1-TR011252	S2-TR005889
S1-TR011253	S2-TR005890,S3-TR005918
S1-TR011254	
S1-TR011255	S3-TR005919
S1-TR011256	S3-TR005920
S1-TR011257	S2-TR005891,S3-TR005921
S1-TR011258	S2-TR005892,S3-TR005922
S1-TR011259	
S1-TR011260	S2-TR005893
S1-TR011261	S2-TR005894
S1-TR011262	S2-TR005895,S3-TR005923
S1-TR011263	S3-TR005924
S1-TR011264	S3-TR005925
S1-TR011265	S2-TR005896,S3-TR005926
S1-TR011266	S2-TR005897
S1-TR011267	S2-TR005898,S3-TR005927
S1-TR011268	S2-TR005899,S3-TR005928
S1-TR011269	S2-TR005900,S3-TR005929
S1-TR011270	S3-TR005930
S1-TR011271	S2-TR005901,S3-TR005931
S1-TR011272	S2-TR005902,S3-TR005932
S1-TR011273	S2-TR005903
S1-TR011274	S2-TR005904
S1-TR011275	S2-TR005905
S1-TR011276	S2-TR005906
S1-TR011277	S3-TR005933
S1-TR011278	
S1-TR011279	S2-TR005907
S1-TR011280	S2-TR005908,S3-TR005934
S1-TR011281	S2-TR005909
S1-TR011282	S2-TR005910
S1-TR011283	S2-TR005911,S3-TR005935
S1-TR011284	S2-TR005912
S1-TR011285	
S1-TR011286	S3-TR005936
S1-TR011287	S3-TR005937
S1-TR011288	
S1-TR011289	
S1-TR011290	S2-TR005913,S3-TR005938
S1-TR011291	S3-TR005939
S1-TR011292	S2-TR005914,S3-TR005940
S1-TR011293	S3-TR005941
S1-TR011294	S2-TR005915
S1-TR011295	S3-TR005942
S1-TR011296	S3-TR005943
S1-TR011297	
S1-TR011298	S2-TR005916
S1-TR011299	S3-TR005944
S1-TR011300	S2-TR005917,S3-TR005945
S1-TR011301	
S1-TR011302	S2-TR005918,S3-TR005946
S1-TR011303	
S1-TR011304	S2-TR005919,S3-TR005947
S1-TR011305	S3-TR005948
S1-TR011306	S2-TR005920,S3-TR005949
S1-TR011307	S2-TR005921
S1-TR011308	S2-TR005922,S3-TR005950
S1-TR011309	S2-TR005923,S3-TR005951
S1-TR011310	
S1-TR011311	S3-TR005952
S1-TR011312	S3-TR005953
S1-TR011313	S2-TR005924,S3-TR005954
S1-TR011314	S3-TR005955
S1-TR011315	S2-TR005925
S1-TR011316	S2-TR005926,S3-TR005956
S1-TR011317	S2-TR005927
S1-TR011318	
S1-TR011319	
S1-TR011320	
S1-TR011321	S3-TR005957
S1-TR011322	S3-TR005958
S1-TR011323	
S1-TR011324	S3-TR005959
S1-TR011325	S2-TR005928
S1-TR011326	S2-TR005929
S1-TR011327	S2-TR005930,S3-TR005960
S1-TR011328	S2-TR005931,S3-TR005961
S1-TR011329	S2-TR005932
S1-TR011330	
S1-TR011331	
S1-TR011332	S2-TR005933
S1-TR011333	S2-TR005934,S3-TR005962
S1-TR011334	S2-TR005935
S1-TR011335	S2-TR005936,S3-TR005963
S1-TR011336	S3-TR005964
S1-TR011337	S3-TR005965
S1-TR011338	S3-TR005966
S1-TR011339	S3-TR005967
S1-TR011340	S3-TR005968
S1-TR011341	S3-TR005969
S1-TR011342	S2-TR005937,S3-TR005970
S1-TR011343	S3-TR005971
S1-TR011344	S3-TR005972
S1-TR011345	S2-TR005938
S1-TR011346	
S1-TR011347	S3-TR005973
S1-TR011348	S3-TR005974
S1-TR011349	S2-TR005939,S3-TR005975
S1-TR011350	S3-TR005976
S1-TR011351	S2-TR005940
S1-TR011352	S3-TR005977
S1-TR011353	S2-TR005941,S3-TR005978
S1-TR011354	S2-TR005942,S3-TR005979
S1-TR011355	S2-TR005943
S1-TR011356	S2-TR005944,S3-TR005980
S1-TR011357	S2-TR005945
S1-TR011358	
S1-TR011359	S2-TR005946,S3-TR005981
S1-TR011360	S2-TR005947,S3-TR005982
S1-TR011361	S3-TR005983
S1-TR011362	S3-TR005984
S1-TR011363	S2-TR005948
S1-TR011364	S3-TR005985
S1-TR011365	S2-TR005949
S1-TR011366	
S1-TR011367	
S1-TR011368	
S1-TR011369	S2-TR005950
S1-TR011370	S2-TR005951,S3-TR005986
S1-TR011371	S3-TR005987
S1-TR011372	
S1-TR011373	
S1-TR011374	S2-TR005952,S3-TR005988
S1-TR011375	S3-TR005989
S1-TR011376	S2-TR005953
S1-TR011377	S2-TR005954
S1-TR011378	S2-TR005955,S3-TR005990
S1-TR011379	S3-TR005991
S1-TR011380	S2-TR005956,S3-TR005992
S1-TR011381	S3-TR005993
S1-TR011382	S2-TR005957
S1-TR011383	
S1-TR011384	S2-TR005958
S1-TR011385	S2-TR005959
S1-TR011386	S3-TR005994
S1-TR011387	S3-TR005995
S1-TR011388	
S1-TR011389	S3-TR005996
S1-TR011390	S2-TR005960
S1-TR011391	S3-TR005997
S1-TR011392	S3-TR005998
S1-TR011393	S2-TR005961,S3-TR005999
S1-TR011394	S3-TR006000
S1-TR011395	S3-TR006001
S1-TR011396	
S1-TR011397	S2-TR005962,S3-TR006002
S1-TR011398	S3-TR006003
S1-TR011399	S2-TR005963
S1-TR011400	S2-TR005964,S3-TR006004
S1-TR011401	S2-TR005965
S1-TR011402	S3-TR006005
S1-TR011403	
S1-TR011404	S3-TR006006
S1-TR011405	S2-TR005966
S1-TR011406	S2-TR005967
S1-TR011407	S2-TR005968
S1-TR011408	S2-TR005969
S1-TR011409	S3-TR006007
S1-TR011410	S3-TR006008
S1-TR011411	S2-TR005970
S1-TR011412	
S1-TR011413	S2-TR005971
S1-TR011414	S2-TR005972,S3-TR006009
S1-TR011415	S3-TR006010
S1-TR011416	S3-TR006011
S1-TR011417	S3-TR006012
S1-TR011418	S2-TR005973
S1-TR011419	S2-TR005974
S1-TR011420	S3-TR006013
S1-TR011421	S2-TR005975,S3-TR006014
S1-TR011422	S3-TR006015
S1-TR011423	S3-TR006016
S1-TR011424	
S1-TR011425	S2-TR005976
S1-TR011426	S2-TR005977
S1-TR011427	S2-TR005978,S3-TR006017
S1-TR011428	S2-TR005979
S1-TR011429	S2-TR005980,S3-TR006018
S1-TR011430	S3-TR006019
S1-TR011431	S2-TR005981
S1-TR011432	S2-TR005982,S3-TR006020
S1-TR011433	S3-TR006021
S1-TR011434	S2-TR005983
S1-TR011435	
S1-TR011436	S2-TR005984
S1-TR011437	S2-TR005985,S3-TR006022
S1-TR011438	
S1-TR011439	S3-TR006023
S1-TR011440	S3-TR006024
S1-TR011441	
S1-TR011442	
S1-TR011443	S2-TR005986,S3-TR006025
S1-TR011444	S2-TR005987,S3-TR006026
S1-TR011445	S2-TR005988
S1-TR011446	S2-TR005989
S1-TR011447	S2-TR005990
S1-TR011448	S2-TR005991,S3-TR006027
S1-TR011449	S2-TR005992,S3-TR006028
S1-TR011450	S2-TR005993
S1-TR011451	S2-TR005994,S3-TR006029
S1-TR011452	
S1-TR011453	S2-TR005995,S3-TR006030
S1-TR011454	S3-TR006031
S1-TR011455	
S1-TR011456	S2-TR005996,S3-TR006032
S1-TR011457	S2-TR005997,S3-TR006033
S1-TR011458	S3-TR006034
S1-TR011459	
S1-TR011460	S2-TR005998
S1-TR011461	S3-TR006035
S1-TR011462	S2-TR005999
S1-TR011463	S2-TR006000,S3-TR006036
S1-TR011464	S3-TR006037
S1-TR011465	S3-TR006038
S1-TR011466	S2-TR006001,S3-TR006039
S1-TR011467	S2-TR006002
S1-TR011468	S2-TR006003,S3-TR006040
S1-TR011469	S3-TR006041
S1-TR011470	S2-TR006004
S1-TR011471	S2-TR006005,S3-TR006042
S1-TR011472	S2-TR006006
S1-TR011473	
S1-TR011474	S2-TR006007
S1-TR011475	S2-TR006008,S3-TR006043
S1-TR011476	S2-TR006009
S1-TR011477	S2-TR006010,S3-TR006044
S1-TR011478	
S1-TR011479	
S1-TR011480	S2-TR006011,S3-TR006045
S1-TR011481	S3-TR006046
S1-TR011482	
S1-TR011483	
S1-TR011484	S2-TR006012,S3-TR006047
S1-TR011485	S2-TR006013,S3-TR006048
S1-TR011486	S3-TR006049
S1-TR011487	
S1-TR011488	S2-TR006014
S1-TR011489	S2-TR006015
S1-TR011490	S2-TR006016,S3-TR006050
S1-TR011491	S3-TR006051
S1-TR011492	S3-TR006052
S1-TR011493	S2-TR006017
S1-TR011494	S2-TR006018,S3-TR006053
S1-TR011495	S2-TR006019
S1-TR011496	S2-TR006020
S1-TR011497	S2-TR006021
S1-TR011498	S2-TR006022
S1-TR011499	S3-TR006054
S1-TR011500	S2-TR006023
S1-TR011501	S2-TR006024,S3-TR006055
S1-TR011502	S3-TR006056
S1-TR011503	S2-TR006025
S1-TR011504	S2-TR006026
S1-TR011505	S3-TR006057
S1-TR011506	S2-TR006027
S1-TR011507	S2-TR006028
S1-TR011508	S2-TR006029,S3-TR006058
S1-TR011509	S2-TR006030
S1-TR011510	
S1-TR011511	S3-TR006059
S1-TR011512	
S1-TR011513	S2-TR006031,S3-TR006060
S1-TR011514	S3-TR006061
S1-TR011515	S2-TR006032
S1-TR011516	S2-TR006033
S1-TR011517	S2-TR006034
S1-TR011518	
S1-TR011519	S3-TR006062
S1-TR011520	S2-TR006035
S1-TR011521	S2-TR006036
S1-TR011522	S2-TR006037,S3-TR006063
S1-TR011523	S2-TR006038,S3-TR006064
S1-TR011524	
S1-TR011525	S3-TR006065
S1-TR011526	S2-TR006039
S1-TR011527	S2-TR006040
S1-TR011528	S2-TR006041,S3-TR006066
S1-TR011529	S3-TR006067
S1-TR011530	
S1-TR011531	
S1-TR011532	
S1-TR011533	S2-TR006042
S1-TR011534	S3-TR006068
S1-TR011535	S3-TR006069
S1-TR011536	S2-TR006043
S1-TR011537	S2-TR006044,S3-TR006070
S1-TR011538	S3-TR006071
S1-TR011539	
S1-TR011540	S2-TR006045
S1-TR011541	S2-TR006046,S3-TR006072
S1-TR011542	
S1-TR011543	S2-TR006047,S3-TR006073
S1-TR011544	
S1-TR011545	S3-TR006074
S1-TR011546	S2-TR006048,S3-TR006075
S1-TR011547	S3-TR006076
S1-TR011548	
S1-TR011549	S3-TR006077
S1-TR011550	S3-TR006078
S1-TR011551	S3-TR006079
S1-TR011552	S2-TR006049
S1-TR011553	S2-TR006050,S3-TR006080
S1-TR011554	S2-TR006051
S1-TR011555	S2-TR006052,S3-TR006081
S1-TR011556	
S1-TR011557	S3-TR006082
S1-TR011558	S3-TR006083
S1-TR011559	S2-TR006053,S3-TR006084
S1-TR011560	S3-TR006085
S1-TR011561	S2-TR006054
S1-TR011562	S2-TR006055
S1-TR011563	S2-TR006056,S3-TR006086
S1-TR011564	S2-TR006057,S3-TR006087
S1-TR011565	S2-TR006058,S3-TR006088
S1-TR011566	
S1-TR011567	S2-TR006059,S3-TR006089
S1-TR011568	S2-TR006060
S1-TR011569	S3-TR006090
S1-TR011570	
S1-TR011571	
S1-TR011572	
S1-TR011573	S3-TR006091
S1-TR011574	S3-TR006092
S1-TR011575	S3-TR006093
S1-TR011576	S3-TR006094
S1-TR011577	
S1-TR011578	
S1-TR011579	S2-TR006061,S3-TR006095
S1-TR011580	S3-TR006096
S1-TR011581	S2-TR006062,S3-TR006097
S1-TR011582	S2-TR006063,S3-TR006098
S1-TR011583	S3-TR006099
S1-TR011584	
S1-TR011585	
S1-TR011586	S3-TR006100
S1-TR011587	S2-TR006064
S1-TR011588	S3-TR006101
S1-TR011589	
S1-TR011590	S2-TR006065
S1-TR011591	S2-TR006066
S1-TR011592	S2-TR006067,S3-TR006102
S1-TR011593	S2-TR006068,S3-TR006103
S1-TR011594	S2-TR006069
S1-TR011595	S2-TR006070
S1-TR011596	S2-TR006071
S1-TR011597	S2-TR006072,S3-TR006104
S1-TR011598	S3-TR006105
S1-TR011599	S2-TR006073,S3-TR006106
S1-TR011600	
S1-TR011601	
S1-TR011602	S2-TR006074
S1-TR011603	S3-TR006107
S1-TR011604	S2-TR006075,S3-TR006108
S1-TR011605	S2-TR006076,S3-TR006109
S1-TR011606	S2-TR006077,S3-TR006110
S1-TR011607	
S1-TR011608	S2-TR006078
S1-TR011609	
S1-TR011610	S3-TR006111
S1-TR011611	
S1-TR011612	S2-TR006079
S1-TR011613	S3-TR006112
S1-TR011614	S2-TR006080
S1-TR011615	S2-TR006081
S1-TR011616	S2-TR006082,S3-TR006113
S1-TR011617	
S1-TR011618	S2-TR006083
S1-TR011619	S2-TR006084
S1-TR011620	S2-TR006085,S3-TR006114
S1-TR011621	S3-TR006115
S1-TR011622	S3-TR006116
S1-TR011623	S3-TR006117
S1-TR011624	S2-TR006086
S1-TR011625	
S1-TR011626	
S1-TR011627	S2-TR006087
S1-TR011628	S2-TR006088
S1-TR011629	S2-TR006089
S1-TR011630	
S1-TR011631	S3-TR006118
S1-TR011632	
S1-TR011633	
S1-TR011634	S3-TR006119
S1-TR011635	S3-TR006120
S1-TR011636	S2-TR006090
S1-TR011637	S2-TR006091
S1-TR011638	
S1-TR011639	
S1-TR011640	S2-TR006092
S1-TR011641	S3-TR006121
S1-TR011642	S3-TR006122
S1-TR011643	
S1-TR011644	S3-TR006123
S1-TR011645	S3-TR006124
S1-TR011646	S3-TR006125
S1-TR011647	S2-TR006093,S3-TR006126
S1-TR011648	S3-TR006127
S1-TR011649	S2-TR006094,S3-TR006128
S1-TR011650	S3-TR006129
S1-TR011651	S2-TR006095
S1-TR011652	S3-TR006130
S1-TR011653	S3-TR006131
S1-TR011654	S2-TR006096,S3-TR006132
S1-TR011655	S2-TR006097
S1-TR011656	S2-TR006098
S1-TR011657	S2-TR006099
S1-TR011658	
S1-TR011659	S2-TR006100
S1-TR011660	S2-TR006101,S3-TR006133
S1-TR011661	S2-TR006102,S3-TR006134
S1-TR011662	S2-TR006103
S1-TR011663	S2-TR006104
S1-TR011664	S2-TR006105,S3-TR006135
S1-TR011665	S3-TR006136
S1-TR011666	S2-TR006106,S3-TR006137
S1-TR011667	S2-TR006107,S3-TR006138
S1-TR011668	
S1-TR011669	S3-TR006139
S1-TR011670	S3-TR006140
S1-TR011671	S3-TR006141
S1-TR011672	S2-TR006108,S3-TR006142
S1-TR011673	S2-TR006109
S1-TR011674	S2-TR006110,S3-TR006143
S1-TR011675	
S1-TR011676	S2-TR006111
S1-TR011677	S2-TR006112,S3-TR006144
S1-TR011678	S2-TR006113,S3-TR006145
S1-TR011679	S2-TR006114,S3-TR006146
S1-TR011680	S2-TR006115
S1-TR011681	S3-TR006147
S1-TR011682	S3-TR006148
S1-TR011683	S2-TR006116,S3-TR006149
S1-TR011684	S2-TR006117,S3-TR006150
S1-TR011685	S3-TR006151
S1-TR011686	S2-TR006118
S1-TR011687	S3-TR006152
S1-TR011688	S3-TR006153
S1-TR011689	
S1-TR011690	
S1-TR011691	
S1-TR011692	
S1-TR011693	S2-TR006119,S3-TR006154
S1-TR011694	S2-TR006120
S1-TR011695	S3-TR006155
S1-TR011696	S3-TR006156
S1-TR011697	S2-TR006121,S3-TR006157
S1-TR011698	S2-TR006122,S3-TR006158
S1-TR011699	
S1-TR011700	S2-TR006123,S3-TR006159
S1-TR011701	
S1-TR011702	S2-TR006124,S3-TR006160
S1-TR011703	S2-TR006125
S1-TR011704	S2-TR006126
S1-TR011705	S2-TR006127,S3-TR006161
S1-TR011706	S2-TR006128
S1-TR011707	S2-TR006129
S1-TR011708	S3-TR006162
S1-TR011709	S2-TR006130
S1-TR011710	
S1-TR011711	S2-TR006131
S1-TR011712	
S1-TR011713	S2-TR006132
S1-TR011714	
S1-TR011715	S3-TR006163
S1-TR011716	S3-TR006164
S1-TR011717	S2-TR006133
S1-TR011718	S3-TR006165
S1-TR011719	
S1-TR011720	
S1-TR011721	S3-TR006166
S1-TR011722	S2-TR006134
S1-TR011723	S3-TR006167
S1-TR011724	S3-TR006168
S1-TR011725	
S1-TR011726	S3-TR006169
S1-TR011727	S2-TR006135,S3-TR006170
S1-TR011728	S2-TR006136,S3-TR006171
S1-TR011729	S2-TR006137,S3-TR006172
S1-TR011730	S3-TR006173
S1-TR011731	S3-TR006174
S1-TR011732	S3-TR006175
S1-TR011733	S2-TR006138,S3-TR006176
S1-TR011734	
S1-TR011735	S2-TR006139
S1-TR011736	S3-TR006177
S1-TR011737	S2-TR006140,S3-TR006178
S1-TR011738	S2-TR006141,S3-TR006179
S1-TR011739	
S1-TR011740	S2-TR006142
S1-TR011741	S2-TR006143
S1-TR011742	S3-TR006180
S1-TR011743	S2-TR006144,S3-TR006181
S1-TR011744	S3-TR006182
S1-TR011745	S2-TR006145,S3-TR006183
S1-TR011746	S3-TR006184
S1-TR011747	S2-TR006146,S3-TR006185
S1-TR011748	S2-TR006147,S3-TR006186
S1-TR011749	S3-TR006187
S1-TR011750	S3-TR006188
S1-TR011751	S2-TR006148,S3-TR006189
S1-TR011752	S3-TR006190
S1-TR011753	S3-TR006191
S1-TR011754	S2-TR006149
S1-TR011755	S2-TR006150,S3-TR006192
S1-TR011756	S3-TR006193
S1-TR011757	
S1-TR011758	S2-TR006151
S1-TR011759	S2-TR006152
S1-TR011760	
S1-TR011761	S2-TR006153
S1-TR011762	
S1-TR011763	S3-TR006194
S1-TR011764	S2-TR006154
S1-TR011765	
S1-TR011766	S2-TR006155
S1-TR011767	S2-TR006156
S1-TR011768	
S1-TR011769	
S1-TR011770	S3-TR006195
S1-TR011771	S3-TR006196
S1-TR011772	S3-TR006197
S1-TR011773	S2-TR006157
S1-TR011774	S2-TR006158,S3-TR006198
S1-TR011775	S2-TR006159
S1-TR011776	S2-TR006160,S3-TR006199
S1-TR011777	S2-TR006161,S3-TR006200
S1-TR011778	S2-TR006162,S3-TR006201
S1-TR011779	
S1-TR011780	
S1-TR011781	S2-TR006163
S1-TR011782	S2-TR006164
S1-TR011783	S2-TR006165,S3-TR006202
S1-TR011784	S3-TR006203
S1-TR011785	S2-TR006166
S1-TR011786	
S1-TR011787	S2-TR006167
S1-TR011788	S2-TR006168
S1-TR011789	
S1-TR011790	S2-TR006169,S3-TR006204
S1-TR011791	S2-TR006170,S3-TR006205
S1-TR011792	S3-TR006206
S1-TR011793	S2-TR006171,S3-TR006207
S1-TR011794	S3-TR006208
S1-TR011795	S3-TR006209
S1-TR011796	S2-TR006172,S3-TR006210
S1-TR011797	S3-TR006211
S1-TR011798	
S1-TR011799	S3-TR006212
S1-TR011800	S2-TR006173
S1-TR011801	S2-TR006174,S3-TR006213
S1-TR011802	S3-TR006214
S1-TR011803	S2-TR006175,S3-TR006215
S1-TR011804	S3-TR006216
S1-TR011805	S2-TR006176,S3-TR006217
S1-TR011806	S2-TR006177
S1-TR011807	S2-TR006178
S1-TR011808	S3-TR006218
S1-TR011809	S2-TR006179,S3-TR006219
S1-TR011810	S2-TR006180
S1-TR011811	S2-TR006181
S1-TR011812	S2-TR006182
S1-TR011813	S2-TR006183
S1-TR011814	S3-TR006220
S1-TR011815	S2-TR006184
S1-TR011816	
S1-TR011817	S2-TR006185,S3-TR006221
S1-TR011818	S3-TR006222
S1-TR011819	
S1-TR011820	S3-TR006223
S1-TR011821	S3-TR006224
S1-TR011822	S3-TR006225
S1-TR011823	S2-TR006186,S3-TR006226
S1-TR011824	S2-TR006187
S1-TR011825	S2-TR006188
S1-TR011826	S2-TR006189
S1-TR011827	S3-TR006227
S1-TR011828	S3-TR006228
S1-TR011829	S2-TR006190
S1-TR011830	S2-TR006191,S3-TR006229
S1-TR011831	S3-TR006230
S1-TR011832	S3-TR006231
S1-TR011833	S3-TR006232
S1-TR011834	
S1-TR011835	
S1-TR011836	S3-TR006233
S1-TR011837	S2-TR006192,S3-TR006234
S1-TR011838	S3-TR006235
S1-TR011839	S2-TR006193
S1-TR011840	S2-TR006194,S3-TR006236
S1-TR011841	S2-TR006195,S3-TR006237
S1-TR011842	S3-TR006238
S1-TR011843	S3-TR006239
S1-TR011844	S2-TR006196,S3-TR006240
S1-TR011845	S2-TR006197
S1-TR011846	S3-TR006241
S1-TR011847	S3-TR006242
S1-TR011848	S2-TR006198
S1-TR011849	S2-TR006199
S1-TR011850	S2-TR006200
S1-TR011851	S2-TR006201
S1-TR011852	S2-TR006202,S3-TR006243
S1-TR011853	S2-TR006203
S1-TR011854	S3-TR006244
S1-TR011855	S2-TR006204
S1-TR011856	S2-TR006205,S3-TR006245
S1-TR011857	S2-TR006206,S3-TR006246
S1-TR011858	
S1-TR011859	S2-TR006207,S3-TR006247
S1-TR011860	S2-TR006208,S3-TR006248
S1-TR011861	S2-TR006209
S1-TR011862	S2-TR006210
S1-TR011863	S2-TR006211,S3-TR006249
S1-TR011864	S3-TR006250
S1-TR011865	S2-TR006212
S1-TR011866	
S1-TR011867	S3-TR006251
S1-TR011868	
S1-TR011869	S2-TR006213
S1-TR011870	S2-TR006214
S1-TR011871	S2-TR006215,S3-TR006252
S1-TR011872	S2-TR006216
S1-TR011873	S3-TR006253
S1-TR011874	S3-TR006254
S1-TR011875	S3-TR006255
S1-TR011876	S3-TR006256
S1-TR011877	S2-TR006217
S1-TR011878	S2-TR006218,S3-TR006257
S1-TR011879	S2-TR006219,S3-TR006258
S1-TR011880	S3-TR006259
S1-TR011881	
S1-TR011882	S3-TR006260
S1-TR011883	S2-TR006220
S1-TR011884	
S1-TR011885	S3-TR006261
S1-TR011886	
S1-TR011887	S3-TR006262
S1-TR011888	S3-TR006263
S1-TR011889	S3-TR006264
S1-TR011890	
S1-TR011891	S2-TR006221
S1-TR011892	
S1-TR011893	S2-TR006222,S3-TR006265
S1-TR011894	
S1-TR011895	S2-TR006223
S1-TR011896	S3-TR006266
S1-TR011897	S3-TR006267
S1-TR011898	S3-TR006268
S1-TR011899	S2-TR006224,S3-TR006269
S1-TR011900	S3-TR006270
S1-TR011901	S3-TR006271
S1-TR011902	
S1-TR011903	
S1-TR011904	S3-TR006272
S1-TR011905	S2-TR006225
S1-TR011906	
S1-TR011907	S2-TR006226
S1-TR011908	S3-TR006273
S1-TR011909	S3-TR006274
S1-TR011910	S2-TR006227,S3-TR006275
S1-TR011911	S2-TR006228,S3-TR006276
S1-TR011912	S2-TR006229
S1-TR011913	S2-TR006230,S3-TR006277
S1-TR011914	S2-TR006231,S3-TR006278
S1-TR011915	
S1-TR011916	
S1-TR011917	S2-TR006232
S1-TR011918	S3-TR006279
S1-TR011919	S3-TR006280
S1-TR011920	S2-TR006233
S1-TR011921	S3-TR006281
S1-TR011922	S3-TR006282
S1-TR011923	S2-TR006234,S3-TR006283
S1-TR011924	S3-TR006284
S1-TR011925	S3-TR006285
S1-TR011926	S3-TR006286
S1-TR011927	S3-TR006287
S1-TR011928	S2-TR006235
S1-TR011929	S2-TR006236,S3-TR006288
S1-TR011930	S2-TR006237,S3-TR006289
S1-TR011931	S3-TR006290
S1-TR011932	S2-TR006238
S1-TR011933	S2-TR006239,S3-TR006291
S1-TR011934	S3-TR006292
S1-TR011935	S2-TR006240,S3-TR006293
S1-TR011936	S2-TR006241,S3-TR006294
S1-TR011937	S3-TR006295
S1-TR011938	S2-TR006242
S1-TR011939	
S1-TR011940	S2-TR006243
S1-TR011941	S3-TR006296
S1-TR011942	S2-TR006244,S3-TR006297
S1-TR011943	S3-TR006298
S1-TR011944	S2-TR006245
S1-TR011945	S3-TR006299
S1-TR011946	S3-TR006300
S1-TR011947	S2-TR006246,S3-TR006301
S1-TR011948	
S1-TR011949	S2-TR006247,S3-TR006302
S1-TR011950	
S1-TR011951	S2-TR006248
S1-TR011952	S3-TR006303
S1-TR011953	
S1-TR011954	S2-TR006249
S1-TR011955	S3-TR006304
S1-TR011956	S3-TR006305
S1-TR011957	S3-TR006306
S1-TR011958	S2-TR006250
S1-TR011959	S2-TR006251,S3-TR006307
S1-TR011960	S2-TR006252
S1-TR011961	S2-TR006253,S3-TR006308
S1-TR011962	S3-TR006309
S1-TR011963	S2-TR006254
S1-TR011964	S2-TR006255
S1-TR011965	S3-TR006310
S1-TR011966	
S1-TR011967	S2-TR006256,S3-TR006311
S1-TR011968	S3-TR006312
S1-TR011969	S2-TR006257,S3-TR006313
S1-TR011970	S3-TR006314
S1-TR011971	
S1-TR011972	S2-TR006258,S3-TR006315
S1-TR011973	S3-TR006316
S1-TR011974	S3-TR006317
S1-TR011975	S2-TR006259
S1-TR011976	S2-TR006260,S3-TR006318
S1-TR011977	
S1-TR011978	
S1-TR011979	
S1-TR011980	S3-TR006319
S1-TR011981	S2-TR006261,S3-TR006320
S1-TR011982	S2-TR006262,S3-TR006321
S1-TR011983	S3-TR006322
S1-TR011984	S2-TR006263
S1-TR011985	
S1-TR011986	S2-TR006264,S3-TR006323
S1-TR011987	S2-TR006265
S1-TR011988	
S1-TR011989	
S1-TR011990	S2-TR006266
S1-TR011991	S3-TR006324
S1-TR011992	S2-TR006267
S1-TR011993	S2-TR006268,S3-TR006325
S1-TR011994	S3-TR006326
S1-TR011995	
S1-TR011996	
S1-TR011997	
S1-TR011998	
S1-TR011999	S3-TR006327
S1-TR012000	
S1-TR012001	S3-TR006328
S1-TR012002	S2-TR006269,S3-TR006329
S1-TR012003	S3-TR006330
S1-TR012004	S3-TR006331
S1-TR012005	S2-TR006270
S1-TR012006	S2-TR006271
S1-TR012007	
S1-TR012008	S2-TR006272,S3-TR006332
S1-TR012009	S2-TR006273,S3-TR006333
S1-TR012010	S3-TR006334
S1-TR012011	
S1-TR012012	S2-TR006274,S3-TR006335
S1-TR012013	S2-TR006275,S3-TR006336
S1-TR012014	S2-TR006276,S3-TR006337
S1-TR012015	S2-TR006277,S3-TR006338
S1-TR012016	S2-TR006278,S3-TR006339
S1-TR012017	S2-TR006279,S3-TR006340
S1-TR012018	S2-TR006280
S1-TR012019	S3-TR006341
S1-TR012020	S2-TR006281
S1-TR012021	S3-TR006342
S1-TR012022	
S1-TR012023	S3-TR006343
S1-TR012024	S2-TR006282,S3-TR006344
S1-TR012025	S3-TR006345
S1-TR012026	S2-TR006283
S1-TR012027	
S1-TR012028	S2-TR006284,S3-TR006346
S1-TR012029	S2-TR006285
S1-TR012030	S2-TR006286,S3-TR006347
S1-TR012031	S3-TR006348
S1-TR012032	S2-TR006287
S1-TR012033	S3-TR006349
S1-TR012034	S2-TR006288
S1-TR012035	
S1-TR012036	
S1-TR012037	S2-TR006289
S1-TR012038	S3-TR006350
S1-TR012039	
S1-TR012040	
S1-TR012041	
S1-TR012042	S2-TR006290,S3-TR006351
S1-TR012043	S3-TR006352
S1-TR012044	S2-TR006291
S1-TR012045	S2-TR006292,S3-TR006353
S1-TR012046	S2-TR006293,S3-TR006354
S1-TR012047	S3-TR006355
S1-TR012048	
S1-TR012049	
S1-TR012050	S2-TR006294
S1-TR012051	
S1-TR012052	S3-TR006356
S1-TR012053	S3-TR006357
S1-TR012054	
S1-TR012055	S2-TR006295
S1-TR012056	
S1-TR012057	
S1-TR012058	S2-TR006296
S1-TR012059	S2-TR006297
S1-TR012060	
S1-TR012061	S2-TR006298
S1-TR012062	S2-TR006299
S1-TR012063	S2-TR006300
S1-TR012064	S2-TR006301
S1-TR012065	S2-TR006302
S1-TR012066	S2-TR006303,S3-TR006358
S1-TR012067	S2-TR006304,S3-TR006359
S1-TR012068	S2-TR006305,S3-TR006360
S1-TR012069	S3-TR006361
S1-TR012070	
S1-TR012071	S2-TR006306
S1-TR012072	S2-TR006307
S1-TR012073	S3-TR006362
S1-TR012074	S2-TR006308
S1-TR012075	S2-TR006309,S3-TR006363
S1-TR012076	S3-TR006364
S1-TR012077	S3-TR006365
S1-TR012078	
S1-TR012079	S2-TR006310
S1-TR012080	S3-TR006366
S1-TR012081	S3-TR006367
S1-TR012082	S3-TR006368
S1-TR012083	S2-TR006311
S1-TR012084	
S1-TR012085	S2-TR006312,S3-TR006369
S1-TR012086	
S1-TR012087	
S1-TR012088	S2-TR006313
S1-TR012089	S3-TR006370
S1-TR012090	S3-TR006371
S1-TR012091	S2-TR006314,S3-TR006372
S1-TR012092	
S1-TR012093	
S1-TR012094	
S1-TR012095	S2-TR006315
S1-TR012096	S2-TR006316,S3-TR006373
S1-TR012097	S2-TR006317
S1-TR012098	S3-TR006374
S1-TR012099	
S1-TR012100	S2-TR006318
S1-TR012101	S2-TR006319
S1-TR012102	S2-TR006320,S3-TR006375
S1-TR012103	S3-TR006376
S1-TR012104	S2-TR006321,S3-TR006377
S1-TR012105	S2-TR006322
S1-TR012106	S2-TR006323,S3-TR006378
S1-TR012107	S3-TR006379
S1-TR012108	S3-TR006380
S1-TR012109	S2-TR006324
S1-TR012110	S3-TR006381
S1-TR012111	S3-TR006382
S1-TR012112	
S1-TR012113	S2-TR006325
S1-TR012114	S2-TR006326
S1-TR012115	S3-TR006383
S1-TR012116	
S1-TR012117	S3-TR006384
S1-TR012118	
S1-TR012119	S3-TR006385
S1-TR012120	S2-TR006327
S1-TR012121	S2-TR006328
S1-TR012122	
S1-TR012123	S3-TR006386
S1-TR012124	S3-TR006387
S1-TR012125	
S1-TR012126	S2-TR006329
S1-TR012127	S2-TR006330,S3-TR006388
S1-TR012128	S2-TR006331,S3-TR006389
S1-TR012129	S2-TR006332
S1-TR012130	S2-TR006333,S3-TR006390
S1-TR012131	S2-TR006334
S1-TR012132	S3-TR006391
S1-TR012133	S2-TR006335,S3-TR006392
S1-TR012134	S2-TR006336,S3-TR006393
S1-TR012135	S2-TR006337,S3-TR006394
S1-TR012136	S3-TR006395
S1-TR012137	S2-TR006338,S3-TR006396
S1-TR012138	S3-TR006397
S1-TR012139	S2-TR006339
S1-TR012140	S3-TR006398
S1-TR012141	
S1-TR012142	S3-TR006399
S1-TR012143	S2-TR006340
S1-TR012144	S3-TR006400
S1-TR012145	S2-TR006341,S3-TR006401
S1-TR012146	S2-TR006342
S1-TR012147	S2-TR006343
S1-TR012148	S2-TR006344
S1-TR012149	S2-TR006345,S3-TR006402
S1-TR012150	S3-TR006403
S1-TR012151	S2-TR006346
S1-TR012152	S2-TR006347
S1-TR012153	S2-TR006348
S1-TR012154	
S1-TR012155	S2-TR006349
S1-TR012156	S2-TR006350,S3-TR006404
S1-TR012157	S2-TR006351,S3-TR006405
S1-TR012158	S2-TR006352,S3-TR006406
S1-TR012159	S2-TR006353
S1-TR012160	S3-TR006407
S1-TR012161	S2-TR006354
S1-TR012162	S2-TR006355,S3-TR006408
S1-TR012163	S2-TR006356,S3-TR006409
S1-TR012164	S2-TR006357,S3-TR006410
S1-TR012165	
S1-TR012166	S3-TR006411
S1-TR012167	S3-TR006412
S1-TR012168	S3-TR006413
S1-TR012169	S2-TR006358
S1-TR012170	
S1-TR012171	S3-TR006414
S1-TR012172	S3-TR006415
S1-TR012173	S2-TR006359,S3-TR006416
S1-TR012174	S3-TR006417
S1-TR012175	
S1-TR012176	S3-TR006418
S1-TR012177	S3-TR006419
S1-TR012178	S3-TR006420
S1-TR012179	S2-TR006360
S1-TR012180	S2-TR006361,S3-TR006421
S1-TR012181	S2-TR006362
S1-TR012182	S2-TR006363,S3-TR006422
S1-TR012183	S3-TR006423
S1-TR012184	S2-TR006364
S1-TR012185	
S1-TR012186	
S1-TR012187	
S1-TR012188	S2-TR006365,S3-TR006424
S1-TR012189	S2-TR006366,S3-TR006425
S1-TR012190	S2-TR006367
S1-TR012191	S2-TR006368,S3-TR006426
S1-TR012192	S2-TR006369
S1-TR012193	
S1-TR012194	
S1-TR012195	S3-TR006427
S1-TR012196	S2-TR006370,S3-TR006428
S1-TR012197	S2-TR006371
S1-TR012198	S2-TR006372,S3-TR006429
S1-TR012199	S2-TR006373,S3-TR006430
S1-TR012200	
S1-TR012201	S2-TR006374,S3-TR006431
S1-TR012202	S3-TR006432
S1-TR012203	S2-TR006375,S3-TR006433
S1-TR012204	S3-TR006434
S1-TR012205	S2-TR006376
S1-TR012206	S2-TR006377,S3-TR006435
S1-TR012207	
S1-TR012208	S3-TR006436
S1-TR012209	
S1-TR012210	S2-TR006378,S3-TR006437
S1-TR012211	S3-TR006438
S1-TR012212	S3-TR006439
S1-TR012213	
S1-TR012214	S2-TR006379
S1-TR012215	S3-TR006440
S1-TR012216	S2-TR006380,S3-TR006441
S1-TR012217	S3-TR006442
S1-TR012218	S2-TR006381
S1-TR012219	S3-TR006443
S1-TR012220	S2-TR006382
S1-TR012221	S2-TR006383
S1-TR012222	S3-TR006444
S1-TR012223	
S1-TR012224	S2-TR006384
S1-TR012225	S2-TR006385,S3-TR006445
S1-TR012226	S3-TR006446
S1-TR012227	S2-TR006386,S3-TR006447
S1-TR012228	
S1-TR012229	S3-TR006448
S1-TR012230	S3-TR006449
S1-TR012231	S3-TR006450
S1-TR012232	S2-TR006387
S1-TR012233	
S1-TR012234	
S1-TR012235	S2-TR006388
S1-TR012236	
S1-TR012237	
S1-TR012238	
S1-TR012239	S3-TR006451
S1-TR012240	S2-TR006389,S3-TR006452
S1-TR012241	S2-TR006390,S3-TR006453
S1-TR012242	S3-TR006454
S1-TR012243	S2-TR006391
S1-TR012244	
S1-TR012245	
S1-TR012246	S2-TR006392
S1-TR012247	S2-TR006393
S1-TR012248	S2-TR006394,S3-TR006455
S1-TR012249	S2-TR006395,S3-TR006456
S1-TR012250	S2-TR006396,S3-TR006457
S1-TR012251	S2-TR006397,S3-TR006458
S1-TR012252	S2-TR006398
S1-TR012253	S2-TR006399
S1-TR012254	S3-TR006459
S1-TR012255	S2-TR006400,S3-TR006460
S1-TR012256	S2-TR006401
S1-TR012257	S2-TR006402,S3-TR006461
S1-TR012258	S2-TR006403
S1-TR012259	S2-TR006404,S3-TR006462
S1-TR012260	S3-TR006463
S1-TR012261	S3-TR006464
S1-TR012262	
S1-TR012263	S2-TR006405,S3-TR006465
S1-TR012264	S2-TR006406
S1-TR012265	S2-TR006407
S1-TR012266	
S1-TR012267	S3-TR006466
S1-TR012268	
S1-TR012269	
S1-TR012270	S2-TR006408,S3-TR006467
S1-TR012271	
S1-TR012272	S2-TR006409
S1-TR012273	S3-TR006468
S1-TR012274	
S1-TR012275	S3-TR006469
S1-TR012276	S2-TR006410
S1-TR012277	S3-TR006470
S1-TR012278	S2-TR006411
S1-TR012279	
S1-TR012280	S2-TR006412
S1-TR012281	S2-TR006413,S3-TR006471
S1-TR012282	S3-TR006472
S1-TR012283	S2-TR006414
S1-TR012284	S2-TR006415
S1-TR012285	
S1-TR012286	
S1-TR012287	S2-TR006416,S3-TR006473
S1-TR012288	S2-TR006417
S1-TR012289	
S1-TR012290	S2-TR006418,S3-TR006474
S1-TR012291	
S1-TR012292	S2-TR006419
S1-TR012293	S2-TR006420
S1-TR012294	S2-TR006421
S1-TR012295	S3-TR006475
S1-TR012296	S2-TR006422,S3-TR006476
S1-TR012297	S2-TR006423
S1-TR012298	S2-TR006424
S1-TR012299	S2-TR006425,S3-TR006477
S1-TR012300	S2-TR006426,S3-TR006478
S1-TR012301	
S1-TR012302	S3-TR006479
S1-TR012303	S3-TR006480
S1-TR012304	S2-TR006427,S3-TR006481
S1-TR012305	
S1-TR012306	S3-TR006482
S1-TR012307	S3-TR006483
S1-TR012308	
S1-TR012309	S2-TR006428,S3-TR006484
S1-TR012310	S2-TR006429
S1-TR012311	S2-TR006430
S1-TR012312	S2-TR006431,S3-TR006485
S1-TR012313	S3-TR006486
S1-TR012314	S3-TR006487
S1-TR012315	S2-TR006432
S1-TR012316	S2-TR006433,S3-TR006488
S1-TR012317	S3-TR006489
S1-TR012318	S2-TR006434
S1-TR012319	S3-TR006490
S1-TR012320	
S1-TR012321	S2-TR006435
S1-TR012322	
S1-TR012323	
S1-TR012324	
S1-TR012325	S3-TR006491
S1-TR012326	
S1-TR012327	
S1-TR012328	S2-TR006436
S1-TR012329	
S1-TR012330	S3-TR006492
S1-TR012331	
S1-TR012332	S2-TR006437
S1-TR012333	S2-TR006438
S1-TR012334	S3-TR006493
S1-TR012335	S2-TR006439,S3-TR006494
S1-TR012336	S2-TR006440,S3-TR006495
S1-TR012337	S2-TR006441,S3-TR006496
S1-TR012338	
S1-TR012339	S2-TR006442,S3-TR006497
S1-TR012340	S2-TR006443,S3-TR006498
S1-TR012341	S2-TR006444,S3-TR006499
S1-TR012342	S2-TR006445,S3-TR006500
S1-TR012343	S2-TR006446,S3-TR006501
S1-TR012344	S2-TR006447,S3-TR006502
S1-TR012345	S2-TR006448
S1-TR012346	
S1-TR012347	S2-TR006449
S1-TR012348	S2-TR006450
S1-TR012349	S3-TR006503
S1-TR012350	S2-TR006451
S1-TR012351	S3-TR006504
S1-TR012352	S2-TR006452,S3-TR006505
S1-TR012353	S2-TR006453,S3-TR006506
S1-TR012354	S2-TR006454,S3-TR006507
S1-TR012355	S2-TR006455
S1-TR012356	
S1-TR012357	S2-TR006456
S1-TR012358	
S1-TR012359	S3-TR006508
S1-TR012360	
S1-TR012361	S2-TR006457,S3-TR006509
S1-TR012362	S2-TR006458,S3-TR006510
S1-TR012363	S2-TR006459
S1-TR012364	
S1-TR012365	S3-TR006511
S1-TR012366	
S1-TR012367	S2-TR006460,S3-TR006512
S1-TR012368	S2-TR006461,S3-TR006513
S1-TR012369	S3-TR006514
S1-TR012370	S2-TR006462,S3-TR006515
S1-TR012371	S3-TR006516
S1-TR012372	S2-TR006463
S1-TR012373	S2-TR006464
S1-TR012374	
S1-TR012375	S2-TR006465
S1-TR012376	S3-TR006517
S1-TR012377	S3-TR006518
S1-TR012378	S2-TR006466
S1-TR012379	
S1-TR012380	S3-TR006519
S1-TR012381	S2-TR006467
S1-TR012382	S3-TR006520
S1-TR012383	S2-TR006468,S3-TR006521
S1-TR012384	
S1-TR012385	S2-TR006469,S3-TR006522
S1-TR012386	
S1-TR012387	
S1-TR012388	S2-TR006470
S1-TR012389	S2-TR006471,S3-TR006523
S1-TR012390	S2-TR006472
S1-TR012391	
S1-TR012392	
S1-TR012393	S2-TR006473,S3-TR006524
S1-TR012394	
S1-TR012395	
S1-TR012396	S2-TR006474
S1-TR012397	S2-TR006475
S1-TR012398	S2-TR006476
S1-TR012399	S3-TR006525
S1-TR012400	
S1-TR012401	S2-TR006477
S1-TR012402	
S1-TR012403	S2-TR006478
S1-TR012404	S3-TR006526
S1-TR012405	
S1-TR012406	S2-TR006479
S1-TR012407	S2-TR006480
S1-TR012408	S2-TR006481
S1-TR012409	S3-TR006527
S1-TR012410	S3-TR006528
S1-TR012411	S2-TR006482
S1-TR012412	S2-TR006483,S3-TR006529
S1-TR012413	S2-TR006484,S3-TR006530
S1-TR012414	S2-TR006485,S3-TR006531
S1-TR012415	S2-TR006486,S3-TR006532
S1-TR012416	S3-TR006533
S1-TR012417	S2-TR006487
S1-TR012418	S2-TR006488
S1-TR012419	S2-TR006489
S1-TR012420	
S1-TR012421	S2-TR006490
S1-TR012422	S2-TR006491
S1-TR012423	
S1-TR012424	S2-TR006492,S3-TR006534
S1-TR012425	S2-TR006493
S1-TR012426	S2-TR006494
S1-TR012427	S2-TR006495,S3-TR006535
S1-TR012428	S2-TR006496
S1-TR012429	S3-TR006536
S1-TR012430	S3-TR006537
S1-TR012431	S2-TR006497,S3-TR006538
S1-TR012432	S3-TR006539
S1-TR012433	S2-TR006498
S1-TR012434	S2-TR006499
S1-TR012435	S2-TR006500
S1-TR012436	
S1-TR012437	S2-TR006501
S1-TR012438	S2-TR006502
S1-TR012439	S2-TR006503
S1-TR012440	S2-TR006504
S1-TR012441	S3-TR006540
S1-TR012442	S2-TR006505
S1-TR012443	
S1-TR012444	S3-TR006541
S1-TR012445	S3-TR006542
S1-TR012446	S2-TR006506
S1-TR012447	
S1-TR012448	S3-TR006543
S1-TR012449	
S1-TR012450	S3-TR006544
S1-TR012451	
S1-TR012452	S2-TR006507
S1-TR012453	S2-TR006508
S1-TR012454	
S1-TR012455	S2-TR006509
S1-TR012456	S2-TR006510,S3-TR006545
S1-TR012457	
S1-TR012458	S3-TR006546
S1-TR012459	
S1-TR012460	S2-TR006511,S3-TR006547
S1-TR012461	S2-TR006512,S3-TR006548
S1-TR012462	S3-TR006549
S1-TR012463	S2-TR006513
S1-TR012464	S3-TR006550
S1-TR012465	S3-TR006551
S1-TR012466	S2-TR006514,S3-TR006552
S1-TR012467	
S1-TR012468	
S1-TR012469	S3-TR006553
S1-TR012470	S2-TR006515,S3-TR006554
S1-TR012471	S3-TR006555
S1-TR012472	S2-TR006516
S1-TR012473	S3-TR006556
S1-TR012474	S3-TR006557
S1-TR012475	S2-TR006517
S1-TR012476	S2-TR006518,S3-TR006558
S1-TR012477	
S1-TR012478	S2-TR006519,S3-TR006559
S1-TR012479	S2-TR006520
S1-TR012480	S2-TR006521
S1-TR012481	
S1-TR012482	S2-TR006522,S3-TR006560
S1-TR012483	S2-TR006523,S3-TR006561
S1-TR012484	S2-TR006524,S3-TR006562
S1-TR012485	S3-TR006563
S1-TR012486	S2-TR006525,S3-TR006564
S1-TR012487	S3-TR006565
S1-TR012488	S2-TR006526,S3-TR006566
S1-TR012489	
S1-TR012490	S2-TR006527
S1-TR012491	
S1-TR012492	S3-TR006567
S1-TR012493	S2-TR006528
S1-TR012494	S3-TR006568
S1-TR012495	S2-TR006529
S1-TR012496	
S1-TR012497	S2-TR006530,S3-TR006569
S1-TR012498	S3-TR006570
S1-TR012499	S2-TR006531,S3-TR006571
S1-TR012500	S2-TR006532,S3-TR006572
S1-TR012501	S2-TR006533,S3-TR006573
S1-TR012502	S2-TR006534,S3-TR006574
S1-TR012503	S2-TR006535
S1-TR012504	S2-TR006536,S3-TR006575
S1-TR012505	S2-TR006537
S1-TR012506	S3-TR006576
S1-TR012507	S2-TR006538,S3-TR006577
S1-TR012508	
S1-TR012509	S2-TR006539
S1-TR012510	
S1-TR012511	
S1-TR012512	S3-TR006578
S1-TR012513	S2-TR006540,S3-TR006579
S1-TR012514	S2-TR006541
S1-TR012515	S2-TR006542,S3-TR006580
S1-TR012516	S2-TR006543,S3-TR006581
S1-TR012517	S2-TR006544
S1-TR012518	S2-TR006545,S3-TR006582
S1-TR012519	S3-TR006583
S1-TR012520	S3-TR006584
S1-TR012521	S3-TR006585
S1-TR012522	S3-TR006586
S1-TR012523	S3-TR006587
S1-TR012524	
S1-TR012525	S2-TR006546,S3-TR006588
S1-TR012526	S2-TR006547
S1-TR012527	S3-TR006589
S1-TR012528	S2-TR006548,S3-TR006590
S1-TR012529	
S1-TR012530	S2-TR006549
S1-TR012531	S3-TR006591
S1-TR012532	S2-TR006550,S3-TR006592
S1-TR012533	S3-TR006593
S1-TR012534	
S1-TR012535	S2-TR006551
S1-TR012536	S2-TR006552,S3-TR006594
S1-TR012537	S2-TR006553
S1-TR012538	S3-TR006595
S1-TR012539	S2-TR006554,S3-TR006596
S1-TR012540	S3-TR006597
S1-TR012541	S2-TR006555,S3-TR006598
S1-TR012542	S2-TR006556,S3-TR006599
S1-TR012543	S3-TR006600
S1-TR012544	S2-TR006557,S3-TR006601
S1-TR012545	S2-TR006558,S3-TR006602
S1-TR012546	
S1-TR012547	S2-TR006559,S3-TR006603
S1-TR012548	S2-TR006560
S1-TR012549	S3-TR006604
S1-TR012550	S3-TR006605
S1-TR012551	S2-TR006561
S1-TR012552	S2-TR006562,S3-TR006606
S1-TR012553	S2-TR006563,S3-TR006607
S1-TR012554	
S1-TR012555	S3-TR006608
S1-TR012556	S2-TR006564
S1-TR012557	S3-TR006609
S1-TR012558	S2-TR006565,S3-TR006610
S1-TR012559	S3-TR006611
S1-TR012560	
S1-TR012561	S2-TR006566,S3-TR006612
S1-TR012562	S2-TR006567,S3-TR006613
S1-TR012563	S3-TR006614
S1-TR012564	S2-TR006568,S3-TR006615
S1-TR012565	S2-TR006569,S3-TR006616
S1-TR012566	
S1-TR012567	S2-TR006570,S3-TR006617
S1-TR012568	S2-TR006571
S1-TR012569	S2-TR006572
S1-TR012570	S2-TR006573,S3-TR006618
S1-TR012571	S2-TR006574
S1-TR012572	
S1-TR012573	
S1-TR012574	
S1-TR012575	S2-TR006575,S3-TR006619
S1-TR012576	S3-TR006620
S1-TR012577	S3-TR006621
S1-TR012578	S3-TR006622
S1-TR012579	S3-TR006623
S1-TR012580	S2-TR006576,S3-TR006624
S1-TR012581	
S1-TR012582	S2-TR006577,S3-TR006625
S1-TR012583	S2-TR006578,S3-TR006626
S1-TR012584	S3-TR006627
S1-TR012585	
S1-TR012586	S2-TR006579
S1-TR012587	S2-TR006580
S1-TR012588	
S1-TR012589	S2-TR006581,S3-TR006628
S1-TR012590	S2-TR006582,S3-TR006629
S1-TR012591	S2-TR006583
S1-TR012592	S2-TR006584,S3-TR006630
S1-TR012593	S2-TR006585,S3-TR006631
S1-TR012594	S2-TR006586
S1-TR012595	
S1-TR012596	S2-TR006587,S3-TR006632
S1-TR012597	S2-TR006588
S1-TR012598	S2-TR006589,S3-TR006633
S1-TR012599	S3-TR006634
S1-TR012600	S2-TR006590
S1-TR012601	
S1-TR012602	S2-TR006591,S3-TR006635
S1-TR012603	S2-TR006592,S3-TR006636
S1-TR012604	S3-TR006637
S1-TR012605	S2-TR006593
S1-TR012606	S3-TR006638
S1-TR012607	
S1-TR012608	S3-TR006639
S1-TR012609	S3-TR006640
S1-TR012610	S3-TR006641
S1-TR012611	S3-TR006642
S1-TR012612	S3-TR006643
S1-TR012613	S3-TR006644
S1-TR012614	S3-TR006645
S1-TR012615	
S1-TR012616	S3-TR006646
S1-TR012617	S3-TR006647
S1-TR012618	S3-TR006648
S1-TR012619	S3-TR006649
S1-TR012620	S2-TR006594,S3-TR006650
S1-TR012621	S3-TR006651
S1-TR012622	S2-TR006595,S3-TR006652
S1-TR012623	
S1-TR012624	S2-TR006596,S3-TR006653
S1-TR012625	S2-TR006597
S1-TR012626	S2-TR006598
S1-TR012627	S2-TR006599,S3-TR006654
S1-TR012628	
S1-TR012629	
S1-TR012630	S2-TR006600,S3-TR006655
S1-TR012631	
S1-TR012632	S2-TR006601
S1-TR012633	
S1-TR012634	S2-TR006602
S1-TR012635	S3-TR006656
S1-TR012636	S2-TR006603
S1-TR012637	S3-TR006657
S1-TR012638	S3-TR006658
S1-TR012639	
S1-TR012640	S2-TR006604,S3-TR006659
S1-TR012641	S2-TR006605,S3-TR006660
S1-TR012642	S2-TR006606
S1-TR012643	S3-TR006661
S1-TR012644	S2-TR006607,S3-TR006662
S1-TR012645	S2-TR006608
S1-TR012646	S3-TR006663
S1-TR012647	S2-TR006609,S3-TR006664
S1-TR012648	S2-TR006610
S1-TR012649	S3-TR006665
S1-TR012650	S2-TR006611
S1-TR012651	S2-TR006612
S1-TR012652	S3-TR006666
S1-TR012653	
S1-TR012654	S2-TR006613
S1-TR012655	S2-TR006614,S3-TR006667
S1-TR012656	
S1-TR012657	S2-TR006615,S3-TR006668
S1-TR012658	S3-TR006669
S1-TR012659	S2-TR006616,S3-TR006670
S1-TR012660	S2-TR006617,S3-TR006671
S1-TR012661	S2-TR006618,S3-TR006672
S1-TR012662	S3-TR006673
S1-TR012663	S2-TR006619,S3-TR006674
S1-TR012664	
S1-TR012665	S2-TR006620,S3-TR006675
S1-TR012666	S3-TR006676
S1-TR012667	
S1-TR012668	
S1-TR012669	S3-TR006677
S1-TR012670	S3-TR006678
S1-TR012671	S2-TR006621,S3-TR006679
S1-TR012672	S3-TR006680
S1-TR012673	
S1-TR012674	
S1-TR012675	S3-TR006681
S1-TR012676	S2-TR006622,S3-TR006682
S1-TR012677	S2-TR006623
S1-TR012678	S2-TR006624,S3-TR006683
S1-TR012679	S3-TR006684
S1-TR012680	S3-TR006685
S1-TR012681	S2-TR006625,S3-TR006686
S1-TR012682	S2-TR006626
S1-TR012683	
S1-TR012684	S2-TR006627,S3-TR006687
S1-TR012685	S3-TR006688
S1-TR012686	S2-TR006628,S3-TR006689
S1-TR012687	S2-TR006629,S3-TR006690
S1-TR012688	S2-TR006630
S1-TR012689	S2-TR006631,S3-TR006691
S1-TR012690	S2-TR006632,S3-TR006692
S1-TR012691	S2-TR006633
S1-TR012692	S2-TR006634
S1-TR012693	
S1-TR012694	S3-TR006693
S1-TR012695	S2-TR006635,S3-TR006694
S1-TR012696	S2-TR006636,S3-TR006695
S1-TR012697	S2-TR006637
S1-TR012698	S2-TR006638,S3-TR006696
S1-TR012699	
S1-TR012700	S2-TR006639,S3-TR006697
S1-TR012701	S2-TR006640,S3-TR006698
S1-TR012702	S3-TR006699
S1-TR012703	
S1-TR012704	S3-TR006700
S1-TR012705	S2-TR006641
S1-TR012706	S2-TR006642,S3-TR006701
S1-TR012707	S3-TR006702
S1-TR012708	S2-TR006643,S3-TR006703
S1-TR012709	S3-TR006704
S1-TR012710	S2-TR006644,S3-TR006705
S1-TR012711	S2-TR006645,S3-TR006706
S1-TR012712	S3-TR006707
S1-TR012713	
S1-TR012714	
S1-TR012715	S2-TR006646
S1-TR012716	S2-TR006647
S1-TR012717	
S1-TR012718	S2-TR006648,S3-TR006708
S1-TR012719	S2-TR006649
S1-TR012720	
S1-TR012721	S2-TR006650,S3-TR006709
S1-TR012722	
S1-TR012723	S2-TR006651
S1-TR012724	
S1-TR012725	S2-TR006652
S1-TR012726	S3-TR006710
S1-TR012727	S3-TR006711
S1-TR012728	S2-TR006653
S1-TR012729	S2-TR006654,S3-TR006712
S1-TR012730	
S1-TR012731	S3-TR006713
S1-TR012732	S2-TR006655
S1-TR012733	S2-TR006656
S1-TR012734	S2-TR006657,S3-TR006714
S1-TR012735	
S1-TR012736	S2-TR006658,S3-TR006715
S1-TR012737	S2-TR006659
S1-TR012738	S3-TR006716
S1-TR012739	
S1-TR012740	S3-TR006717
S1-TR012741	S2-TR006660,S3-TR006718
S1-TR012742	S2-TR006661,S3-TR006719
S1-TR012743	S2-TR006662,S3-TR006720
S1-TR012744	S2-TR006663
S1-TR012745	
S1-TR012746	
S1-TR012747	S3-TR006721
S1-TR012748	S2-TR006664,S3-TR006722
S1-TR012749	S3-TR006723
S1-TR012750	S3-TR006724
S1-TR012751	S2-TR006665,S3-TR006725
S1-TR012752	S3-TR006726
S1-TR012753	S3-TR006727
S1-TR012754	S2-TR006666
S1-TR012755	S3-TR006728
S1-TR012756	S2-TR006667
S1-TR012757	
S1-TR012758	S2-TR006668,S3-TR006729
S1-TR012759	S2-TR006669,S3-TR006730
S1-TR012760	S2-TR006670
S1-TR012761	S2-TR006671
S1-TR012762	S2-TR006672,S3-TR006731
S1-TR012763	S2-TR006673
S1-TR012764	S3-TR006732
S1-TR012765	S3-TR006733
S1-TR012766	S2-TR006674,S3-TR006734
S1-TR012767	S2-TR006675,S3-TR006735
S1-TR012768	S3-TR006736
S1-TR012769	S2-TR006676,S3-TR006737
S1-TR012770	S3-TR006738
S1-TR012771	S3-TR006739
S1-TR012772	S2-TR006677
S1-TR012773	S2-TR006678
S1-TR012774	S2-TR006679,S3-TR006740
S1-TR012775	
S1-TR012776	S3-TR006741
S1-TR012777	S3-TR006742
S1-TR012778	S2-TR006680
S1-TR012779	S3-TR006743
S1-TR012780	
S1-TR012781	S2-TR006681,S3-TR006744
S1-TR012782	S2-TR006682
S1-TR012783	
S1-TR012784	S2-TR006683
S1-TR012785	S3-TR006745
S1-TR012786	S2-TR006684
S1-TR012787	S2-TR006685,S3-TR006746
S1-TR012788	S2-TR006686,S3-TR006747
S1-TR012789	S2-TR006687
S1-TR012790	S2-TR006688
S1-TR012791	S3-TR006748
S1-TR012792	S2-TR006689,S3-TR006749
S1-TR012793	S2-TR006690,S3-TR006750
S1-TR012794	S2-TR006691,S3-TR006751
S1-TR012795	S2-TR006692
S1-TR012796	S3-TR006752
S1-TR012797	
S1-TR012798	S3-TR006753
S1-TR012799	S2-TR006693
S1-TR012800	S2-TR006694
S1-TR012801	
S1-TR012802	S3-TR006754
S1-TR012803	S2-TR006695,S3-TR006755
S1-TR012804	S3-TR006756
S1-TR012805	S2-TR006696,S3-TR006757
S1-TR012806	S3-TR006758
S1-TR012807	
S1-TR012808	S3-TR006759
S1-TR012809	S2-TR006697
S1-TR012810	S3-TR006760
S1-TR012811	S3-TR006761
S1-TR012812	S2-TR006698
S1-TR012813	S2-TR006699,S3-TR006762
S1-TR012814	S3-TR006763
S1-TR012815	S2-TR006700,S3-TR006764
S1-TR012816	
S1-TR012817	S2-TR006701
S1-TR012818	S2-TR006702
S1-TR012819	S3-TR006765
S1-TR012820	S2-TR006703
S1-TR012821	S2-TR006704
S1-TR012822	S2-TR006705
S1-TR012823	S2-TR006706,S3-TR006766
S1-TR012824	S2-TR006707,S3-TR006767
S1-TR012825	S2-TR006708,S3-TR006768
S1-TR012826	S2-TR006709,S3-TR006769
S1-TR012827	S2-TR006710
S1-TR012828	
S1-TR012829	S2-TR006711,S3-TR006770
S1-TR012830	
S1-TR012831	S2-TR006712
S1-TR012832	
S1-TR012833	S3-TR006771
S1-TR012834	
S1-TR012835	
S1-TR012836	S3-TR006772
S1-TR012837	S2-TR006713,S3-TR006773
S1-TR012838	S3-TR006774
S1-TR012839	S2-TR006714
S1-TR012840	S2-TR006715
S1-TR012841	
S1-TR012842	S2-TR006716,S3-TR006775
S1-TR012843	S2-TR006717,S3-TR006776
S1-TR012844	S2-TR006718
S1-TR012845	S2-TR006719,S3-TR006777
S1-TR012846	
S1-TR012847	S2-TR006720
S1-TR012848	S3-TR006778
S1-TR012849	S3-TR006779
S1-TR012850	
S1-TR012851	S2-TR006721
S1-TR012852	S2-TR006722,S3-TR006780
S1-TR012853	S3-TR006781
S1-TR012854	S3-TR006782
S1-TR012855	S2-TR006723,S3-TR006783
S1-TR012856	S2-TR006724,S3-TR006784
S1-TR012857	S3-TR006785
S1-TR012858	S3-TR006786
S1-TR012859	S2-TR006725,S3-TR006787
S1-TR012860	S3-TR006788
S1-TR012861	
S1-TR012862	
S1-TR012863	S3-TR006789
S1-TR012864	S3-TR006790
S1-TR012865	S2-TR006726
S1-TR012866	S2-TR006727,S3-TR006791
S1-TR012867	S2-TR006728
S1-TR012868	S2-TR006729,S3-TR006792
S1-TR012869	S3-TR006793
S1-TR012870	S3-TR006794
S1-TR012871	S3-TR006795
S1-TR012872	
S1-TR012873	S2-TR006730,S3-TR006796
S1-TR012874	S3-TR006797
S1-TR012875	S3-TR006798
S1-TR012876	S3-TR006799
S1-TR012877	S2-TR006731,S3-TR006800
S1-TR012878	S3-TR006801
S1-TR012879	
S1-TR012880	S3-TR006802
S1-TR012881	S2-TR006732
S1-TR012882	
S1-TR012883	S2-TR006733
S1-TR012884	S3-TR006803
S1-TR012885	S3-TR006804
S1-TR012886	S2-TR006734
S1-TR012887	S2-TR006735,S3-TR006805
S1-TR012888	S2-TR006736,S3-TR006806
S1-TR012889	S2-TR006737
S1-TR012890	
S1-TR012891	S2-TR006738,S3-TR006807
S1-TR012892	S2-TR006739,S3-TR006808
S1-TR012893	S2-TR006740,S3-TR006809
S1-TR012894	S3-TR006810
S1-TR012895	S2-TR006741,S3-TR006811
S1-TR012896	
S1-TR012897	S2-TR006742
S1-TR012898	
S1-TR012899	
S1-TR012900	
S1-TR012901	S2-TR006743
S1-TR012902	
S1-TR012903	S2-TR006744
S1-TR012904	
S1-TR012905	S3-TR006812
S1-TR012906	S2-TR006745,S3-TR006813
S1-TR012907	S2-TR006746,S3-TR006814
S1-TR012908	S2-TR006747,S3-TR006815
S1-TR012909	S2-TR006748
S1-TR012910	
S1-TR012911	S3-TR006816
S1-TR012912	S2-TR006749,S3-TR006817
S1-TR012913	S2-TR006750
S1-TR012914	S2-TR006751
S1-TR012915	S3-TR006818
S1-TR012916	S2-TR006752
S1-TR012917	S2-TR006753,S3-TR006819
S1-TR012918	
S1-TR012919	S2-TR006754,S3-TR006820
S1-TR012920	S3-TR006821
S1-TR012921	
S1-TR012922	S3-TR006822
S1-TR012923	S3-TR006823
S1-TR012924	S2-TR006755
S1-TR012925	S3-TR006824
S1-TR012926	S2-TR006756
S1-TR012927	S2-TR006757,S3-TR006825
S1-TR012928	S3-TR006826
S1-TR012929	S3-TR006827
S1-TR012930	S3-TR006828
S1-TR012931	S3-TR006829
S1-TR012932	S3-TR006830
S1-TR012933	
S1-TR012934	S3-TR006831
S1-TR012935	S2-TR006758
S1-TR012936	S2-TR006759,S3-TR006832
S1-TR012937	S2-TR006760
S1-TR012938	S2-TR006761
S1-TR012939	
S1-TR012940	S2-TR006762
S1-TR012941	S2-TR006763
S1-TR012942	S2-TR006764
S1-TR012943	S2-TR006765,S3-TR006833
S1-TR012944	S2-TR006766
S1-TR012945	S2-TR006767
S1-TR012946	S2-TR006768,S3-TR006834
S1-TR012947	S2-TR006769,S3-TR006835
S1-TR012948	S2-TR006770,S3-TR006836
S1-TR012949	
S1-TR012950	S3-TR006837
S1-TR012951	S3-TR006838
S1-TR012952	S2-TR006771,S3-TR006839
S1-TR012953	
S1-TR012954	S2-TR006772
S1-TR012955	S3-TR006840
S1-TR012956	S3-TR006841
S1-TR012957	S2-TR006773,S3-TR006842
S1-TR012958	
S1-TR012959	S2-TR006774
S1-TR012960	S3-TR006843
S1-TR012961	S2-TR006775
S1-TR012962	S2-TR006776,S3-TR006844
S1-TR012963	S2-TR006777,S3-TR006845
S1-TR012964	S2-TR006778
S1-TR012965	S2-TR006779
S1-TR012966	S2-TR006780
S1-TR012967	S2-TR006781,S3-TR006846
S1-TR012968	S2-TR006782,S3-TR006847
S1-TR012969	S2-TR006783,S3-TR006848
S1-TR012970	S3-TR006849
S1-TR012971	S3-TR006850
S1-TR012972	
S1-TR012973	S2-TR006784
S1-TR012974	S2-TR006785
S1-TR012975	S3-TR006851
S1-TR012976	S2-TR006786,S3-TR006852
S1-TR012977	S2-TR006787
S1-TR012978	S2-TR006788
S1-TR012979	S2-TR006789
S1-TR012980	S3-TR006853
S1-TR012981	S2-TR006790,S3-TR006854
S1-TR012982	S3-TR006855
S1-TR012983	S3-TR006856
S1-TR012984	S2-TR006791,S3-TR006857
S1-TR012985	S3-TR006858
S1-TR012986	S2-TR006792
S1-TR012987	S2-TR006793
S1-TR012988	S3-TR006859
S1-TR012989	S2-TR006794,S3-TR006860
S1-TR012990	S3-TR006861
S1-TR012991	S2-TR006795
S1-TR012992	S3-TR006862
S1-TR012993	S2-TR006796,S3-TR006863
S1-TR012994	
S1-TR012995	S2-TR006797,S3-TR006864
S1-TR012996	S2-TR006798,S3-TR006865
S1-TR012997	S3-TR006866
S1-TR012998	S3-TR006867
S1-TR012999	S2-TR006799,S3-TR006868
S1-TR013000	
S1-TR013001	S3-TR006869
S1-TR013002	S3-TR006870
S1-TR013003	S2-TR006800,S3-TR006871
S1-TR013004	S2-TR006801
S1-TR013005	S2-TR006802
S1-TR013006	S3-TR006872
S1-TR013007	S2-TR006803,S3-TR006873
S1-TR013008	S3-TR006874
S1-TR013009	S2-TR006804
S1-TR013010	S2-TR006805
S1-TR013011	S2-TR006806,S3-TR006875
S1-TR013012	S2-TR006807,S3-TR006876
S1-TR013013	
S1-TR013014	
S1-TR013015	S2-TR006808,S3-TR006877
S1-TR013016	S2-TR006809
S1-TR013017	S3-TR006878
S1-TR013018	S2-TR006810
S1-TR013019	S3-TR006879
S1-TR013020	S2-TR006811,S3-TR006880
S1-TR013021	
S1-TR013022	S2-TR006812
S1-TR013023	S3-TR006881
S1-TR013024	S2-TR006813
S1-TR013025	S2-TR006814
S1-TR013026	S2-TR006815
S1-TR013027	S2-TR006816,S3-TR006882
S1-TR013028	S2-TR006817,S3-TR006883
S1-TR013029	S2-TR006818
S1-TR013030	S2-TR006819
S1-TR013031	S2-TR006820,S3-TR006884
S1-TR013032	S2-TR006821
S1-TR013033	
S1-TR013034	S2-TR006822,S3-TR006885
S1-TR013035	S2-TR006823
S1-TR013036	S2-TR006824,S3-TR006886
S1-TR013037	S3-TR006887
S1-TR013038	S2-TR006825
S1-TR013039	S3-TR006888
S1-TR013040	S2-TR006826
S1-TR013041	S2-TR006827,S3-TR006889
S1-TR013042	S3-TR006890
S1-TR013043	S2-TR006828,S3-TR006891
S1-TR013044	S2-TR006829,S3-TR006892
S1-TR013045	S2-TR006830
S1-TR013046	S2-TR006831
S1-TR013047	S2-TR006832
S1-TR013048	
S1-TR013049	S3-TR006893
S1-TR013050	S3-TR006894
S1-TR013051	S2-TR006833,S3-TR006895
S1-TR013052	S2-TR006834
S1-TR013053	S2-TR006835
S1-TR013054	S2-TR006836
S1-TR013055	S2-TR006837,S3-TR006896
S1-TR013056	
S1-TR013057	S3-TR006897
S1-TR013058	S2-TR006838
S1-TR013059	S2-TR006839,S3-TR006898
S1-TR013060	S2-TR006840
S1-TR013061	S3-TR006899
S1-TR013062	S2-TR006841,S3-TR006900
S1-TR013063	S2-TR006842
S1-TR013064	S2-TR006843
S1-TR013065	S2-TR006844,S3-TR006901
S1-TR013066	S3-TR006902
S1-TR013067	S2-TR006845,S3-TR006903
S1-TR013068	S3-TR006904
S1-TR013069	
S1-TR013070	S2-TR006846
S1-TR013071	S2-TR006847,S3-TR006905
S1-TR013072	S3-TR006906
S1-TR013073	S2-TR006848
S1-TR013074	S2-TR006849
S1-TR013075	S2-TR006850
S1-TR013076	
S1-TR013077	S3-TR006907
S1-TR013078	
S1-TR013079	S3-TR006908
S1-TR013080	S2-TR006851
S1-TR013081	S3-TR006909
S1-TR013082	
S1-TR013083	
S1-TR013084	S2-TR006852,S3-TR006910
S1-TR013085	S3-TR006911
S1-TR013086	S3-TR006912
S1-TR013087	S3-TR006913
S1-TR013088	
S1-TR013089	S2-TR006853
S1-TR013090	
S1-TR013091	S3-TR006914
S1-TR013092	S2-TR006854
S1-TR013093	S3-TR006915
S1-TR013094	S2-TR006855
S1-TR013095	S2-TR006856
S1-TR013096	S2-TR006857,S3-TR006916
S1-TR013097	S2-TR006858,S3-TR006917
S1-TR013098	
S1-TR013099	S3-TR006918
S1-TR013100	S2-TR006859,S3-TR006919
S1-TR013101	S2-TR006860
S1-TR013102	S2-TR006861
S1-TR013103	
S1-TR013104	S3-TR006920
S1-TR013105	
S1-TR013106	S2-TR006862
S1-TR013107	
S1-TR013108	S3-TR006921
S1-TR013109	S2-TR006863
S1-TR013110	S2-TR006864
S1-TR013111	S2-TR006865
S1-TR013112	S2-TR006866
S1-TR013113	S2-TR006867
S1-TR013114	S2-TR006868
S1-TR013115	
S1-TR013116	S3-TR006922
S1-TR013117	S3-TR006923
S1-TR013118	S3-TR006924
S1-TR013119	
S1-TR013120	
S1-TR013121	S2-TR006869,S3-TR006925
S1-TR013122	S2-TR006870
S1-TR013123	S3-TR006926
S1-TR013124	S3-TR006927
S1-TR013125	S3-TR006928
S1-TR013126	S2-TR006871
S1-TR013127	S3-TR006929
S1-TR013128	S2-TR006872
S1-TR013129	
S1-TR013130	S2-TR006873,S3-TR006930
S1-TR013131	S2-TR006874
S1-TR013132	S3-TR006931
S1-TR013133	S3-TR006932
S1-TR013134	S2-TR006875
S1-TR013135	
S1-TR013136	S3-TR006933
S1-TR013137	
S1-TR013138	
S1-TR013139	S2-TR006876
S1-TR013140	S2-TR006877
S1-TR013141	S2-TR006878
S1-TR013142	S2-TR006879,S3-TR006934
S1-TR013143	S2-TR006880,S3-TR006935
S1-TR013144	S3-TR006936
S1-TR013145	S2-TR006881
S1-TR013146	
S1-TR013147	S3-TR006937
S1-TR013148	S2-TR006882
S1-TR013149	S2-TR006883
S1-TR013150	S3-TR006938
S1-TR013151	S2-TR006884,S3-TR006939
S1-TR013152	S3-TR006940
S1-TR013153	S2-TR006885
S1-TR013154	S2-TR006886
S1-TR013155	S2-TR006887,S3-TR006941
S1-TR013156	S2-TR006888
S1-TR013157	
S1-TR013158	
S1-TR013159	
S1-TR013160	S2-TR006889
S1-TR013161	S3-TR006942
S1-TR013162	
S1-TR013163	S3-TR006943
S1-TR013164	S3-TR006944
S1-TR013165	S3-TR006945
S1-TR013166	S3-TR006946
S1-TR013167	S2-TR006890
S1-TR013168	
S1-TR013169	S2-TR006891,S3-TR006947
S1-TR013170	S2-TR006892
S1-TR013171	S3-TR006948
S1-TR013172	S3-TR006949
S1-TR013173	S3-TR006950
S1-TR013174	S2-TR006893,S3-TR006951
S1-TR013175	S2-TR006894,S3-TR006952
S1-TR013176	S3-TR006953
S1-TR013177	S3-TR006954
S1-TR013178	
S1-TR013179	S2-TR006895
S1-TR013180	S2-TR006896
S1-TR013181	S3-TR006955
S1-TR013182	S2-TR006897,S3-TR006956
S1-TR013183	S2-TR006898
S1-TR013184	S2-TR006899,S3-TR006957
S1-TR013185	S2-TR006900
S1-TR013186	
S1-TR013187	S2-TR006901,S3-TR006958
S1-TR013188	S3-TR006959
S1-TR013189	S2-TR006902,S3-TR006960
S1-TR013190	S2-TR006903
S1-TR013191	S3-TR006961
S1-TR013192	S2-TR006904
S1-TR013193	S2-TR006905
S1-TR013194	S2-TR006906,S3-TR006962
S1-TR013195	S2-TR006907
S1-TR013196	S3-TR006963
S1-TR013197	S3-TR006964
S1-TR013198	S3-TR006965
S1-TR013199	S2-TR006908
S1-TR013200	S2-TR006909,S3-TR006966
S1-TR013201	
S1-TR013202	S2-TR006910,S3-TR006967
S1-TR013203	
S1-TR013204	
S1-TR013205	
S1-TR013206	S2-TR006911
S1-TR013207	S2-TR006912
S1-TR013208	S2-TR006913
S1-TR013209	S3-TR006968
S1-TR013210	S2-TR006914,S3-TR006969
S1-TR013211	S2-TR006915
S1-TR013212	
S1-TR013213	S2-TR006916
S1-TR013214	S2-TR006917,S3-TR006970
S1-TR013215	S2-TR006918
S1-TR013216	S3-TR006971
S1-TR013217	
S1-TR013218	S2-TR006919
S1-TR013219	
S1-TR013220	S2-TR006920,S3-TR006972
S1-TR013221	S2-TR006921,S3-TR006973
S1-TR013222	
S1-TR013223	S3-TR006974
S1-TR013224	
S1-TR013225	S3-TR006975
S1-TR013226	S3-TR006976
S1-TR013227	S2-TR006922,S3-TR006977
S1-TR013228	S3-TR006978
S1-TR013229	S3-TR006979
S1-TR013230	
S1-TR013231	S2-TR006923,S3-TR006980
S1-TR013232	S2-TR006924
S1-TR013233	
S1-TR013234	S2-TR006925
S1-TR013235	S3-TR006981
S1-TR013236	S2-TR006926
S1-TR013237	S3-TR006982
S1-TR013238	S3-TR006983
S1-TR013239	S2-TR006927,S3-TR006984
S1-TR013240	
S1-TR013241	S3-TR006985
S1-TR013242	S3-TR006986
S1-TR013243	S2-TR006928
S1-TR013244	S2-TR006929,S3-TR006987
S1-TR013245	S2-TR006930
S1-TR013246	S2-TR006931,S3-TR006988
S1-TR013247	S2-TR006932,S3-TR006989
S1-TR013248	
S1-TR013249	S2-TR006933,S3-TR006990
S1-TR013250	S3-TR006991
S1-TR013251	S3-TR006992
S1-TR013252	S2-TR006934
S1-TR013253	S2-TR006935,S3-TR006993
S1-TR013254	
S1-TR013255	S2-TR006936
S1-TR013256	S2-TR006937,S3-TR006994
S1-TR013257	
S1-TR013258	
S1-TR013259	
S1-TR013260	S2-TR006938
S1-TR013261	
S1-TR013262	
S1-TR013263	S2-TR006939,S3-TR006995
S1-TR013264	S2-TR006940,S3-TR006996
S1-TR013265	S3-TR006997
S1-TR013266	S2-TR006941,S3-TR006998
S1-TR013267	S2-TR006942
S1-TR013268	
S1-TR013269	S2-TR006943,S3-TR006999
S1-TR013270	S2-TR006944
S1-TR013271	S3-TR007000
S1-TR013272	S2-TR006945
S1-TR013273	
S1-TR013274	
S1-TR013275	S2-TR006946,S3-TR007001
S1-TR013276	S3-TR007002
S1-TR013277	S3-TR007003
S1-TR013278	S2-TR006947
S1-TR013279	S3-TR007004
S1-TR013280	S2-TR006948
S1-TR013281	
S1-TR013282	S2-TR006949
S1-TR013283	S2-TR006950
S1-TR013284	
S1-TR013285	S2-TR006951,S3-TR007005
S1-TR013286	S3-TR007006
S1-TR013287	S2-TR006952,S3-TR007007
S1-TR013288	S3-TR007008
S1-TR013289	
S1-TR013290	
S1-TR013291	
S1-TR013292	S2-TR006953
S1-TR013293	S3-TR007009
S1-TR013294	S2-TR006954,S3-TR007010
S1-TR013295	S2-TR006955,S3-TR007011
S1-TR013296	S2-TR006956
S1-TR013297	S2-TR006957
S1-TR013298	S2-TR006958
S1-TR013299	S2-TR006959,S3-TR007012
S1-TR013300	
S1-TR013301	S3-TR007013
S1-TR013302	S2-TR006960,S3-TR007014
S1-TR013303	
S1-TR013304	S2-TR006961
S1-TR013305	
S1-TR013306	S2-TR006962
S1-TR013307	S2-TR006963
S1-TR013308	S3-TR007015
S1-TR013309	
S1-TR013310	S3-TR007016
S1-TR013311	S2-TR006964
S1-TR013312	S2-TR006965,S3-TR007017
S1-TR013313	S2-TR006966
S1-TR013314	S2-TR006967,S3-TR007018
S1-TR013315	S2-TR006968,S3-TR007019
S1-TR013316	
S1-TR013317	S2-TR006969,S3-TR007020
S1-TR013318	S3-TR007021
S1-TR013319	
S1-TR013320	
S1-TR013321	S3-TR007022
S1-TR013322	S3-TR007023
S1-TR013323	S3-TR007024
S1-TR013324	
S1-TR013325	S3-TR007025
S1-TR013326	
S1-TR013327	S2-TR006970
S1-TR013328	S3-TR007026
S1-TR013329	
S1-TR013330	
S1-TR013331	S3-TR007027
S1-TR013332	S3-TR007028
S1-TR013333	
S1-TR013334	S2-TR006971
S1-TR013335	S2-TR006972
S1-TR013336	
S1-TR013337	S2-TR006973
S1-TR013338	S3-TR007029
S1-TR013339	S2-TR006974
S1-TR013340	S2-TR006975
S1-TR013341	S2-TR006976,S3-TR007030
S1-TR013342	
S1-TR013343	
S1-TR013344	S2-TR006977
S1-TR013345	S2-TR006978,S3-TR007031
S1-TR013346	
S1-TR013347	S2-TR006979
S1-TR013348	S3-TR007032
S1-TR013349	S2-TR006980,S3-TR007033
S1-TR013350	S2-TR006981,S3-TR007034
S1-TR013351	S3-TR007035
S1-TR013352	
S1-TR013353	S2-TR006982,S3-TR007036
S1-TR013354	
S1-TR013355	S3-TR007037
S1-TR013356	S2-TR006983,S3-TR007038
S1-TR013357	S2-TR006984,S3-TR007039
S1-TR013358	S2-TR006985
S1-TR013359	S2-TR006986
S1-TR013360	S2-TR006987
S1-TR013361	S2-TR006988
S1-TR013362	
S1-TR013363	S3-TR007040
S1-TR013364	S2-TR006989,S3-TR007041
S1-TR013365	
S1-TR013366	S2-TR006990,S3-TR007042
S1-TR013367	S2-TR006991
S1-TR013368	S3-TR007043
S1-TR013369	S2-TR006992,S3-TR007044
S1-TR013370	S3-TR007045
S1-TR013371	S2-TR006993,S3-TR007046
S1-TR013372	
S1-TR013373	
S1-TR013374	S2-TR006994
S1-TR013375	
S1-TR013376	S2-TR006995
S1-TR013377	S2-TR006996
S1-TR013378	S2-TR006997
S1-TR013379	
S1-TR013380	
S1-TR013381	S2-TR006998
S1-TR013382	S2-TR006999
S1-TR013383	S3-TR007047
S1-TR013384	S3-TR007048
S1-TR013385	S3-TR007049
S1-TR013386	S2-TR007000
S1-TR013387	S2-TR007001
S1-TR013388	S3-TR007050
S1-TR013389	S2-TR007002,S3-TR007051
S1-TR013390	S3-TR007052
S1-TR013391	S3-TR007053
S1-TR013392	S2-TR007003
S1-TR013393	S3-TR007054
S1-TR013394	S2-TR007004,S3-TR007055
S1-TR013395	S2-TR007005,S3-TR007056
S1-TR013396	S3-TR007057
S1-TR013397	S2-TR007006
S1-TR013398	S3-TR007058
S1-TR013399	
S1-TR013400	
S1-TR013401	S2-TR007007,S3-TR007059
S1-TR013402	S3-TR007060
S1-TR013403	S3-TR007061
S1-TR013404	S2-TR007008,S3-TR007062
S1-TR013405	S2-TR007009,S3-TR007063
S1-TR013406	S2-TR007010
S1-TR013407	
S1-TR013408	S2-TR007011
S1-TR013409	S2-TR007012
S1-TR013410	S2-TR007013
S1-TR013411	S3-TR007064
S1-TR013412	S3-TR007065
S1-TR013413	S2-TR007014,S3-TR007066
S1-TR013414	S2-TR007015,S3-TR007067
S1-TR013415	
S1-TR013416	S3-TR007068
S1-TR013417	S2-TR007016,S3-TR007069
S1-TR013418	S2-TR007017,S3-TR007070
S1-TR013419	S3-TR007071
S1-TR013420	S2-TR007018
S1-TR013421	
S1-TR013422	S3-TR007072
S1-TR013423	S2-TR007019,S3-TR007073
S1-TR013424	S3-TR007074
S1-TR013425	S3-TR007075
S1-TR013426	S3-TR007076
S1-TR013427	
S1-TR013428	S2-TR007020
S1-TR013429	
S1-TR013430	
S1-TR013431	S3-TR007077
S1-TR013432	S3-TR007078
S1-TR013433	S3-TR007079
S1-TR013434	S3-TR007080
S1-TR013435	S2-TR007021,S3-TR007081
S1-TR013436	S3-TR007082
S1-TR013437	S3-TR007083
S1-TR013438	
S1-TR013439	S2-TR007022
S1-TR013440	S2-TR007023
S1-TR013441	S2-TR007024,S3-TR007084
S1-TR013442	
S1-TR013443	S3-TR007085
S1-TR013444	
S1-TR013445	S3-TR007086
S1-TR013446	S2-TR007025,S3-TR007087
S1-TR013447	S2-TR007026
S1-TR013448	S2-TR007027
S1-TR013449	S2-TR007028
S1-TR013450	S3-TR007088
S1-TR013451	S3-TR007089
S1-TR013452	S2-TR007029,S3-TR007090
S1-TR013453	S3-TR007091
S1-TR013454	S2-TR007030,S3-TR007092
S1-TR013455	S2-TR007031
S1-TR013456	S2-TR007032
S1-TR013457	S2-TR007033
S1-TR013458	S2-TR007034,S3-TR007093
S1-TR013459	S2-TR007035,S3-TR007094
S1-TR013460	S3-TR007095
S1-TR013461	S2-TR007036,S3-TR007096
S1-TR013462	S3-TR007097
S1-TR013463	S3-TR007098
S1-TR013464	
S1-TR013465	S2-TR007037,S3-TR007099
S1-TR013466	
S1-TR013467	S3-TR007100
S1-TR013468	S2-TR007038,S3-TR007101
S1-TR013469	S3-TR007102
S1-TR013470	S2-TR007039
S1-TR013471	S2-TR007040,S3-TR007103
S1-TR013472	S2-TR007041
S1-TR013473	
S1-TR013474	S2-TR007042
S1-TR013475	S2-TR007043
S1-TR013476	S2-TR007044,S3-TR007104
S1-TR013477	S2-TR007045,S3-TR007105
S1-TR013478	
S1-TR013479	S3-TR007106
S1-TR013480	S2-TR007046,S3-TR007107
S1-TR013481	S2-TR007047,S3-TR007108
S1-TR013482	
S1-TR013483	
S1-TR013484	S2-TR007048
S1-TR013485	S3-TR007109
S1-TR013486	S2-TR007049
S1-TR013487	
S1-TR013488	
S1-TR013489	S3-TR007110
S1-TR013490	
S1-TR013491	S2-TR007050,S3-TR007111
S1-TR013492	S2-TR007051,S3-TR007112
S1-TR013493	S2-TR007052
S1-TR013494	S2-TR007053
S1-TR013495	
S1-TR013496	S3-TR007113
S1-TR013497	S3-TR007114
S1-TR013498	
S1-TR013499	S3-TR007115
S1-TR013500	S3-TR007116
S1-TR013501	
S1-TR013502	S2-TR007054,S3-TR007117
S1-TR013503	S2-TR007055
S1-TR013504	S3-TR007118
S1-TR013505	S2-TR007056,S3-TR007119
S1-TR013506	
S1-TR013507	S2-TR007057,S3-TR007120
S1-TR013508	S2-TR007058
S1-TR013509	S2-TR007059,S3-TR007121
S1-TR013510	S3-TR007122
S1-TR013511	S2-TR007060
S1-TR013512	S2-TR007061
S1-TR013513	
S1-TR013514	S2-TR007062
S1-TR013515	S2-TR007063
S1-TR013516	S3-TR007123
S1-TR013517	S2-TR007064
S1-TR013518	S2-TR007065,S3-TR007124
S1-TR013519	S3-TR007125
S1-TR013520	S3-TR007126
S1-TR013521	S3-TR007127
S1-TR013522	S3-TR007128
S1-TR013523	S3-TR007129
S1-TR013524	S3-TR007130
S1-TR013525	S2-TR007066,S3-TR007131
S1-TR013526	S2-TR007067
S1-TR013527	S2-TR007068
S1-TR013528	S2-TR007069,S3-TR007132
S1-TR013529	S3-TR007133
S1-TR013530	S2-TR007070
S1-TR013531	S2-TR007071,S3-TR007134
S1-TR013532	S3-TR007135
S1-TR013533	
S1-TR013534	S2-TR007072,S3-TR007136
S1-TR013535	S2-TR007073
S1-TR013536	S2-TR007074,S3-TR007137
S1-TR013537	S3-TR007138
S1-TR013538	
S1-TR013539	S2-TR007075
S1-TR013540	S2-TR007076,S3-TR007139
S1-TR013541	
S1-TR013542	
S1-TR013543	S3-TR007140
S1-TR013544	S2-TR007077
S1-TR013545	S2-TR007078,S3-TR007141
S1-TR013546	S2-TR007079
S1-TR013547	S2-TR007080,S3-TR007142
S1-TR013548	S3-TR007143
S1-TR013549	S3-TR007144
S1-TR013550	
S1-TR013551	S3-TR007145
S1-TR013552	S3-TR007146
S1-TR013553	S2-TR007081,S3-TR007147
S1-TR013554	
S1-TR013555	
S1-TR013556	
S1-TR013557	S2-TR007082,S3-TR007148
S1-TR013558	S2-TR007083
S1-TR013559	S2-TR007084
S1-TR013560	
S1-TR013561	S2-TR007085,S3-TR007149
S1-TR013562	S2-TR007086,S3-TR007150
S1-TR013563	S3-TR007151
S1-TR013564	
S1-TR013565	S2-TR007087
S1-TR013566	S2-TR007088,S3-TR007152
S1-TR013567	S3-TR007153
S1-TR013568	
S1-TR013569	
S1-TR013570	
S1-TR013571	S2-TR007089,S3-TR007154
S1-TR013572	S2-TR007090
S1-TR013573	S2-TR007091
S1-TR013574	S2-TR007092
S1-TR013575	
S1-TR013576	S2-TR007093,S3-TR007155
S1-TR013577	
S1-TR013578	
S1-TR013579	
S1-TR013580	S2-TR007094,S3-TR007156
S1-TR013581	S2-TR007095,S3-TR007157
S1-TR013582	S3-TR007158
S1-TR013583	S3-TR007159
S1-TR013584	S2-TR007096,S3-TR007160
S1-TR013585	S3-TR007161
S1-TR013586	S2-TR007097
S1-TR013587	S3-TR007162
S1-TR013588	S3-TR007163
S1-TR013589	S2-TR007098,S3-TR007164
S1-TR013590	S2-TR007099,S3-TR007165
S1-TR013591	S2-TR007100,S3-TR007166
S1-TR013592	S3-TR007167
S1-TR013593	
S1-TR013594	S2-TR007101,S3-TR007168
S1-TR013595	S2-TR007102,S3-TR007169
S1-TR013596	S2-TR007103,S3-TR007170
S1-TR013597	
S1-TR013598	S2-TR007104
S1-TR013599	S2-TR007105,S3-TR007171
S1-TR013600	S2-TR007106
S1-TR013601	S2-TR007107
S1-TR013602	S2-TR007108,S3-TR007172
S1-TR013603	S2-TR007109,S3-TR007173
S1-TR013604	S3-TR007174
S1-TR013605	
S1-TR013606	
S1-TR013607	S2-TR007110,S3-TR007175
S1-TR013608	S3-TR007176
S1-TR013609	
S1-TR013610	
S1-TR013611	S3-TR007177
S1-TR013612	S2-TR007111
S1-TR013613	
S1-TR013614	S3-TR007178
S1-TR013615	S3-TR007179
S1-TR013616	S3-TR007180
S1-TR013617	S2-TR007112
S1-TR013618	
S1-TR013619	
S1-TR013620	
S1-TR013621	S2-TR007113,S3-TR007181
S1-TR013622	
S1-TR013623	S2-TR007114
S1-TR013624	S2-TR007115
S1-TR013625	S2-TR007116
S1-TR013626	S2-TR007117,S3-TR007182
S1-TR013627	S2-TR007118
S1-TR013628	S2-TR007119,S3-TR007183
S1-TR013629	S2-TR007120,S3-TR007184
S1-TR013630	
S1-TR013631	S3-TR007185
S1-TR013632	
S1-TR013633	S3-TR007186
S1-TR013634	S2-TR007121
S1-TR013635	S3-TR007187
S1-TR013636	S2-TR007122,S3-TR007188
S1-TR013637	S2-TR007123,S3-TR007189
S1-TR013638	S2-TR007124,S3-TR007190
S1-TR013639	S2-TR007125,S3-TR007191
S1-TR013640	S2-TR007126,S3-TR007192
S1-TR013641	S2-TR007127
S1-TR013642	S3-TR007193
S1-TR013643	S2-TR007128
S1-TR013644	
S1-TR013645	S2-TR007129,S3-TR007194
S1-TR013646	S2-TR007130
S1-TR013647	
S1-TR013648	
S1-TR013649	S3-TR007195
S1-TR013650	S2-TR007131
S1-TR013651	S2-TR007132,S3-TR007196
S1-TR013652	S2-TR007133
S1-TR013653	S2-TR007134
S1-TR013654	
S1-TR013655	S2-TR007135
S1-TR013656	S3-TR007197
S1-TR013657	S3-TR007198
S1-TR013658	S2-TR007136,S3-TR007199
S1-TR013659	S2-TR007137
S1-TR013660	S2-TR007138,S3-TR007200
S1-TR013661	S2-TR007139,S3-TR007201
S1-TR013662	
S1-TR013663	S2-TR007140
S1-TR013664	
S1-TR013665	S2-TR007141
S1-TR013666	
S1-TR013667	
S1-TR013668	
S1-TR013669	S2-TR007142
S1-TR013670	S2-TR007143,S3-TR007202
S1-TR013671	S2-TR007144
S1-TR013672	
S1-TR013673	S2-TR007145,S3-TR007203
S1-TR013674	S2-TR007146,S3-TR007204
S1-TR013675	
S1-TR013676	S2-TR007147,S3-TR007205
S1-TR013677	
S1-TR013678	S2-TR007148
S1-TR013679	S3-TR007206
S1-TR013680	
S1-TR013681	
S1-TR013682	
S1-TR013683	S3-TR007207
S1-TR013684	S3-TR007208
S1-TR013685	S2-TR007149
S1-TR013686	S2-TR007150
S1-TR013687	S3-TR007209
S1-TR013688	S2-TR007151,S3-TR007210
S1-TR013689	S3-TR007211
S1-TR013690	S2-TR007152
S1-TR013691	S2-TR007153
S1-TR013692	
S1-TR013693	S2-TR007154,S3-TR007212
S1-TR013694	
S1-TR013695	S3-TR007213
S1-TR013696	S2-TR007155
S1-TR013697	S2-TR007156,S3-TR007214
S1-TR013698	S3-TR007215
S1-TR013699	S2-TR007157,S3-TR007216
S1-TR013700	S3-TR007217
S1-TR013701	S3-TR007218
S1-TR013702	S3-TR007219
S1-TR013703	S2-TR007158
S1-TR013704	S2-TR007159,S3-TR007220
S1-TR013705	S2-TR007160
S1-TR013706	S2-TR007161
S1-TR013707	S2-TR007162
S1-TR013708	S2-TR007163
S1-TR013709	
S1-TR013710	S2-TR007164
S1-TR013711	S2-TR007165
S1-TR013712	S2-TR007166,S3-TR007221
S1-TR013713	S3-TR007222
S1-TR013714	
S1-TR013715	
S1-TR013716	S2-TR007167,S3-TR007223
S1-TR013717	S2-TR007168
S1-TR013718	
S1-TR013719	S2-TR007169,S3-TR007224
S1-TR013720	
S1-TR013721	S3-TR007225
S1-TR013722	S2-TR007170
S1-TR013723	S3-TR007226
S1-TR013724	S2-TR007171
S1-TR013725	S3-TR007227
S1-TR013726	S2-TR007172,S3-TR007228
S1-TR013727	S2-TR007173
S1-TR013728	S3-TR007229
S1-TR013729	S3-TR007230
S1-TR013730	S2-TR007174,S3-TR007231
S1-TR013731	S2-TR007175
S1-TR013732	
S1-TR013733	S3-TR007232
S1-TR013734	S3-TR007233
S1-TR013735	S2-TR007176
S1-TR013736	S3-TR007234
S1-TR013737	S2-TR007177,S3-TR007235
S1-TR013738	S3-TR007236
S1-TR013739	S3-TR007237
S1-TR013740	S3-TR007238
S1-TR013741	S2-TR007178,S3-TR007239
S1-TR013742	S2-TR007179
S1-TR013743	S2-TR007180
S1-TR013744	S2-TR007181
S1-TR013745	S2-TR007182
S1-TR013746	S2-TR007183
S1-TR013747	
S1-TR013748	S2-TR007184,S3-TR007240
S1-TR013749	S3-TR007241
S1-TR013750	S2-TR007185,S3-TR007242
S1-TR013751	S2-TR007186,S3-TR007243
S1-TR013752	S2-TR007187,S3-TR007244
S1-TR013753	S2-TR007188
S1-TR013754	
S1-TR013755	S3-TR007245
S1-TR013756	S3-TR007246
S1-TR013757	S2-TR007189
S1-TR013758	S2-TR007190,S3-TR007247
S1-TR013759	S2-TR007191,S3-TR007248
S1-TR013760	S2-TR007192
S1-TR013761	S3-TR007249
S1-TR013762	S3-TR007250
S1-TR013763	S2-TR007193
S1-TR013764	
S1-TR013765	S2-TR007194,S3-TR007251
S1-TR013766	
S1-TR013767	S2-TR007195
S1-TR013768	
S1-TR013769	S2-TR007196
S1-TR013770	S2-TR007197
S1-TR013771	S2-TR007198,S3-TR007252
S1-TR013772	S2-TR007199,S3-TR007253
S1-TR013773	S2-TR007200,S3-TR007254
S1-TR013774	S3-TR007255
S1-TR013775	S2-TR007201
S1-TR013776	S2-TR007202,S3-TR007256
S1-TR013777	
S1-TR013778	S2-TR007203,S3-TR007257
S1-TR013779	S2-TR007204
S1-TR013780	
S1-TR013781	S2-TR007205
S1-TR013782	
S1-TR013783	S2-TR007206,S3-TR007258
S1-TR013784	
S1-TR013785	S2-TR007207
S1-TR013786	S2-TR007208
S1-TR013787	
S1-TR013788	S2-TR007209,S3-TR007259
S1-TR013789	S2-TR007210,S3-TR007260
S1-TR013790	S2-TR007211
S1-TR013791	S2-TR007212,S3-TR007261
S1-TR013792	S2-TR007213,S3-TR007262
S1-TR013793	S3-TR007263
S1-TR013794	S2-TR007214,S3-TR007264
S1-TR013795	S2-TR007215,S3-TR007265
S1-TR013796	S2-TR007216
S1-TR013797	S2-TR007217,S3-TR007266
S1-TR013798	S2-TR007218
S1-TR013799	S2-TR007219,S3-TR007267
S1-TR013800	S3-TR007268
S1-TR013801	S2-TR007220
S1-TR013802	S3-TR007269
S1-TR013803	
S1-TR013804	
S1-TR013805	S3-TR007270
S1-TR013806	S3-TR007271
S1-TR013807	S2-TR007221,S3-TR007272
S1-TR013808	S2-TR007222,S3-TR007273
S1-TR013809	S2-TR007223,S3-TR007274
S1-TR013810	
S1-TR013811	S2-TR007224,S3-TR007275
S1-TR013812	S2-TR007225,S3-TR007276
S1-TR013813	S2-TR007226
S1-TR013814	S2-TR007227
S1-TR013815	S3-TR007277
S1-TR013816	S2-TR007228,S3-TR007278
S1-TR013817	S2-TR007229
S1-TR013818	S3-TR007279
S1-TR013819	S3-TR007280
S1-TR013820	
S1-TR013821	S2-TR007230
S1-TR013822	
S1-TR013823	S3-TR007281
S1-TR013824	S2-TR007231
S1-TR013825	S2-TR007232,S3-TR007282
S1-TR013826	S2-TR007233
S1-TR013827	
S1-TR013828	S2-TR007234,S3-TR007283
S1-TR013829	S2-TR007235
S1-TR013830	S2-TR007236,S3-TR007284
S1-TR013831	S2-TR007237,S3-TR007285
S1-TR013832	
S1-TR013833	S2-TR007238,S3-TR007286
S1-TR013834	S2-TR007239
S1-TR013835	S2-TR007240,S3-TR007287
S1-TR013836	S2-TR007241
S1-TR013837	S2-TR007242
S1-TR013838	S3-TR007288
S1-TR013839	S2-TR007243
S1-TR013840	S3-TR007289
S1-TR013841	S3-TR007290
S1-TR013842	S2-TR007244
S1-TR013843	S2-TR007245,S3-TR007291
S1-TR013844	
S1-TR013845	S2-TR007246
S1-TR013846	S2-TR007247,S3-TR007292
S1-TR013847	S3-TR007293
S1-TR013848	S3-TR007294
S1-TR013849	S3-TR007295
S1-TR013850	S2-TR007248
S1-TR013851	
S1-TR013852	
S1-TR013853	S3-TR007296
S1-TR013854	S2-TR007249
S1-TR013855	S2-TR007250,S3-TR007297
S1-TR013856	S3-TR007298
S1-TR013857	
S1-TR013858	
S1-TR013859	S2-TR007251,S3-TR007299
S1-TR013860	S3-TR007300
S1-TR013861	S2-TR007252
S1-TR013862	S3-TR007301
S1-TR013863	S2-TR007253,S3-TR007302
S1-TR013864	
S1-TR013865	S2-TR007254
S1-TR013866	S2-TR007255,S3-TR007303
S1-TR013867	S2-TR007256,S3-TR007304
S1-TR013868	S2-TR007257
S1-TR013869	S3-TR007305
S1-TR013870	S2-TR007258
S1-TR013871	S3-TR007306
S1-TR013872	S2-TR007259
S1-TR013873	S2-TR007260,S3-TR007307
S1-TR013874	
S1-TR013875	S3-TR007308
S1-TR013876	
S1-TR013877	S2-TR007261,S3-TR007309
S1-TR013878	S3-TR007310
S1-TR013879	S2-TR007262
S1-TR013880	S2-TR007263,S3-TR007311
S1-TR013881	S3-TR007312
S1-TR013882	S2-TR007264,S3-TR007313
S1-TR013883	S3-TR007314
S1-TR013884	S2-TR007265,S3-TR007315
S1-TR013885	S3-TR007316
S1-TR013886	S3-TR007317
S1-TR013887	S3-TR007318
S1-TR013888	
S1-TR013889	S2-TR007266
S1-TR013890	
S1-TR013891	S2-TR007267,S3-TR007319
S1-TR013892	S2-TR007268
S1-TR013893	S2-TR007269
S1-TR013894	S3-TR007320
S1-TR013895	S3-TR007321
S1-TR013896	S3-TR007322
S1-TR013897	S2-TR007270
S1-TR013898	S2-TR007271,S3-TR007323
S1-TR013899	S3-TR007324
S1-TR013900	S3-TR007325
S1-TR013901	S2-TR007272
S1-TR013902	S2-TR007273
S1-TR013903	S2-TR007274,S3-TR007326
S1-TR013904	
S1-TR013905	
S1-TR013906	
S1-TR013907	S2-TR007275,S3-TR007327
S1-TR013908	S2-TR007276
S1-TR013909	S2-TR007277
S1-TR013910	S3-TR007328
S1-TR013911	S3-TR007329
S1-TR013912	S2-TR007278
S1-TR013913	S3-TR007330
S1-TR013914	S2-TR007279,S3-TR007331
S1-TR013915	S2-TR007280,S3-TR007332
S1-TR013916	
S1-TR013917	
S1-TR013918	S2-TR007281,S3-TR007333
S1-TR013919	S2-TR007282
S1-TR013920	
S1-TR013921	S2-TR007283,S3-TR007334
S1-TR013922	S2-TR007284
S1-TR013923	S2-TR007285,S3-TR007335
S1-TR013924	S3-TR007336
S1-TR013925	S3-TR007337
S1-TR013926	S2-TR007286
S1-TR013927	
S1-TR013928	S2-TR007287,S3-TR007338
S1-TR013929	S3-TR007339
S1-TR013930	S2-TR007288
S1-TR013931	
S1-TR013932	S3-TR007340
S1-TR013933	S3-TR007341
S1-TR013934	S2-TR007289,S3-TR007342
S1-TR013935	S2-TR007290
S1-TR013936	S2-TR007291,S3-TR007343
S1-TR013937	S2-TR007292
S1-TR013938	
S1-TR013939	S2-TR007293,S3-TR007344
S1-TR013940	S3-TR007345
S1-TR013941	S2-TR007294
S1-TR013942	
S1-TR013943	S2-TR007295
S1-TR013944	
S1-TR013945	S2-TR007296,S3-TR007346
S1-TR013946	S3-TR007347
S1-TR013947	S2-TR007297,S3-TR007348
S1-TR013948	
S1-TR013949	S2-TR007298
S1-TR013950	S2-TR007299,S3-TR007349
S1-TR013951	
S1-TR013952	S3-TR007350
S1-TR013953	
S1-TR013954	S2-TR007300,S3-TR007351
S1-TR013955	S3-TR007352
S1-TR013956	S2-TR007301
S1-TR013957	S2-TR007302,S3-TR007353
S1-TR013958	S2-TR007303,S3-TR007354
S1-TR013959	S2-TR007304,S3-TR007355
S1-TR013960	S2-TR007305,S3-TR007356
S1-TR013961	S3-TR007357
S1-TR013962	S2-TR007306
S1-TR013963	
S1-TR013964	
S1-TR013965	S2-TR007307
S1-TR013966	S2-TR007308
S1-TR013967	S2-TR007309
S1-TR013968	S2-TR007310,S3-TR007358
S1-TR013969	S2-TR007311,S3-TR007359
S1-TR013970	
S1-TR013971	S3-TR007360
S1-TR013972	S3-TR007361
S1-TR013973	S2-TR007312,S3-TR007362
S1-TR013974	S2-TR007313,S3-TR007363
S1-TR013975	S3-TR007364
S1-TR013976	
S1-TR013977	S3-TR007365
S1-TR013978	S3-TR007366
S1-TR013979	S2-TR007314
S1-TR013980	S2-TR007315
S1-TR013981	S2-TR007316
S1-TR013982	S2-TR007317,S3-TR007367
S1-TR013983	S3-TR007368
S1-TR013984	S3-TR007369
S1-TR013985	S2-TR007318,S3-TR007370
S1-TR013986	S2-TR007319,S3-TR007371
S1-TR013987	S2-TR007320
S1-TR013988	S3-TR007372
S1-TR013989	S3-TR007373
S1-TR013990	S2-TR007321,S3-TR007374
S1-TR013991	S2-TR007322,S3-TR007375
S1-TR013992	
S1-TR013993	S2-TR007323,S3-TR007376
S1-TR013994	
S1-TR013995	S2-TR007324
S1-TR013996	S3-TR007377
S1-TR013997	S3-TR007378
S1-TR013998	S2-TR007325
S1-TR013999	
S1-TR014000	S3-TR007379
S1-TR014001	
S1-TR014002	S2-TR007326,S3-TR007380
S1-TR014003	S2-TR007327,S3-TR007381
S1-TR014004	
S1-TR014005	S2-TR007328,S3-TR007382
S1-TR014006	S2-TR007329,S3-TR007383
S1-TR014007	S2-TR007330,S3-TR007384
S1-TR014008	
S1-TR014009	
S1-TR014010	
S1-TR014011	S2-TR007331,S3-TR007385
S1-TR014012	S2-TR007332,S3-TR007386
S1-TR014013	S2-TR007333
S1-TR014014	S3-TR007387
S1-TR014015	S2-TR007334,S3-TR007388
S1-TR014016	S2-TR007335,S3-TR007389
S1-TR014017	
S1-TR014018	S3-TR007390
S1-TR014019	S2-TR007336
S1-TR014020	
S1-TR014021	S3-TR007391
S1-TR014022	S2-TR007337
S1-TR014023	S2-TR007338,S3-TR007392
S1-TR014024	S2-TR007339
S1-TR014025	S3-TR007393
S1-TR014026	S3-TR007394
S1-TR014027	S2-TR007340
S1-TR014028	S3-TR007395
S1-TR014029	S2-TR007341
S1-TR014030	
S1-TR014031	S2-TR007342
S1-TR014032	S3-TR007396
S1-TR014033	S2-TR007343,S3-TR007397
S1-TR014034	S2-TR007344
S1-TR014035	
S1-TR014036	S2-TR007345
S1-TR014037	S2-TR007346
S1-TR014038	S2-TR007347
S1-TR014039	S3-TR007398
S1-TR014040	
S1-TR014041	S2-TR007348
S1-TR014042	S3-TR007399
S1-TR014043	S2-TR007349
S1-TR014044	S2-TR007350,S3-TR007400
S1-TR014045	S2-TR007351
S1-TR014046	S3-TR007401
S1-TR014047	S3-TR007402
S1-TR014048	S3-TR007403
S1-TR014049	
S1-TR014050	S2-TR007352,S3-TR007404
S1-TR014051	
S1-TR014052	S3-TR007405
S1-TR014053	S2-TR007353,S3-TR007406
S1-TR014054	
S1-TR014055	S2-TR007354
S1-TR014056	
S1-TR014057	S3-TR007407
S1-TR014058	S2-TR007355
S1-TR014059	S3-TR007408
S1-TR014060	S3-TR007409
S1-TR014061	S2-TR007356,S3-TR007410
S1-TR014062	
S1-TR014063	
S1-TR014064	S2-TR007357
S1-TR014065	S2-TR007358,S3-TR007411
S1-TR014066	S2-TR007359,S3-TR007412
S1-TR014067	S3-TR007413
S1-TR014068	S3-TR007414
S1-TR014069	S3-TR007415
S1-TR014070	S3-TR007416
S1-TR014071	S3-TR007417
S1-TR014072	S2-TR007360
S1-TR014073	
S1-TR014074	S2-TR007361,S3-TR007418
S1-TR014075	S2-TR007362
S1-TR014076	S2-TR007363,S3-TR007419
S1-TR014077	S2-TR007364,S3-TR007420
S1-TR014078	S2-TR007365
S1-TR014079	S2-TR007366
S1-TR014080	S2-TR007367,S3-TR007421
S1-TR014081	S2-TR007368
S1-TR014082	
S1-TR014083	S2-TR007369,S3-TR007422
S1-TR014084	S3-TR007423
S1-TR014085	S2-TR007370
S1-TR014086	
S1-TR014087	
S1-TR014088	
S1-TR014089	S3-TR007424
S1-TR014090	S3-TR007425
S1-TR014091	S3-TR007426
S1-TR014092	S2-TR007371
S1-TR014093	
S1-TR014094	S2-TR007372
S1-TR014095	
S1-TR014096	S2-TR007373
S1-TR014097	
S1-TR014098	S2-TR007374,S3-TR007427
S1-TR014099	S3-TR007428
S1-TR014100	S2-TR007375,S3-TR007429
S1-TR014101	S2-TR007376,S3-TR007430
S1-TR014102	S2-TR007377
S1-TR014103	S2-TR007378,S3-TR007431
S1-TR014104	
S1-TR014105	S3-TR007432
S1-TR014106	S3-TR007433
S1-TR014107	S3-TR007434
S1-TR014108	S3-TR007435
S1-TR014109	S3-TR007436
S1-TR014110	S2-TR007379,S3-TR007437
S1-TR014111	S2-TR007380
S1-TR014112	S2-TR007381,S3-TR007438
S1-TR014113	S2-TR007382,S3-TR007439
S1-TR014114	S2-TR007383,S3-TR007440
S1-TR014115	S2-TR007384
S1-TR014116	
S1-TR014117	S2-TR007385
S1-TR014118	S2-TR007386,S3-TR007441
S1-TR014119	S3-TR007442
S1-TR014120	S3-TR007443
S1-TR014121	
S1-TR014122	S3-TR007444
S1-TR014123	S2-TR007387,S3-TR007445
S1-TR014124	S2-TR007388,S3-TR007446
S1-TR014125	
S1-TR014126	S2-TR007389
S1-TR014127	
S1-TR014128	S2-TR007390
S1-TR014129	S2-TR007391
S1-TR014130	S3-TR007447
S1-TR014131	S2-TR007392
S1-TR014132	S3-TR007448
S1-TR014133	S2-TR007393
S1-TR014134	S2-TR007394
S1-TR014135	S2-TR007395
S1-TR014136	S2-TR007396,S3-TR007449
S1-TR014137	S2-TR007397
S1-TR014138	
S1-TR014139	S3-TR007450
S1-TR014140	S3-TR007451
S1-TR014141	S2-TR007398
S1-TR014142	S3-TR007452
S1-TR014143	
S1-TR014144	
S1-TR014145	
S1-TR014146	
S1-TR014147	S2-TR007399,S3-TR007453
S1-TR014148	S3-TR007454
S1-TR014149	
S1-TR014150	
S1-TR014151	S2-TR007400,S3-TR007455
S1-TR014152	S2-TR007401
S1-TR014153	S3-TR007456
S1-TR014154	S2-TR007402,S3-TR007457
S1-TR014155	S2-TR007403
S1-TR014156	S2-TR007404
S1-TR014157	S3-TR007458
S1-TR014158	S2-TR007405
S1-TR014159	S3-TR007459
S1-TR014160	S2-TR007406,S3-TR007460
S1-TR014161	S3-TR007461
S1-TR014162	S3-TR007462
S1-TR014163	
S1-TR014164	S2-TR007407,S3-TR007463
S1-TR014165	S2-TR007408,S3-TR007464
S1-TR014166	S2-TR007409,S3-TR007465
S1-TR014167	S2-TR007410
S1-TR014168	S3-TR007466
S1-TR014169	S3-TR007467
S1-TR014170	
S1-TR014171	
S1-TR014172	S2-TR007411
S1-TR014173	S2-TR007412
S1-TR014174	S3-TR007468
S1-TR014175	
S1-TR014176	S2-TR007413,S3-TR007469
S1-TR014177	
S1-TR014178	S2-TR007414
S1-TR014179	S2-TR007415,S3-TR007470
S1-TR014180	S3-TR007471
S1-TR014181	
S1-TR014182	S2-TR007416
S1-TR014183	S2-TR007417
S1-TR014184	S3-TR007472
S1-TR014185	S2-TR007418
S1-TR014186	
S1-TR014187	S2-TR007419
S1-TR014188	S2-TR007420,S3-TR007473
S1-TR014189	
S1-TR014190	
S1-TR014191	S2-TR007421
S1-TR014192	S2-TR007422,S3-TR007474
S1-TR014193	S2-TR007423,S3-TR007475
S1-TR014194	S2-TR007424
S1-TR014195	
S1-TR014196	S2-TR007425,S3-TR007476
S1-TR014197	S2-TR007426
S1-TR014198	
S1-TR014199	S2-TR007427,S3-TR007477
S1-TR014200	S2-TR007428,S3-TR007478
S1-TR014201	S2-TR007429
S1-TR014202	S3-TR007479
S1-TR014203	S2-TR007430,S3-TR007480
S1-TR014204	S2-TR007431,S3-TR007481
S1-TR014205	
S1-TR014206	S3-TR007482
S1-TR014207	S3-TR007483
S1-TR014208	S3-TR007484
S1-TR014209	S3-TR007485
S1-TR014210	S2-TR007432
S1-TR014211	S2-TR007433,S3-TR007486
S1-TR014212	S2-TR007434
S1-TR014213	S2-TR007435,S3-TR007487
S1-TR014214	S3-TR007488
S1-TR014215	S2-TR007436,S3-TR007489
S1-TR014216	S2-TR007437,S3-TR007490
S1-TR014217	
S1-TR014218	S2-TR007438
S1-TR014219	S2-TR007439
S1-TR014220	
S1-TR014221	S3-TR007491
S1-TR014222	S2-TR007440,S3-TR007492
S1-TR014223	
S1-TR014224	S2-TR007441,S3-TR007493
S1-TR014225	S3-TR007494
S1-TR014226	S2-TR007442
S1-TR014227	S2-TR007443
S1-TR014228	S3-TR007495
S1-TR014229	S2-TR007444,S3-TR007496
S1-TR014230	
S1-TR014231	
S1-TR014232	
S1-TR014233	S3-TR007497
S1-TR014234	S3-TR007498
S1-TR014235	S2-TR007445
S1-TR014236	S2-TR007446,S3-TR007499
S1-TR014237	S2-TR007447,S3-TR007500
S1-TR014238	S2-TR007448,S3-TR007501
S1-TR014239	S2-TR007449,S3-TR007502
S1-TR014240	
S1-TR014241	S2-TR007450
S1-TR014242	S2-TR007451,S3-TR007503
S1-TR014243	S3-TR007504
S1-TR014244	
S1-TR014245	
S1-TR014246	S3-TR007505
S1-TR014247	S2-TR007452
S1-TR014248	S3-TR007506
S1-TR014249	S2-TR007453
S1-TR014250	S2-TR007454
S1-TR014251	S2-TR007455,S3-TR007507
S1-TR014252	S2-TR007456,S3-TR007508
S1-TR014253	S3-TR007509
S1-TR014254	S2-TR007457
S1-TR014255	
S1-TR014256	S3-TR007510
S1-TR014257	S3-TR007511
S1-TR014258	S3-TR007512
S1-TR014259	S2-TR007458
S1-TR014260	S2-TR007459
S1-TR014261	S3-TR007513
S1-TR014262	S3-TR007514
S1-TR014263	S2-TR007460,S3-TR007515
S1-TR014264	S2-TR007461,S3-TR007516
S1-TR014265	S3-TR007517
S1-TR014266	
S1-TR014267	S3-TR007518
S1-TR014268	S2-TR007462
S1-TR014269	S2-TR007463
S1-TR014270	S2-TR007464,S3-TR007519
S1-TR014271	S2-TR007465,S3-TR007520
S1-TR014272	S2-TR007466,S3-TR007521
S1-TR014273	S2-TR007467,S3-TR007522
S1-TR014274	
S1-TR014275	S3-TR007523
S1-TR014276	S3-TR007524
S1-TR014277	
S1-TR014278	
S1-TR014279	
S1-TR014280	S2-TR007468,S3-TR007525
S1-TR014281	S3-TR007526
S1-TR014282	S2-TR007469
S1-TR014283	S2-TR007470
S1-TR014284	S3-TR007527
S1-TR014285	S3-TR007528
S1-TR014286	S2-TR007471,S3-TR007529
S1-TR014287	S3-TR007530
S1-TR014288	S2-TR007472,S3-TR007531
S1-TR014289	S3-TR007532
S1-TR014290	S2-TR007473,S3-TR007533
S1-TR014291	S3-TR007534
S1-TR014292	S2-TR007474,S3-TR007535
S1-TR014293	S3-TR007536
S1-TR014294	S2-TR007475
S1-TR014295	S2-TR007476,S3-TR007537
S1-TR014296	S3-TR007538
S1-TR014297	S2-TR007477,S3-TR007539
S1-TR014298	S3-TR007540
S1-TR014299	S2-TR007478
S1-TR014300	
S1-TR014301	S3-TR007541
S1-TR014302	
S1-TR014303	S2-TR007479
S1-TR014304	S3-TR007542
S1-TR014305	S3-TR007543
S1-TR014306	S3-TR007544
S1-TR014307	
S1-TR014308	S2-TR007480,S3-TR007545
S1-TR014309	S3-TR007546
S1-TR014310	S3-TR007547
S1-TR014311	
S1-TR014312	S2-TR007481,S3-TR007548
S1-TR014313	S3-TR007549
S1-TR014314	S3-TR007550
S1-TR014315	S2-TR007482
S1-TR014316	S2-TR007483
S1-TR014317	S2-TR007484,S3-TR007551
S1-TR014318	S2-TR007485,S3-TR007552
S1-TR014319	S3-TR007553
S1-TR014320	S2-TR007486,S3-TR007554
S1-TR014321	S2-TR007487
S1-TR014322	S2-TR007488,S3-TR007555
S1-TR014323	
S1-TR014324	S2-TR007489,S3-TR007556
S1-TR014325	
S1-TR014326	S2-TR007490,S3-TR007557
S1-TR014327	S2-TR007491,S3-TR007558
S1-TR014328	S2-TR007492
S1-TR014329	S2-TR007493
S1-TR014330	
S1-TR014331	S2-TR007494
S1-TR014332	S2-TR007495
S1-TR014333	S3-TR007559
S1-TR014334	S2-TR007496
S1-TR014335	S2-TR007497,S3-TR007560
S1-TR014336	S3-TR007561
S1-TR014337	S2-TR007498,S3-TR007562
S1-TR014338	S3-TR007563
S1-TR014339	S2-TR007499
S1-TR014340	S2-TR007500
S1-TR014341	S3-TR007564
S1-TR014342	S2-TR007501,S3-TR007565
S1-TR014343	S2-TR007502
S1-TR014344	
S1-TR014345	S3-TR007566
S1-TR014346	S3-TR007567
S1-TR014347	S2-TR007503
S1-TR014348	S2-TR007504
S1-TR014349	S2-TR007505,S3-TR007568
S1-TR014350	S2-TR007506
S1-TR014351	S2-TR007507,S3-TR007569
S1-TR014352	S2-TR007508,S3-TR007570
S1-TR014353	S2-TR007509,S3-TR007571
S1-TR014354	S2-TR007510
S1-TR014355	S2-TR007511,S3-TR007572
S1-TR014356	S2-TR007512,S3-TR007573
S1-TR014357	S2-TR007513
S1-TR014358	S3-TR007574
S1-TR014359	
S1-TR014360	S3-TR007575
S1-TR014361	S3-TR007576
S1-TR014362	S3-TR007577
S1-TR014363	S3-TR007578
S1-TR014364	S2-TR007514
S1-TR014365	S2-TR007515,S3-TR007579
S1-TR014366	S2-TR007516
S1-TR014367	S3-TR007580
S1-TR014368	S2-TR007517,S3-TR007581
S1-TR014369	S3-TR007582
S1-TR014370	S2-TR007518,S3-TR007583
S1-TR014371	S2-TR007519
S1-TR014372	S3-TR007584
S1-TR014373	S2-TR007520,S3-TR007585
S1-TR014374	S2-TR007521
S1-TR014375	S2-TR007522
S1-TR014376	S2-TR007523
S1-TR014377	
S1-TR014378	S2-TR007524,S3-TR007586
S1-TR014379	S3-TR007587
S1-TR014380	S2-TR007525
S1-TR014381	
S1-TR014382	
S1-TR014383	
S1-TR014384	S2-TR007526
S1-TR014385	S2-TR007527
S1-TR014386	S3-TR007588
S1-TR014387	S3-TR007589
S1-TR014388	S2-TR007528,S3-TR007590
S1-TR014389	
S1-TR014390	S3-TR007591
S1-TR014391	
S1-TR014392	
S1-TR014393	
S1-TR014394	S2-TR007529,S3-TR007592
S1-TR014395	S3-TR007593
S1-TR014396	
S1-TR014397	S3-TR007594
S1-TR014398	S2-TR007530
S1-TR014399	
S1-TR014400	S2-TR007531,S3-TR007595
S1-TR014401	S2-TR007532,S3-TR007596
S1-TR014402	S3-TR007597
S1-TR014403	
S1-TR014404	S3-TR007598
S1-TR014405	S2-TR007533
S1-TR014406	
S1-TR014407	
S1-TR014408	S2-TR007534
S1-TR014409	S2-TR007535
S1-TR014410	S3-TR007599
S1-TR014411	S2-TR007536
S1-TR014412	S3-TR007600
S1-TR014413	S2-TR007537
S1-TR014414	
S1-TR014415	S2-TR007538
S1-TR014416	S3-TR007601
S1-TR014417	S2-TR007539
S1-TR014418	S2-TR007540,S3-TR007602
S1-TR014419	S3-TR007603
S1-TR014420	S3-TR007604
S1-TR014421	S2-TR007541
S1-TR014422	S3-TR007605
S1-TR014423	S2-TR007542,S3-TR007606
S1-TR014424	S2-TR007543
S1-TR014425	S2-TR007544,S3-TR007607
S1-TR014426	S3-TR007608
S1-TR014427	S2-TR007545,S3-TR007609
S1-TR014428	S2-TR007546
S1-TR014429	
S1-TR014430	
S1-TR014431	S2-TR007547
S1-TR014432	S2-TR007548
S1-TR014433	S2-TR007549
S1-TR014434	
S1-TR014435	S2-TR007550
S1-TR014436	
S1-TR014437	
S1-TR014438	S3-TR007610
S1-TR014439	S3-TR007611
S1-TR014440	S2-TR007551
S1-TR014441	S3-TR007612
S1-TR014442	S3-TR007613
S1-TR014443	S3-TR007614
S1-TR014444	
S1-TR014445	S2-TR007552,S3-TR007615
S1-TR014446	
S1-TR014447	S2-TR007553
S1-TR014448	S2-TR007554
S1-TR014449	S2-TR007555
S1-TR014450	S2-TR007556,S3-TR007616
S1-TR014451	S2-TR007557
S1-TR014452	S2-TR007558
S1-TR014453	S2-TR007559
S1-TR014454	S2-TR007560,S3-TR007617
S1-TR014455	S2-TR007561
S1-TR014456	S2-TR007562
S1-TR014457	S2-TR007563
S1-TR014458	S3-TR007618
S1-TR014459	
S1-TR014460	S2-TR007564,S3-TR007619
S1-TR014461	S3-TR007620
S1-TR014462	
S1-TR014463	S2-TR007565
S1-TR014464	S3-TR007621
S1-TR014465	S2-TR007566
S1-TR014466	
S1-TR014467	S3-TR007622
S1-TR014468	S2-TR007567
S1-TR014469	S2-TR007568,S3-TR007623
S1-TR014470	
S1-TR014471	S3-TR007624
S1-TR014472	S2-TR007569,S3-TR007625
S1-TR014473	S2-TR007570,S3-TR007626
S1-TR014474	S3-TR007627
S1-TR014475	S2-TR007571
S1-TR014476	S3-TR007628
S1-TR014477	
S1-TR014478	S2-TR007572,S3-TR007629
S1-TR014479	S2-TR007573
S1-TR014480	
S1-TR014481	S3-TR007630
S1-TR014482	
S1-TR014483	S2-TR007574
S1-TR014484	S3-TR007631
S1-TR014485	S2-TR007575,S3-TR007632
S1-TR014486	S2-TR007576
S1-TR014487	S3-TR007633
S1-TR014488	S2-TR007577
S1-TR014489	S3-TR007634
S1-TR014490	S2-TR007578
S1-TR014491	S2-TR007579,S3-TR007635
S1-TR014492	S2-TR007580,S3-TR007636
S1-TR014493	
S1-TR014494	
S1-TR014495	S2-TR007581
S1-TR014496	S2-TR007582,S3-TR007637
S1-TR014497	S2-TR007583,S3-TR007638
S1-TR014498	S2-TR007584,S3-TR007639
S1-TR014499	S3-TR007640
S1-TR014500	S2-TR007585
S1-TR014501	S2-TR007586,S3-TR007641
S1-TR014502	S2-TR007587
S1-TR014503	S2-TR007588,S3-TR007642
S1-TR014504	S2-TR007589
S1-TR014505	S2-TR007590,S3-TR007643
S1-TR014506	S3-TR007644
S1-TR014507	S2-TR007591
S1-TR014508	S2-TR007592
S1-TR014509	S2-TR007593
S1-TR014510	S2-TR007594
S1-TR014511	S2-TR007595,S3-TR007645
S1-TR014512	S3-TR007646
S1-TR014513	S3-TR007647
S1-TR014514	S2-TR007596
S1-TR014515	S2-TR007597,S3-TR007648
S1-TR014516	S2-TR007598
S1-TR014517	
S1-TR014518	S3-TR007649
S1-TR014519	
S1-TR014520	
S1-TR014521	S2-TR007599,S3-TR007650
S1-TR014522	S2-TR007600,S3-TR007651
S1-TR014523	S3-TR007652
S1-TR014524	S2-TR007601
S1-TR014525	
S1-TR014526	S3-TR007653
S1-TR014527	S2-TR007602
S1-TR014528	
S1-TR014529	S2-TR007603,S3-TR007654
S1-TR014530	
S1-TR014531	S2-TR007604
S1-TR014532	S3-TR007655
S1-TR014533	S2-TR007605,S3-TR007656
S1-TR014534	
S1-TR014535	S2-TR007606
S1-TR014536	
S1-TR014537	S2-TR007607
S1-TR014538	
S1-TR014539	
S1-TR014540	S3-TR007657
S1-TR014541	S2-TR007608,S3-TR007658
S1-TR014542	S2-TR007609
S1-TR014543	S2-TR007610
S1-TR014544	S3-TR007659
S1-TR014545	S2-TR007611
S1-TR014546	S2-TR007612
S1-TR014547	S2-TR007613,S3-TR007660
S1-TR014548	S2-TR007614,S3-TR007661
S1-TR014549	S3-TR007662
S1-TR014550	
S1-TR014551	S2-TR007615,S3-TR007663
S1-TR014552	S2-TR007616
S1-TR014553	S2-TR007617
S1-TR014554	S2-TR007618,S3-TR007664
S1-TR014555	S2-TR007619,S3-TR007665
S1-TR014556	
S1-TR014557	
S1-TR014558	S3-TR007666
S1-TR014559	S2-TR007620,S3-TR007667
S1-TR014560	S3-TR007668
S1-TR014561	
S1-TR014562	S3-TR007669
S1-TR014563	S3-TR007670
S1-TR014564	S2-TR007621,S3-TR007671
S1-TR014565	S2-TR007622
S1-TR014566	S2-TR007623
S1-TR014567	S3-TR007672
S1-TR014568	S3-TR007673
S1-TR014569	S3-TR007674
S1-TR014570	S2-TR007624
S1-TR014571	S2-TR007625
S1-TR014572	S2-TR007626,S3-TR007675
S1-TR014573	S3-TR007676
S1-TR014574	S2-TR007627
S1-TR014575	S2-TR007628,S3-TR007677
S1-TR014576	S3-TR007678
S1-TR014577	S3-TR007679
S1-TR014578	S2-TR007629
S1-TR014579	S2-TR007630,S3-TR007680
S1-TR014580	S3-TR007681
S1-TR014581	
S1-TR014582	
S1-TR014583	S2-TR007631,S3-TR007682
S1-TR014584	S2-TR007632
S1-TR014585	S2-TR007633,S3-TR007683
S1-TR014586	S2-TR007634
S1-TR014587	S2-TR007635
S1-TR014588	S2-TR007636,S3-TR007684
S1-TR014589	S2-TR007637
S1-TR014590	
S1-TR014591	S3-TR007685
S1-TR014592	S2-TR007638,S3-TR007686
S1-TR014593	S2-TR007639,S3-TR007687
S1-TR014594	S2-TR007640
S1-TR014595	S2-TR007641
S1-TR014596	S3-TR007688
S1-TR014597	
S1-TR014598	S3-TR007689
S1-TR014599	S2-TR007642
S1-TR014600	S2-TR007643,S3-TR007690
S1-TR014601	S3-TR007691
S1-TR014602	S2-TR007644,S3-TR007692
S1-TR014603	S2-TR007645,S3-TR007693
S1-TR014604	S2-TR007646
S1-TR014605	S3-TR007694
S1-TR014606	S3-TR007695
S1-TR014607	S3-TR007696
S1-TR014608	S2-TR007647,S3-TR007697
S1-TR014609	
S1-TR014610	
S1-TR014611	S2-TR007648,S3-TR007698
S1-TR014612	S2-TR007649,S3-TR007699
S1-TR014613	S3-TR007700
S1-TR014614	S3-TR007701
S1-TR014615	S3-TR007702
S1-TR014616	S2-TR007650
S1-TR014617	S2-TR007651,S3-TR007703
S1-TR014618	S3-TR007704
S1-TR014619	S2-TR007652,S3-TR007705
S1-TR014620	S2-TR007653
S1-TR014621	S2-TR007654,S3-TR007706
S1-TR014622	S3-TR007707
S1-TR014623	
S1-TR014624	S2-TR007655,S3-TR007708
S1-TR014625	S2-TR007656,S3-TR007709
S1-TR014626	S3-TR007710
S1-TR014627	S2-TR007657,S3-TR007711
S1-TR014628	
S1-TR014629	S3-TR007712
S1-TR014630	S2-TR007658
S1-TR014631	S2-TR007659
S1-TR014632	S3-TR007713
S1-TR014633	
S1-TR014634	S3-TR007714
S1-TR014635	S2-TR007660
S1-TR014636	S3-TR007715
S1-TR014637	S2-TR007661,S3-TR007716
S1-TR014638	S3-TR007717
S1-TR014639	S2-TR007662,S3-TR007718
S1-TR014640	S2-TR007663
S1-TR014641	S3-TR007719
S1-TR014642	S2-TR007664
S1-TR014643	S2-TR007665,S3-TR007720
S1-TR014644	S2-TR007666
S1-TR014645	S2-TR007667
S1-TR014646	S3-TR007721
S1-TR014647	S2-TR007668,S3-TR007722
S1-TR014648	S3-TR007723
S1-TR014649	
S1-TR014650	
S1-TR014651	S3-TR007724
S1-TR014652	S2-TR007669
S1-TR014653	
S1-TR014654	S2-TR007670,S3-TR007725
S1-TR014655	S3-TR007726
S1-TR014656	
S1-TR014657	S3-TR007727
S1-TR014658	S2-TR007671,S3-TR007728
S1-TR014659	S2-TR007672,S3-TR007729
S1-TR014660	S2-TR007673,S3-TR007730
S1-TR014661	S3-TR007731
S1-TR014662	S3-TR007732
S1-TR014663	S2-TR007674,S3-TR007733
S1-TR014664	S3-TR007734
S1-TR014665	
S1-TR014666	
S1-TR014667	S2-TR007675,S3-TR007735
S1-TR014668	
S1-TR014669	S3-TR007736
S1-TR014670	S2-TR007676
S1-TR014671	S2-TR007677
S1-TR014672	S3-TR007737
S1-TR014673	S3-TR007738
S1-TR014674	S2-TR007678,S3-TR007739
S1-TR014675	
S1-TR014676	
S1-TR014677	S3-TR007740
S1-TR014678	S2-TR007679,S3-TR007741
S1-TR014679	S2-TR007680
S1-TR014680	
S1-TR014681	S2-TR007681
S1-TR014682	S3-TR007742
S1-TR014683	S3-TR007743
S1-TR014684	S2-TR007682,S3-TR007744
S1-TR014685	S2-TR007683
S1-TR014686	S3-TR007745
S1-TR014687	S2-TR007684
S1-TR014688	S3-TR007746
S1-TR014689	
S1-TR014690	
S1-TR014691	
S1-TR014692	S2-TR007685,S3-TR007747
S1-TR014693	S2-TR007686
S1-TR014694	
S1-TR014695	S3-TR007748
S1-TR014696	
S1-TR014697	S2-TR007687
S1-TR014698	S3-TR007749
S1-TR014699	S2-TR007688
S1-TR014700	S3-TR007750
S1-TR014701	
S1-TR014702	
S1-TR014703	
S1-TR014704	S2-TR007689
S1-TR014705	S2-TR007690
S1-TR014706	S2-TR007691,S3-TR007751
S1-TR014707	
S1-TR014708	S2-TR007692,S3-TR007752
S1-TR014709	S2-TR007693
S1-TR014710	S2-TR007694,S3-TR007753
S1-TR014711	S2-TR007695,S3-TR007754
S1-TR014712	S2-TR007696,S3-TR007755
S1-TR014713	S2-TR007697
S1-TR014714	S3-TR007756
S1-TR014715	S2-TR007698,S3-TR007757
S1-TR014716	S2-TR007699
S1-TR014717	
S1-TR014718	S2-TR007700
S1-TR014719	S2-TR007701,S3-TR007758
S1-TR014720	S2-TR007702,S3-TR007759
S1-TR014721	S3-TR007760
S1-TR014722	S3-TR007761
S1-TR014723	S2-TR007703,S3-TR007762
S1-TR014724	
S1-TR014725	S2-TR007704
S1-TR014726	S2-TR007705,S3-TR007763
S1-TR014727	S2-TR007706
S1-TR014728	S2-TR007707
S1-TR014729	S2-TR007708
S1-TR014730	S2-TR007709,S3-TR007764
S1-TR014731	S3-TR007765
S1-TR014732	S2-TR007710,S3-TR007766
S1-TR014733	S2-TR007711,S3-TR007767
S1-TR014734	
S1-TR014735	S2-TR007712,S3-TR007768
S1-TR014736	S2-TR007713,S3-TR007769
S1-TR014737	S2-TR007714,S3-TR007770
S1-TR014738	S2-TR007715
S1-TR014739	S2-TR007716,S3-TR007771
S1-TR014740	S2-TR007717,S3-TR007772
S1-TR014741	S3-TR007773
S1-TR014742	
S1-TR014743	S2-TR007718,S3-TR007774
S1-TR014744	
S1-TR014745	S3-TR007775
S1-TR014746	S2-TR007719,S3-TR007776
S1-TR014747	S2-TR007720,S3-TR007777
S1-TR014748	S2-TR007721
S1-TR014749	S3-TR007778
S1-TR014750	
S1-TR014751	
S1-TR014752	S2-TR007722
S1-TR014753	S2-TR007723,S3-TR007779
S1-TR014754	S2-TR007724
S1-TR014755	S3-TR007780
S1-TR014756	S2-TR007725,S3-TR007781
S1-TR014757	
S1-TR014758	S3-TR007782
S1-TR014759	
S1-TR014760	S2-TR007726
S1-TR014761	S3-TR007783
S1-TR014762	S3-TR007784
S1-TR014763	S2-TR007727,S3-TR007785
S1-TR014764	S2-TR007728
S1-TR014765	S2-TR007729,S3-TR007786
S1-TR014766	S2-TR007730
S1-TR014767	S2-TR007731,S3-TR007787
S1-TR014768	S2-TR007732
S1-TR014769	S2-TR007733
S1-TR014770	S3-TR007788
S1-TR014771	
S1-TR014772	
S1-TR014773	S3-TR007789
S1-TR014774	S2-TR007734
S1-TR014775	S3-TR007790
S1-TR014776	S3-TR007791
S1-TR014777	S2-TR007735,S3-TR007792
S1-TR014778	S3-TR007793
S1-TR014779	S2-TR007736
S1-TR014780	S2-TR007737
S1-TR014781	S2-TR007738
S1-TR014782	
S1-TR014783	S2-TR007739
S1-TR014784	S2-TR007740,S3-TR007794
S1-TR014785	S2-TR007741
S1-TR014786	S3-TR007795
S1-TR014787	S2-TR007742
S1-TR014788	S3-TR007796
S1-TR014789	S2-TR007743,S3-TR007797
S1-TR014790	S2-TR007744,S3-TR007798
S1-TR014791	S2-TR007745
S1-TR014792	S2-TR007746
S1-TR014793	
S1-TR014794	S2-TR007747,S3-TR007799
S1-TR014795	S2-TR007748
S1-TR014796	S2-TR007749,S3-TR007800
S1-TR014797	
S1-TR014798	S3-TR007801
S1-TR014799	S2-TR007750,S3-TR007802
S1-TR014800	S3-TR007803
S1-TR014801	S2-TR007751,S3-TR007804
S1-TR014802	S2-TR007752
S1-TR014803	S2-TR007753
S1-TR014804	S3-TR007805
S1-TR014805	
S1-TR014806	S2-TR007754,S3-TR007806
S1-TR014807	S2-TR007755,S3-TR007807
S1-TR014808	S2-TR007756,S3-TR007808
S1-TR014809	
S1-TR014810	S3-TR007809
S1-TR014811	S3-TR007810
S1-TR014812	S2-TR007757
S1-TR014813	S3-TR007811
S1-TR014814	S2-TR007758,S3-TR007812
S1-TR014815	S3-TR007813
S1-TR014816	S3-TR007814
S1-TR014817	S2-TR007759
S1-TR014818	S2-TR007760,S3-TR007815
S1-TR014819	S2-TR007761,S3-TR007816
S1-TR014820	S3-TR007817
S1-TR014821	S3-TR007818
S1-TR014822	
S1-TR014823	S2-TR007762,S3-TR007819
S1-TR014824	S3-TR007820
S1-TR014825	S2-TR007763,S3-TR007821
S1-TR014826	S3-TR007822
S1-TR014827	
S1-TR014828	S3-TR007823
S1-TR014829	S2-TR007764,S3-TR007824
S1-TR014830	
S1-TR014831	S3-TR007825
S1-TR014832	S3-TR007826
S1-TR014833	S3-TR007827
S1-TR014834	S2-TR007765,S3-TR007828
S1-TR014835	S2-TR007766,S3-TR007829
S1-TR014836	S2-TR007767,S3-TR007830
S1-TR014837	S2-TR007768
S1-TR014838	S3-TR007831
S1-TR014839	S2-TR007769,S3-TR007832
S1-TR014840	
S1-TR014841	
S1-TR014842	S2-TR007770
S1-TR014843	S2-TR007771
S1-TR014844	S2-TR007772
S1-TR014845	S3-TR007833
S1-TR014846	S2-TR007773,S3-TR007834
S1-TR014847	S3-TR007835
S1-TR014848	S2-TR007774,S3-TR007836
S1-TR014849	S3-TR007837
S1-TR014850	S2-TR007775,S3-TR007838
S1-TR014851	S2-TR007776
S1-TR014852	S2-TR007777,S3-TR007839
S1-TR014853	
S1-TR014854	S2-TR007778
S1-TR014855	
S1-TR014856	
S1-TR014857	S3-TR007840
S1-TR014858	S2-TR007779,S3-TR007841
S1-TR014859	S2-TR007780
S1-TR014860	S2-TR007781,S3-TR007842
S1-TR014861	
S1-TR014862	S3-TR007843
S1-TR014863	S3-TR007844
S1-TR014864	
S1-TR014865	S3-TR007845
S1-TR014866	S3-TR007846
S1-TR014867	S2-TR007782
S1-TR014868	S2-TR007783,S3-TR007847
S1-TR014869	
S1-TR014870	S2-TR007784,S3-TR007848
S1-TR014871	S3-TR007849
S1-TR014872	S3-TR007850
S1-TR014873	S3-TR007851
S1-TR014874	S3-TR007852
S1-TR014875	S2-TR007785,S3-TR007853
S1-TR014876	S3-TR007854
S1-TR014877	S3-TR007855
S1-TR014878	S2-TR007786,S3-TR007856
S1-TR014879	S3-TR007857
S1-TR014880	S3-TR007858
S1-TR014881	S2-TR007787
S1-TR014882	S3-TR007859
S1-TR014883	S2-TR007788
S1-TR014884	
S1-TR014885	
S1-TR014886	S2-TR007789
S1-TR014887	S3-TR007860
S1-TR014888	S2-TR007790,S3-TR007861
S1-TR014889	S2-TR007791,S3-TR007862
S1-TR014890	S3-TR007863
S1-TR014891	S2-TR007792,S3-TR007864
S1-TR014892	S2-TR007793
S1-TR014893	S2-TR007794
S1-TR014894	
S1-TR014895	S2-TR007795,S3-TR007865
S1-TR014896	S2-TR007796,S3-TR007866
S1-TR014897	S2-TR007797
S1-TR014898	S2-TR007798
S1-TR014899	S2-TR007799,S3-TR007867
S1-TR014900	S2-TR007800,S3-TR007868
S1-TR014901	S2-TR007801
S1-TR014902	S3-TR007869
S1-TR014903	S3-TR007870
S1-TR014904	S2-TR007802
S1-TR014905	S3-TR007871
S1-TR014906	S2-TR007803
S1-TR014907	S3-TR007872
S1-TR014908	
S1-TR014909	S2-TR007804,S3-TR007873
S1-TR014910	S2-TR007805,S3-TR007874
S1-TR014911	S3-TR007875
S1-TR014912	S2-TR007806,S3-TR007876
S1-TR014913	S2-TR007807,S3-TR007877
S1-TR014914	S3-TR007878
S1-TR014915	S2-TR007808
S1-TR014916	
S1-TR014917	S2-TR007809
S1-TR014918	S2-TR007810
S1-TR014919	S3-TR007879
S1-TR014920	S3-TR007880
S1-TR014921	
S1-TR014922	S2-TR007811,S3-TR007881
S1-TR014923	S2-TR007812
S1-TR014924	S3-TR007882
S1-TR014925	S3-TR007883
S1-TR014926	S3-TR007884
S1-TR014927	S2-TR007813,S3-TR007885
S1-TR014928	S2-TR007814
S1-TR014929	
S1-TR014930	
S1-TR014931	S2-TR007815
S1-TR014932	S3-TR007886
S1-TR014933	S3-TR007887
S1-TR014934	S3-TR007888
S1-TR014935	
S1-TR014936	
S1-TR014937	
S1-TR014938	S2-TR007816
S1-TR014939	S2-TR007817,S3-TR007889
S1-TR014940	S2-TR007818
S1-TR014941	S2-TR007819
S1-TR014942	S3-TR007890
S1-TR014943	
S1-TR014944	S3-TR007891
S1-TR014945	S2-TR007820
S1-TR014946	S3-TR007892
S1-TR014947	S2-TR007821
S1-TR014948	S2-TR007822,S3-TR007893
S1-TR014949	S3-TR007894
S1-TR014950	S3-TR007895
S1-TR014951	S3-TR007896
S1-TR014952	S2-TR007823,S3-TR007897
S1-TR014953	S2-TR007824
S1-TR014954	S2-TR007825,S3-TR007898
S1-TR014955	S2-TR007826
S1-TR014956	S2-TR007827
S1-TR014957	
S1-TR014958	S3-TR007899
S1-TR014959	S2-TR007828,S3-TR007900
S1-TR014960	
S1-TR014961	S3-TR007901
S1-TR014962	S2-TR007829,S3-TR007902
S1-TR014963	S3-TR007903
S1-TR014964	
S1-TR014965	S2-TR007830
S1-TR014966	S2-TR007831
S1-TR014967	S3-TR007904
S1-TR014968	S3-TR007905
S1-TR014969	S2-TR007832,S3-TR007906
S1-TR014970	S3-TR007907
S1-TR014971	S2-TR007833
S1-TR014972	
S1-TR014973	S3-TR007908
S1-TR014974	S2-TR007834
S1-TR014975	S3-TR007909
S1-TR014976	S3-TR007910
S1-TR014977	S2-TR007835
S1-TR014978	S3-TR007911
S1-TR014979	S2-TR007836
S1-TR014980	
S1-TR014981	S2-TR007837,S3-TR007912
S1-TR014982	S2-TR007838
S1-TR014983	S3-TR007913
S1-TR014984	S2-TR007839,S3-TR007914
S1-TR014985	S2-TR007840,S3-TR007915
S1-TR014986	
S1-TR014987	S3-TR007916
S1-TR014988	S2-TR007841
S1-TR014989	S3-TR007917
S1-TR014990	S2-TR007842,S3-TR007918
S1-TR014991	
S1-TR014992	
S1-TR014993	S3-TR007919
S1-TR014994	S3-TR007920
S1-TR014995	S2-TR007843
S1-TR014996	S2-TR007844,S3-TR007921
S1-TR014997	S3-TR007922
S1-TR014998	S2-TR007845
S1-TR014999	S3-TR007923
S1-TR015000	S3-TR007924
